address,balance,tx_count,updatedAt,balanceUSD
1143t96LASL6q6UMAJKQKd5BLkeV6Q19ys,300000000,1,2021-09-22T20:55:21.040Z,1251.5310060000002
113DQh713pR9rsEWTgae9DGfVzY5f17Sbj,200000000,1,2021-09-22T20:55:21.117Z,1220.871948
11382a48qWatCiSqVNBFzuKN91M7Dcdev,50000000,1,2021-09-22T20:55:21.434Z,205.222
1123pJv8jzeFQaCV4w644pzQJzVWay2zcA,100000000,1,2021-09-22T20:55:21.981Z,452.727997
114DARz595UwHRrWjR2mufuUCBifgHTHEw,50000000,1,2021-09-22T20:55:22.140Z,218.5820005
115znkek4VL6yyBrC6nTu1td4D9n4kbgnk,1006531,1,2021-09-22T20:55:22.297Z,4.19552303645097
112AmFATxzhuSpvtz1hfpa3Zrw3BG276pc,50000000,1,2021-09-22T20:55:22.536Z,212.0149995
112wjYgWapZU8gTPR7hLoKq8iEh496vKxP,550000000,1,2021-09-22T20:55:22.700Z,3331.3114615
112igisnkkrR2rPgujxhBkTELajuNYxq8Z,1000975,1,2021-09-22T20:55:22.943Z,6.7352005641365
11445ybEvoBuFCnaYGni4KQDgKRZ3huiJX,50000000,1,2021-09-22T20:55:23.022Z,206.9859925
114BqWjEYTXuVzFAEc4qdz72j3muFPMSfH,100020000,2,2021-09-22T20:55:23.260Z,422.4574605972
115j3623Lx42gyC1h9EygmcqH6m6bgDiKy,150000000,1,2021-09-22T20:55:23.494Z,662.0835119999999
1169bxadw4JaEe34sNhcDz38AugtLGp965,250000000,1,2021-09-22T20:55:51.990Z,1480.2575675
114T9gEoJ7G9LGoAL9wDT1nBGGQm3hiSJy,410000000,1,2021-09-22T20:55:23.881Z,1831.5601385
114ngXYgYz3gLAaumxKUZM42KR4HzsDdjn,300000000,1,2021-09-22T20:55:24.170Z,1272.692964
115ia9StrwWqT6xJ9Sd92hm6rA4EBPsE3W,50000000,1,2021-09-22T20:55:24.331Z,208.4149935
114TqRY9x6byYf5HZcBdoDfHUZX68tdgTG,510000000,1,2021-09-22T20:55:25.204Z,2320.9946234999998
11697Zq8pAWXEXAbh2zvPTfVt6Vn7DAMzw,150000000,1,2021-09-22T20:55:25.603Z,682.6454775
1131P1hjj7h9NinHRCkNwGFifK4gGoe5EF,500000000,1,2021-09-22T20:55:25.688Z,2122.72003
1136MFiqBmoVWpqWr1okF3D5XMabwVLB5z,101000000,1,2021-09-22T20:55:26.014Z,432.87691303
113QcTeGajE3YMKU1JD7QMRgkuKFFsHkiG,50057953,1,2021-09-22T20:55:26.092Z,219.6532986072581
1129TSjKtx65E35GiUo4AYVeyo48twbrGX,200000000,1,2021-09-22T20:55:26.801Z,1155.521972
112GocBgFSnaote6krx828qaockFraD8mp,50000000,1,2021-09-22T20:55:27.325Z,211.994507
1154LSM4xWaAY8shZj7jdmP4coWKD16S5f,410000000,1,2021-09-22T20:55:28.178Z,1707.2154491999997
1156mWEnJ8gK9kn2UdpPUcavyqC39mZxPw,300000000,1,2021-09-22T20:55:28.524Z,1343.9280390000001
113y9h8ch6wASL3DE4WDysDVxXa4LsNkH3,400000000,1,2021-09-22T20:55:28.606Z,1666.063964
112bgquxJZDPuQiXG8tsS7B8ER6rEetrAw,50000000,2,2021-09-22T20:55:28.769Z,215.194197392
115vefbFY2PCL4cYAoCcCB4TcjUGnrgLKw,100000000,1,2021-09-22T20:55:29.011Z,437.747986
127M2VSzFNghk8sZs33vDcTZT5cxndenqS,50000000,1,2021-09-22T20:55:47.545Z,206.6535035
125YGMHAvJ9EQZhwJTaENhQcaeuqgbHK8J,400000000,1,2021-09-22T20:55:47.800Z,2564.288084
128mpaTzac6LueCWJbFABubxho8bppMCCh,150000000,1,2021-09-22T20:55:47.879Z,689.4044955
1263vfRQB4z86JdLQZA7DEmRgxNsvRNuzm,300000000,1,2021-09-22T20:55:47.957Z,1837.532958
122w6H5sV2h9dyAwk4rcedF4piGnzmbFFN,200000000,1,2021-09-22T20:55:48.272Z,1308.936036
12aG56SE7MiPEzNZGsrGj7uBwWHhRhqFrj,300000000,1,2021-09-22T20:55:48.426Z,1250.489961
122xQbcFm6jfrtwfGHdxCdGrmwvUuNXJft,200000000,1,2021-09-22T20:55:49.075Z,833.031982
12AG1UgkMsrt5gzdAtadtQfEpjqQV5AQyM,100000000,1,2021-09-22T20:55:49.243Z,422.372986
128KyTpc8uFJjH3TkqqWjHf4EtqLBqj1Kf,410000000,1,2021-09-22T20:55:49.968Z,1713.5745286999997
12524A8PP7PFcDXa9BpGHqhPuVcciCvCn8,50000000,1,2021-09-22T20:55:50.284Z,212.272003
127ZmcfEjQPN3VF7YiRXznRuSP9XFLRTvx,400000000,1,2021-09-22T20:55:51.013Z,2436.90796
1231w7pJYCa9W9qBSJYNBp6QrTaCSV6YuD,400000000,1,2021-09-22T20:55:51.088Z,2426.360108
129UJgwpPveL6GUHEdHnKNmGACkuMDZfpx,300000000,1,2021-09-22T20:55:51.170Z,1824.936036
125AoxRRMZz5GpASK5sCChATKfNvbSzBF5,100000000,1,2021-09-22T20:55:51.349Z,416.394012
127gTQMvKxn5r6EhmigwXy27R1rBGtJ2Vq,50000000,1,2021-09-22T20:55:51.563Z,291.707489
124jbjnjjy8t42BDmaBd8kx6fJc2CTfdeE,200000000,1,2021-09-22T20:55:51.641Z,900.607972
127TntHYgrASVmoRNnbr1KRBGyMdjA7nxP,100000000,1,2021-09-22T20:55:51.718Z,417.177002
127y4JUM7GDWsRB8FnF6SFKPEYBcwiNC48,200000000,1,2021-09-22T20:55:52.070Z,1151.073974
121QX41wBNYsmSFEGQ4qnRpNPSai3sUSMZ,250000000,1,2021-09-22T20:55:52.150Z,1532.55249
11UC4DMzTR1qQnNEHs9XpotWYAmzs6nBM,50000000,1,2021-09-22T20:55:52.409Z,216.076004
123VWsgKcx1cjn5KBepCV26hFXu7TcWfSY,50000000,1,2021-09-22T20:55:52.653Z,210.310501
12aJv7J7Y1cHekzXeAEfu8cbtQFeKt7Mk8,100000000,1,2021-09-22T20:55:52.731Z,417.945007
121D2DAFrRGLHoeZDaAT1rjEYj69EknvsT,50000000,1,2021-09-22T20:55:52.809Z,212.4774935
127g7s8yzdHJx75f2Hnb84CRqLR6ykJBAx,150000000,1,2021-09-22T20:55:53.193Z,668.6055
11MvtJdLMh55y3RnS7iPaCra7JS6vZsEF,300000000,1,2021-09-22T20:55:53.798Z,1272.089997
129qSWnnJgaKjqgphitXZJM4us7DghuKEQ,400000000,1,2021-09-22T20:55:53.952Z,2427.892088
127MgKCjtPfBpcjJXQpjmthMmeMsHwC1BQ,100000000,1,2021-09-22T20:55:54.108Z,417.959991
12aDqouMF2C2UVqGnZPW8NnSFTKDjFhoRV,50000000,1,2021-09-22T20:55:54.186Z,208.4149935
129VKWjZX3MErCYXCaYjGgDwcpMAfS9nQq,500000000,1,2021-09-22T20:55:54.269Z,2229.9049400000004
11UUivRcVdRJWymipDPB6WzbxzWmL7a3B,50000000,1,2021-09-22T20:55:54.424Z,219.399002
123zTvjw931gKezg4bMwaBS45YBQjJh3pZ,400000000,3,2021-09-22T20:55:54.503Z,1686.604004
123JmhW8mtaRTJJBHFFNxkuyDyyYmozJTd,150000000,1,2021-09-22T20:55:54.583Z,667.003509
124XtfRqTrw1HP1g15z15cVXB38T3EwUZR,410000000,1,2021-09-22T20:55:54.824Z,1723.4308958999998
11r5p8FPmLu9zw1XjufDcydG3rjQ6tzJc,400000774,3,2021-09-22T20:55:54.901Z,2422.777095547984
126x8kik2WChKXAXQEGzR4akjsWESTWZow,410000000,1,2021-09-22T20:55:55.144Z,1707.2154491999997
1238Mzucsxe7SiDQSssCLQYppFHHqF3zpi,200000000,1,2021-09-22T20:55:55.298Z,1247.95398
121JhGRZGL57JgqXtdsxkUB2kF5Xyz7nPh,400000000,1,2021-09-22T20:55:55.538Z,2438.93994
1224txnU673nCa5Wxa9JHkpGmreTMfknsA,100000000,1,2021-09-22T20:55:55.619Z,418.040985
1246tUptR5e67CG7MAfPtjVpSdM1dCUH2V,150000000,1,2021-09-22T20:55:55.697Z,960.5669865
124EhTSKcd4M1RNisFp7hpkmEj6UEqLq1H,300000000,1,2021-09-22T20:55:55.856Z,1249.547973
121aKu4wARyCjEMrpWb9VfSnF9DWbjjVgn,400000000,1,2021-09-22T20:55:55.933Z,2403.303956
129VXFYAjmgijAc2bL9mAPyr25FqMYLymQ,50000000,1,2021-09-22T20:55:56.086Z,210.310501
126oNycBsQTyAunbn53nUS5q1wm6BSG85Y,150000000,1,2021-09-22T20:55:56.166Z,667.003509
129nsZZr79dNfr9fKSGqeAgTBBqCVvMyKU,50000000,1,2021-09-22T20:55:56.246Z,208.1609955
1234KPsuDZ6n6htPvxYRyzc4ND9iyBGhkY,50000000,1,2021-09-22T20:55:56.324Z,229.2680055
1233d91rHpBN8spVJqv42syB72Jzf1gGJb,200000000,1,2021-09-22T20:55:56.643Z,1166.829956
125DU467DRf6JBvS2Q49jsYdY4ZvVGBbUc,410939493,1,2021-09-22T20:55:56.722Z,2406.4124116909743
124ap6uHgT5MeB1L5FPUENhQ2DdG4boyy3,250000000,1,2021-09-22T20:55:56.801Z,1629.4599925
121XywrM8cRm2wcccPU7AbGxAAudHukiQL,300000000,1,2021-09-22T20:55:56.878Z,1732.317078
125YW2ptUaSzt6p3R7bvBCivbVJcLEeJQH,200000000,1,2021-09-22T20:55:57.037Z,1346.67395
12jQEYPivSG9dqyx6JbMHuK8FhAssPmSLq,50000000,1,2022-04-03T19:57:00.613Z,208.505493
12Fu5yYkojQGV791ttX27CgLjXXhq4RyBo,150000000,1,2022-04-03T19:57:00.629Z,664.0139925
12G8Yx421ebY5N6cZh8D1uiMFU2mN3GGTn,250000000,1,2022-04-03T19:56:59.791Z,1599.7250374999999
12HFpi9TYn6dMwXzKVcX4B8iXR1LRYBRtU,100980000,2,2022-04-03T19:56:59.691Z,426.5122412628
12KRM1AWFjrY3NUe4SBg9AraDDPbYGYzc3,300000000,1,2022-04-03T19:56:59.751Z,1254.1229549999998
12bn3LoWmNe9xqYrphf3VT6B4gd4aJZ74F,200000000,1,2021-09-22T20:55:48.034Z,1303.567994
12c3fnMcdZA4GXvcn5SD49WUAqtDp9rdjY,300000000,1,2021-09-22T20:55:48.196Z,1857.3239130000002
12b3pCCdEpygZKxmFaBJrKzZZY8jDXXGJD,200000000,1,2021-09-22T20:55:48.350Z,893.44397
12jXM2QhRFYKHmrmUByUJNub3XZ5Wm6goJ,1134379,1,2022-04-03T19:56:59.826Z,7.551390823462419
12bQFW5C1JcB2QxW1WWR2t6msCX1Lvp5FR,400000000,1,2021-09-22T20:55:48.506Z,1672.355956
12CSGaBgV2wLCfrHaUYb9c1qquaKZhWVLn,300000000,1,2021-09-22T20:55:48.584Z,1820.156982
12EDPfSwb8B9j8tVrnX79tgo1TfYp6gwy5,50000000,1,2021-09-22T20:55:48.663Z,212.115494
12exGxjehGRW2DLfSdWcda1UTzsCz4CTYD,300000000,1,2021-09-22T20:55:48.843Z,1788.8939219999997
12KEGoGCuxJQft5JnkupbLvtYqsraxBgGt,100020000,1,2022-04-03T19:57:00.644Z,454.7099117976
12EcxFEe9wV1k5adwHF3PqC446hpEe2AUM,150000000,1,2021-09-22T20:55:48.921Z,656.621979
12KXG7xgpBram9UhSeKRs4CrCmSoUZdvSY,400000000,1,2022-04-03T19:56:59.936Z,1657.284056
12BBafApDponRH9K3RDtaZDxLLGFYwFXZt,200000000,1,2021-09-22T20:55:48.997Z,1326.51001
12dYPYZYea6wd5vLyJGCmcrWQdZ1kyffR5,1069775,1,2021-09-22T20:55:49.322Z,4.73563712551125
12b2cm2Ae6qqcHknAommf9Nfrv49ddeLzU,100000000,1,2021-09-22T20:55:49.401Z,416.394012
12B3hpaiiut347Tny1CAtaCWD9Lk2umG8y,250000000,2,2021-09-22T20:55:49.481Z,1480.2575674999998
12Czkbx8EyxXvw3n8uzqBsdDVWH2HGYmPQ,100000000,1,2021-09-22T20:55:49.562Z,416.321991
12jwpV1kXEQbJTab2R9N473k2nkdXzBt3Q,410000000,1,2022-04-03T19:57:00.028Z,1827.5217
12EPHagaxXP7AupvMJrCRavYgbQUyEEbNv,250000000,1,2021-09-22T20:55:49.647Z,1683.3424375000002
12iY6mnQQ6f2F9Tdzo6pC37fbwynqavGYP,100127000,1,2022-04-03T19:57:00.007Z,415.38685718095
12JojLremH3kijC7HDJmU9HPywJkb8TuyX,150000000,1,2022-04-03T19:56:59.968Z,679.0919955
12J48akNg2xSPaN1w4qaCY5JbFFivifoEB,100000000,1,2022-04-03T19:57:00.692Z,416.321991
12CjwjM6iQKYYdDACUxxujR7PXXHbqxBoH,1001753,1,2021-09-22T20:55:49.890Z,4.23486066976235
12b8UJc1JwX7EBLN85rWy5sJz6KEWEXgYf,400000000,1,2021-09-22T20:55:50.048Z,2627.968016
12hSEE3DvDVBXcynvKzdXiqH1GZQfwYgs1,200000000,1,2022-04-03T19:57:00.729Z,1150.08606
12G63G3queMBrXtFHeVjaJsESf3nQATdKR,50000000,1,2022-04-03T19:57:00.710Z,212.4774935
12E1X1NN6td5rMGxbi8Qu95V85HMVjdnCu,700010000,2,2021-09-22T20:55:50.126Z,2915.1075597988
12hjy3wGbiSqY6pVsTMsiNQGX2p6raiEF7,400000000,1,2022-04-03T19:57:00.792Z,1728.608032
12BTLjaCN8W3m48zT9KN375Udx6pZRq1A6,500000000,1,2021-09-22T20:55:50.366Z,2650.19989
12kYguqdbM5sXn5mzzAp2ZLrjf1DtMuhXU,400000000,1,2022-04-03T19:57:00.808Z,2368.412108
12FQZBebt7nQgA7VubbGHQzKbUTjk9Avny,300000000,2,2021-09-22T20:55:50.450Z,1817.0801394559032
12FeS5SoyiZ389E28xjF1jymdCyscQ6UFS,150000000,1,2021-09-22T20:55:50.533Z,690.724503
12eJfeiZE88imfQ5VojT94zNH4Fwdtyvz1,300000000,1,2021-09-22T20:55:50.612Z,1857.3239130000002
12BuHEuvsxaKsnVxUqi9p5HRiraQPzzEdX,400000000,1,2021-09-22T20:55:50.691Z,2297.271972
12dTv7rwyo5NzXRPriFS5m5seNv43CzWvy,550000000,1,2021-09-22T20:55:50.774Z,3256.5666485
12hKrcrcE5sYXJ1Z7MiYzL9QTJ1t12jsZu,300000000,1,2022-04-03T19:57:00.826Z,1384.277985
12KB6V13iX9ifNZKd6CdKJQYaEnCLqPa4K,50000000,1,2022-04-03T19:57:00.076Z,208.4149935
12bh99VY4p4nmtCv5d7A6eXbznhauPjYut,200000000,1,2021-09-22T20:55:51.438Z,829.71997
12eAuN4MKXkcfq8bfUQztzqSePP1ndkvo4,50000000,1,2021-09-22T20:55:51.795Z,208.505493
12HWuunf1mia9Y8QrgpeMU5tcT8UBvDETS,100000000,1,2022-04-03T19:57:00.859Z,454.765991
12kVzMMhb7DGfj2vfiq1Sm6dUgxygMRFAC,400000000,1,2022-04-03T19:57:00.151Z,1750.787964
12h6RZhVb9bgeFHwn1Xgj8rXMmwpXdiTsH,50000000,1,2022-04-03T19:57:00.928Z,208.588501
12hV278qMEMKFPcg4Jn7ZKLZtyHqe4Rb3A,410000000,1,2022-04-03T19:57:00.913Z,1708.5889163999998
12h15LYGNg69ERJbB42Pzs3G5sx7mjGdq7,100000000,1,2022-04-03T19:57:00.135Z,435.509003
12Fir7HBqaffoLKuuVstr6BFGtp7kWGCQV,300000000,1,2021-09-22T20:55:52.229Z,1820.919066
12kjexTBAExJeXxmB3zxiyGEEFLxQk75q3,50000000,1,2022-04-03T19:57:00.172Z,208.505493
12jWVeTJ4AnHDnQYoDXDRhMsvHWRHpVggN,80224784,1,2022-04-03T19:57:00.208Z,373.9188846730338
12HLYh3LKiRzEZbk3XZnGMbduV85BgUbGo,300000000,1,2022-04-03T19:57:00.881Z,1251.5310060000002
12ezbzfMUrmZQHtJjPQVimevnB2N7vUi7A,200000000,1,2021-09-22T20:55:52.496Z,1346.67395
12CVqjuLfa8bxE8GazRvBdTF2eJJ9tqPj4,300000000,1,2021-09-22T20:55:52.573Z,1253.8350209999999
12Hjq6mzUdxa3vUEQyPnEKKxneV24p7Qk2,150000000,1,2022-04-03T19:57:00.949Z,630.5234985
12Ky1aDHWfJrT2HfTNtXMc9CtDYHsv1s6c,300000000,1,2022-04-03T19:57:00.242Z,1808.52594
12LaBFKwXLciXcZMLnMHmn16FR5bksDop2,50000000,1,2022-04-03T19:57:00.262Z,210.310501
12CCkGKGz4jDdFcDqzotoy9J9BtYUGkoHw,100000000,1,2021-09-22T20:55:53.040Z,416.394012
12dxStdBWTdiRpCYDu6vbUyqemxiJLhqmf,300000000,1,2021-09-22T20:55:53.116Z,2031.9929820000002
12fY4hzZdj8RGcghzJqrDeLUHvLTbiMd6C,50980000,2,2022-04-03T19:57:00.279Z,212.5922006628
12ePRqvoRkY5biVFPyp6beExAaWiaZWYhm,100000000,1,2021-09-22T20:55:53.273Z,423.989014
12FgnUoxUrNArYN5L4Ryh6EAcrGNYsUbiD,300000000,1,2021-09-22T20:55:53.644Z,1819.770081
12EbcaUq7pbbrHReE5Lu9EF75HAFjFCRaJ,51000000,1,2021-09-22T20:55:53.721Z,212.32421541000002
12iysBMfBjLKm85UtY29FZvsposP5J5MBw,300000000,1,2022-04-03T19:57:01.086Z,1808.52594
12CC9QvFHonYwFYYS3maCfMEedjcFztCbf,200000000,1,2021-09-22T20:55:53.875Z,1205.25
12GScjxdpNNcoCGhBoJ7qm4VUGzbDFinPd,100000000,1,2022-04-03T19:57:01.119Z,416.394012
12D567vQ9er2GruAd8VvdmyZXQB5Cnu9Wo,510000000,1,2021-09-22T20:55:54.028Z,2131.5195357
12kvNyG7jABWMTrCbVqphNuiBJ5iX4PM9f,50000000,1,2022-04-03T19:57:01.155Z,204.774002
12JnrEpdg6Rb6BXW5dEPnv1FSZgdqyZH4P,100000000,1,2022-04-03T19:57:01.175Z,420.735992
12ifYaYwvLxMiLRz7VaZgPjKTLmcEi2mFK,100000000,1,2022-04-03T19:57:01.104Z,426.765015
12HrNoYikdf6mTcuXUj3fheByMJfmZ8KyQ,200000000,1,2022-04-03T19:57:00.304Z,1220.871948
12ebZCSFvPvkfaHo5E3rQgkQMBvn1ccPK2,51174336,2,2021-09-22T20:55:54.346Z,213.51791458970663
12kgp69XXHpsu7tDyBRwEMQqE6hs9dnWZV,400000000,1,2022-04-03T19:57:01.190Z,1686.604004
12kSeg4cLqziwwAvDntq85rQ3kRtKaXBy6,200000000,1,2022-04-03T19:57:00.363Z,1308.19397
12eUR5SrHWreuWoszK3eSW3sMTvkRMcM35,400000000,1,2021-09-22T20:55:54.662Z,2434.535888
12FdRqJ46XQDPpQbQPjk2PLLV1GGzPecyU,410000000,1,2021-09-22T20:55:54.744Z,1910.9648548999999
12iPgG35UBX9E6ru4Ph7YnE4T3focu69tr,50000000,1,2022-04-03T19:57:01.252Z,204.774002
12GM2RDDWLCpAAzLDNadnvegBgzBiHMHun,400000000,2,2022-04-03T19:57:01.208Z,2455.931884
12fxtpC7v9MuNDukACDsHHYUKxamWTQRsK,150000000,1,2022-04-03T19:57:01.296Z,664.781982
12JJRAxVx5LGTEXi3FKEwbW3LpiPHFcL2H,150000000,1,2022-04-03T19:57:00.438Z,625.0935059999999
12iXWLxjuxre4sbMUtXaseFDU5hff64FLQ,100000000,1,2022-04-03T19:57:00.457Z,449.010986
12jPFFyA11QHK2C9ioNvudmN5gAWrT3GVc,50000000,1,2022-04-03T19:57:00.508Z,204.774002
12hPkHYPvTrjW7Jwi7SUCijDstCoayPjLm,100000000,1,2022-04-03T19:57:01.327Z,596.297974
12Hjqf164PFriV59QSNPFSHNGQ41zvMQZR,1000900,1,2022-04-03T19:57:00.489Z,4.184172218865
12d5EtFKVSmgfBEMMtVZQ1QEqEmASkW8PW,1375122,1,2021-09-22T20:55:54.979Z,5.79821567797122
12ayDveFNnZ4rkHHs9VL5VRoF7VkXsLSDp,50000000,1,2021-09-22T20:55:55.058Z,219.399002
12EnJqtQ82Rgef5hM17evqNCTjDJG4ZSeU,300000000,1,2021-09-22T20:55:55.222Z,1726.415955
12bFt7MX9U5yiMXA1uftqZcamWVPAdL4Pj,100000000,1,2021-09-22T20:55:55.377Z,418.040985
12aYrgSNW38bbYQ11oJiCi97g945f2rUgE,300000000,2,2021-09-22T20:55:55.457Z,1242.04231608
12gZcVcwhYD9dabcF8UakAmHQbH37ZkdKr,100000000,1,2022-04-03T19:57:00.535Z,437.747986
12CbVMxWmG934HFQrJSJc5VtKzJPVSLMvD,2530716,1,2021-09-22T20:55:55.774Z,15.850278691109638
12d2U9ExXczuLhX7CQhqRq7Qi2wCXEo7ut,50000000,1,2021-09-22T20:55:56.010Z,208.505493
12gKEzUDqm2nJFqAG1nwHUq2V7ENnDKr5N,50000000,1,2022-04-03T19:57:00.551Z,210.310501
12BfsGS7Jt33McacenxGkvaLnEGbTumo4y,300000000,1,2021-09-22T20:55:56.403Z,1827.68097
12e5Lb5i3m3vEwmJMNegyHSv1FeEusYjUA,50000229,1,2021-09-22T20:55:56.483Z,207.43094252936564
12ehJGw3iyPVN35W47Sxuy5Rfju7cpCMZa,300000000,1,2021-09-22T20:55:56.562Z,1244.44803
12LbU3UYrqpKFA9veeVf9qJsXqcm7VaRjx,3896708,1,2022-04-03T19:57:00.566Z,26.22897605188744
12JhDES6bPduSUwroPGWZgUBmZxrTzFysU,300000000,1,2022-04-03T19:57:00.581Z,1824.936036
12BCVTUtBhDJ6BEToBkUJjS6pcC8iC7kih,400980000,2,2021-09-22T20:55:56.956Z,1675.9359719118
12Jf3qhaJaDt8wkFKiTqzyrgRvVE6nCYLs,410000000,1,2022-04-03T19:57:00.600Z,1713.9680384999997
12Vkffq8BVufN1noGWpvyZNC7Fd5dnUVP2,100000000,1,2022-04-03T19:57:19.864Z,437.747986
12mP1rBBdQNu6M2FmCx5WQpawsbzGH5AL4,251000000,2,2022-04-03T19:56:59.773Z,1596.84196267
12qX4JgyGv5usHGJaGoixf36ZE39jzzyPG,50000000,1,2022-04-03T19:57:18.934Z,204.774002
12nvXpSk3Qro9E6TZrEQgSdFLwuadvMRJP,300000000,1,2022-04-03T19:56:59.806Z,1830.6119370000001
12W2myKo55QePx2DR4hiYToyqtEY4ieN7k,100000000,1,2022-04-03T19:57:19.879Z,416.321991
12u9cQ6jbkA39SDPSKu9Q2RxsEzJiCGowK,1003917,1,2022-04-03T19:57:19.849Z,4.11152203531668
12wMfcGvsG9PoFtLt7NFUrNB4CSnSEaAQj,50000000,1,2022-04-03T19:57:18.960Z,210.367996
12rBrKyAm9ERrXcnV6N3qdyd4mfsNCQ9nn,100000000,1,2022-04-03T19:57:19.012Z,437.747986
12nyrVcuaBCsLWGV2jFmLB75aTPTUjzzDo,400000000,1,2022-04-03T19:56:59.844Z,1682.484008
12PEiX8JrYmpMRL6jkTK38pcDnq14NwVHB,100000000,1,2022-04-03T19:56:59.862Z,418.040985
12p2CcaDixL2FCMBzxzfMhPwufMohDbTmH,1000307,1,2022-04-03T19:56:59.882Z,5.742832458474649
12tERoGd8ra5SAv8HsJL1HoJdotK4WhfSt,150000000,1,2022-04-03T19:57:18.996Z,935.965485
12NiYaAX4M36e2yXiUnJXmAJPTqL6PHawb,150000000,1,2022-04-03T19:56:59.900Z,682.6454775
12VgqrBp2RnQcFpZXv7zcEDfsdthX3SJkv,200000000,1,2022-04-03T19:57:19.031Z,1067.728028
12vVS5bgeXtiFu664FoLdf7LanToVBXKst,80000000,1,2022-04-03T19:57:19.050Z,356.5896
12QChbURjYqP6cibTGLxT4QjxVKD7p1bPj,300000000,1,2022-04-03T19:56:59.921Z,1360.152009
12tDZPpzsx8mjxAa7Csgqm4eYez9FUkzCQ,200000000,1,2022-04-03T19:57:19.996Z,829.63202
12QUVVdvithVup3waT2trqY5fim2hyT3C1,50000000,1,2022-04-03T19:57:20.048Z,206.6535035
12VTvB7R5MHKuck7K89FxzFeLw4zmrXr3K,200000000,1,2022-04-03T19:57:20.063Z,1134.47998
12MJCcqwMpEHSj5hQip55X9yLs1sc58n7v,50500000,1,2022-04-03T19:57:00.661Z,212.41360601
12mg8pCVmZaDK3H5thoJtHgFiP69WcL5n2,400000000,1,2022-04-03T19:56:59.953Z,2151.88794
12LNMH8CwarzcmEqfAMe93eYFUMboXyRnc,100000000,1,2022-04-03T19:57:00.674Z,608.312012
12TNuWYpMqonrPoKn8L6iBMbcvjJBgPLVU,300007570,1,2022-04-03T19:57:20.155Z,1814.229858911644
12SyW5rzXVaJ6h4vAWMG1SxWLbxSX8aRa3,50000000,1,2022-04-03T19:57:20.135Z,204.774002
12N9k5TTzXkWvwyP1cWoZTkyBJxWHwqpj5,50000000,1,2022-04-03T19:56:59.989Z,204.774002
12VdK9nnvffSWG6CGd9MB3y4rt2x3LPHbd,150000000,1,2022-04-03T19:57:19.133Z,625.0935059999999
12Rq32tkAxZdFm1EFfqzpDhH5xXY7dSHgN,50000000,1,2022-04-03T19:57:19.151Z,208.565506
12LsHmHYic1T4SKh7F2eg3MQ5ZzXXRqJvq,200000000,1,2022-04-03T19:57:00.751Z,917.072022
12N3YvshYQUEMicM97x9mDLXKAuFZjPtcp,500000000,1,2022-04-03T19:57:00.775Z,2266.920015
12UCKjsbJP3TGkeX8bsfWuJ3YYoa76G93c,50000000,1,2022-04-03T19:57:20.195Z,223.3609925
12uDMHNxgiPdaciiXJCPXXN91hUvbGvUd6,100980000,2,2022-04-03T19:57:20.216Z,441.4482082098
12VYewq2PycdYWBNKFaQXpsMDd5QEqNRhE,30098838,1,2022-04-03T19:57:20.251Z,197.15791536661376
12o2R5GfrMAzMWpBfS8r9jVzP2e8u79W6T,100000000,1,2022-04-03T19:57:00.041Z,420.785004
12QbsaJc6tsy4AifuiV27oWSyf2JAtJ3Hj,100000000,1,2022-04-03T19:57:00.060Z,416.321991
12W1iXnhQKLuL6MZWEFGhPvTpegbL8sVqy,400000000,1,2022-04-03T19:57:19.238Z,2622.22412
12pz4XT3bMKaQEcogsy12ZFnWBYbgR3ipw,500000000,1,2022-04-03T19:57:00.090Z,2684.599915
12nQhDDvhiWxqiahMVKcMQpWU7uVqCJCRc,709967000,2,2022-04-03T19:57:00.842Z,3763.10893060726
12t4V6pLTWRbrZnGq7f8iYu721KjNxZG4f,15393081,1,2022-04-03T19:57:20.266Z,98.76677662642462
12p9xXdtdQNnxP9fK1Wb1ARayPpdZNyGGQ,200000000,1,2022-04-03T19:57:00.105Z,1155.521972
12pc75GMaCFZopL2My8vesTJ3G8aRNFigi,410000000,2,2022-04-03T19:57:00.897Z,1724.436391
12p5EhVoY9xX7VRd5jMP3o4knsNMs1TQ7R,300000000,1,2022-04-03T19:57:00.122Z,1878.947937
12Ro82Eh7HiZbk8McYEsC82qe4p53e79LV,50000000,1,2022-04-03T19:57:20.297Z,208.1609955
12my4FMvRMhCnoarsPrhDzVBv3h4dE1jHH,100000000,1,2022-04-03T19:57:00.190Z,569.947021
12qDMyr96Z7YaVuT172sFNVCYUvW2jX1BE,100000000,1,2022-04-03T19:57:19.252Z,422.372986
12pthE2rZqMm84BsHEMoaBctfigGhtv95i,400000000,1,2022-04-03T19:57:00.979Z,2432.17212
12pWDmT2xA6MTr76QDZED7aCAiRaQes5Au,200000000,1,2022-04-03T19:57:00.226Z,1182.108032
12UMBmbetV1RtUxS3SxGgrcnuQUMDdQozo,200000000,1,2022-04-03T19:57:19.287Z,1132.70996
12U99qqENdBwK3W75LH67L5DcanRreBEoC,50000000,1,2022-04-03T19:57:20.356Z,210.310501
12Quexr6wiohQ62PDwLuGxAJrqWafQYP2X,200000000,1,2022-04-03T19:57:20.379Z,834.262024
12rR1TpKhqGTkAwbpbqbJgLZ4YUX2FqAwU,300000000,1,2022-04-03T19:57:20.333Z,1253.879973
12ocW5X3LdMCr1VdSFNYA9x4GdCqVmXSjH,250000000,1,2022-04-03T19:57:00.965Z,1468.8975525
12UNnFJ7wPsCgy48f5yHtcP4PHaCmcFuT9,1001487,1,2022-04-03T19:57:20.395Z,4.14587561341695
12VD3AnzxZ873ASA5Pj5k7p1wftooyqfRF,50000000,1,2022-04-03T19:57:20.433Z,210.310501
12NXkm4YjpM6AfjCioNgga1xNABLe3GBUU,400000000,1,2022-04-03T19:57:01.035Z,1813.536012
12U7NGvLE2suAduvZ5EtiKTAPmCmNUApmV,50000000,1,2022-04-03T19:57:19.339Z,204.774002
12prsX7FBWFbGPuihypmdZufrpMxWGF65n,50000000,1,2022-04-03T19:57:00.995Z,223.3609925
12nwRKbNvx4r2brgYaJQFyYWaVBFYy7a6v,300000000,1,2022-04-03T19:57:01.069Z,1241.915955
12qd7VjR2MppF6NTTQgZfjAhkPnKk9nhUf,100000000,1,2022-04-03T19:57:01.015Z,417.177002
12MqZQkfZNyBf3NjrCtZB8xS61pXDXjFNp,100000000,2,2022-04-03T19:57:01.053Z,422.372986
12rmBnpRpkGdA4doxvuFTaM4dwUDZKydxq,410000000,1,2022-04-03T19:57:20.452Z,1725.5792426
12nkRSvz5g77z5tnHrjNmkmgmqG8Gdv1x6,200000000,1,2022-04-03T19:57:00.337Z,1155.521972
12pn9wcwQia3EK7aws61tz7EEAfz9Kyxvg,410000000,1,2022-04-03T19:57:01.133Z,1710.4257082
12pScWoLTF73AMHjYzmpSHRiTdbR4FHJiH,1000314,1,2022-04-03T19:57:00.350Z,4.10572879416
12vVHjKYYKAxjjp5bEthDBNa9m9vAqr68y,50000000,1,2022-04-03T19:57:20.482Z,210.310501
12SfsswWdXL1LFhTaVh8pKWcgtDRkumWmL,400000000,1,2022-04-03T19:57:19.442Z,1740.491944
12Ukeqot5wZ9ktWMJ2scjhJn8LBNs6QDsR,50000000,1,2022-04-03T19:57:19.405Z,211.186493
12Nyrdi7ZhCYrEZhacoqcyX8cxH36KsqrN,400000000,1,2022-04-03T19:57:00.321Z,2351.2041
12mVcgkTeTRvEH6au4PTABsyMSb2mF4kEb,150150000,2,2022-04-03T19:57:00.378Z,643.5293910045
12RUeE8aQuRH1NgbFqq3t9XTyfLrTg4PYs,100000000,1,2022-04-03T19:57:20.500Z,455.670013
12mihWQ9yC4GjvRnZaaqbDVmQPqVoomGLt,500000000,3,2022-04-03T19:57:00.402Z,2247.54189445
12PbGeULdif6fCoUDYKMJoTGZhhvx68xcc,200000000,1,2022-04-03T19:57:00.421Z,1279.78003
12tmur4KxzabPhe5iXDW5KE9KHDtAFPihd,100000000,1,2022-04-03T19:57:19.478Z,418.088989
12ScKMigtha77W6jqjwHUF4LLw31zrCWVp,1500795,1,2022-04-03T19:57:19.460Z,9.95409795228975
12ouRQF5KsseKWbwbLG2WABMZQXdJ53EsX,50000000,1,2022-04-03T19:57:01.231Z,208.2579955
12TvpQmqboFphQp87WXvJAvcxfaaqbkKkM,100000000,1,2022-04-03T19:57:20.572Z,420.785004
12ozMbxcYi8yVSaj2gqJiWj8vDNgbK6VkY,50000000,1,2022-04-03T19:57:00.474Z,205.222
12LyHDCEGkxdVGygfSintzKhXeNikXCMFt,400000000,2,2022-04-03T19:57:01.271Z,2566.523924
12Sff3KQbbCxiUQGvWZmj8QycwMy4NMh1r,250000000,1,2022-04-03T19:57:19.535Z,1055.932465
12r8xqZhKxMxZNd741J4VLZ9SoExtUAV3i,700000000,1,2022-04-03T19:57:20.535Z,3007.991091
12UJp5L64RkAf3RLS7C4EEVKz9YQ4xYbsH,400000000,1,2022-04-03T19:57:20.608Z,1819.063964
12PGV9uv66SuCkeHDiGAXkefzWfTnWuQ3Z,50000000,1,2022-04-03T19:57:01.346Z,208.588501
12oCk3Dv5tTtDe7L4MLrzziTneB8XaHBMJ,50980000,2,2022-04-03T19:57:01.391Z,216.6420523726
12MWUeGsrQvSwoRLkpNdSTYaD9V1b4Xf98,100000000,1,2022-04-03T19:57:01.370Z,416.394012
12S3vcymMvZ4i6L2mqjUe5mLGCFVta4nP3,150000000,1,2022-04-03T19:57:20.659Z,680.0760045
12Uz7CaY34ysuMeRdctEzsyoKqyyCJda62,200000000,1,2022-04-03T19:57:19.591Z,834.262024
12mHjsFkk6ye2NW1it1ioAMwbUDdbPsFzA,300000000,1,2022-04-03T19:57:01.409Z,1254.266967
12vEcKxRuiQ8x8XJaUumZF1sz6JQNq1KGW,400000000,1,2022-04-03T19:57:20.676Z,2370.760008
12nkP9tRsabG2wiAXVdXK6aZakcB5Zyhcp,400000000,1,2022-04-03T19:57:00.523Z,1686.760008
12Mx36BwNxs6TP2LMU6HWryspo6FCznBZn,9987349,1,2022-04-03T19:57:01.427Z,63.59804130174839
12rVJzxc1oRRjAy7ici3HE9zVKrKRzuFfH,400000000,1,2022-04-03T19:57:20.693Z,2494.035888
12Rm4RNU4Vawo7ytvAx841a5CcmTdzhEB9,4717763,1,2022-04-03T19:57:19.610Z,20.01661982496919
12MehxSAwvCFpdEHmrFmZAhSn9hYQTdPSg,200000000,1,2022-04-03T19:57:01.443Z,1367.323974
12Rn1YeBYRB2HNpcgUD4BGH39PC8pNPTta,50000000,1,2022-04-03T19:57:19.651Z,217.561493
12PwCGXsrCN6mSMmWhjgwLa1mzCsVFCzef,100000000,1,2022-04-03T19:57:01.461Z,418.040985
12TMkKdQAJHn5WGugtPzWtZZUr6nAGF7E5,100000000,1,2022-04-03T19:57:20.708Z,416.394012
12p5bDhLzJjyLthfY9X8FwZxnebTxdFVPm,150000000,1,2022-04-03T19:57:01.486Z,1009.296021
12UJgTp4msKCK41d9xCv5Bo37p1iRQbLqh,700000000,1,2022-04-03T19:57:19.667Z,2803.990049
12VxgXcrWT55qLsLAp6J1Hbw1d2WCzZV3c,200000000,1,2022-04-03T19:57:20.794Z,1156.578002
12mTmksY8CrqoozaUz2LBmcreWAEzXgCzU,100000000,1,2022-04-03T19:57:01.504Z,420.348999
12V7SwKYzcLcQ52kw1V9pRVeKvVcZWQdf6,300000000,2,2022-04-03T19:57:19.762Z,1249.313964
137NdY5QmsaDmVa5CZHwkGeQYEqn1xXidH,400000000,1,2022-04-03T19:57:38.968Z,2302.52002
131B7qaZntQ225vHoLn1Vaikvw8SSL9gfE,100000000,1,2022-04-03T19:57:19.780Z,417.177002
12ZjXAUHJf9nzT79GLBCVahxDJFgv6Bsgj,1001606,1,2022-04-03T19:57:19.801Z,4.38399932367546
13AmtkLwHmQZShGgac8h3JRuRyjgicngwk,100000000,1,2022-04-03T19:57:38.983Z,422.372986
133L7KJoW2X2spGLPvgPp4h43E4sci68rH,10000,1,2022-04-03T19:57:39.089Z,0.0416321991
13AU4N73kfWLPiSM8vHM56HgxxuDK4fmrm,300000000,1,2022-04-03T19:57:38.040Z,1830.6119370000001
1364WGgTRonBaqj2VVwGwJEEod4YDJq7qy,250000000,1,2022-04-03T19:57:38.086Z,1480.2575675
12y6q7LK52k1juHi8J66HUJbCHyfifv3cU,250000000,1,2022-04-03T19:57:19.900Z,1469.5025624999998
12yrdhpkZoaVp33vtYgPS8diYe6WYceu9U,400000000,1,2022-04-03T19:57:18.980Z,2301.88794
134VoMhiEwfKC5EYGc9XCebD1rmLdRXrYV,510000001,1,2022-04-03T19:57:38.071Z,2132.25384808089
12xJRv6g5jUcs1QLxuXr8XMgFSXfjrj1KL,400000000,1,2022-04-03T19:57:19.917Z,1682.484008
1335eC6ZPkz2UtFCiHNCD2zrER4WMRvnjt,300000000,1,2022-04-03T19:57:39.120Z,1843.6320179999998
12YWHNUSKt241MHAkXG8RtATcDRiDTkApc,100000000,2,2022-04-03T19:57:19.090Z,424.545063898
12xJDfJSeVVz1j9MQMGfvUdWEeCPhF3qAr,51000000,2,2022-04-03T19:57:20.030Z,211.57859235
134hrN4Z1T964PzUNW1jTPSG8q4j63AbFB,400000000,1,2022-04-03T19:57:39.133Z,2432.17212
12ZuDv1p6q48K7FtbsfXz282cDGwvVtw6o,510000000,1,2022-04-03T19:57:20.014Z,2131.5959540999997
12Zc74n7PVYRdZCDH7jrmeEMvPmX6zRNvf,50000000,1,2022-04-03T19:57:19.939Z,210.310501
13aKqUwSm8Qi6n3MBxQSnSFUeX8CRtszpc,200000000,1,2022-04-03T19:57:38.105Z,834.262024
12ZGM2ybAAFPSmuRHq5TewBK7YeNoFSAEb,400000000,1,2022-04-03T19:57:19.959Z,2364.216064
12WMZBt1boPV5sMKknDeYSe8EximnGuV41,200000000,1,2022-04-03T19:57:19.115Z,1148.21399
12zTecGqBj3x46LDDJHpoWFrADFqe4fzuS,100000000,1,2022-04-03T19:57:19.069Z,437.747986
12XgoyE4BPET4Uuj9XFXti7Y8zBjZewbXP,50000000,1,2022-04-03T19:57:19.980Z,206.6535035
136qHSTidpWa62jCxfscHKKG8fwfXrjsky,1000760,1,2022-04-03T19:57:38.161Z,4.1744803156912
12YvBpeTPQJxnxn7btE56BpxKb1Ag64rjt,510000000,1,2022-04-03T19:57:20.096Z,2123.6094611999997
12y3NDag3Tzxju4U3obxyJ6QHiaJwFSRju,100000000,1,2022-04-03T19:57:20.078Z,422.372986
1351CrofoYGX7RVJNhuwuHs8eQZPELCV27,400100000,1,2022-04-03T19:57:38.124Z,1729.0401840080003
137s3Wdmm2BTjwwtvWGLHsZtppPYptbpxs,50000000,1,2022-04-03T19:57:38.209Z,212.4774935
139HY8NbKRnwQtBvmDC4yYw3TrUtmVGMSv,50000000,1,2022-04-03T19:57:39.234Z,208.1609955
12XVTu257wtqptk5Zx6K6iyx4voUEinPdD,150000000,1,2022-04-03T19:57:20.116Z,625.0935059999999
138dsJpMk6c17WN8LzvG1CX8zSER4FMviq,200000000,1,2022-04-03T19:57:39.183Z,1316.156006
13A2RA2EQKmuAecbmSugkB5NFXQaCKSP7j,200000000,1,2022-04-03T19:57:38.253Z,814.976014
139uWjrMgUEmSVdNLS7cSpzbVAkU7WQS1e,300000000,1,2022-04-03T19:57:39.309Z,1740.546021
135ncK6iR4xTgABNrvy5cwqzmgcrYY25Zk,154990000,2,2022-04-03T19:57:39.325Z,653.2945053000001
12Wt33uYByQpUY3R5ZCuWWT9TFBSLm1Dar,50000000,1,2022-04-03T19:57:20.178Z,204.774002
1361A5UaissQkG77syxFCvSRAghhug6xQX,50000000,1,2022-04-03T19:57:38.297Z,208.505493
12ywJLBBv3efDCTEMb4T4BFa4TkGDt2eEt,400000000,1,2022-04-03T19:57:19.166Z,1668.043944
132G6torpX7yuTqFnWXGAoxhs1WUeh7gjw,500000000,1,2022-04-03T19:57:19.204Z,3427.795105
12XNqmssJHnhGaynpxHCpfPwaEyVmidNEJ,1002709,1,2022-04-03T19:57:19.187Z,4.192215920712011
132KSGcQVWpyZ2UtjjfFbcwvvNtYW2anX7,50000000,1,2022-04-03T19:57:39.341Z,204.774002
12ynw8g5pq5yoHe7eqHLFSSwhAMywXS23p,80000000,1,2022-04-03T19:57:20.235Z,356.5896
1337ZwsNxDRrcFvWXvpQLeTMLijaa4Wpf2,250000000,1,2022-04-03T19:57:38.339Z,1435.2674875
1314vNsXf9rLio75EZw2W7YD5ACn9DMAph,100000000,1,2022-04-03T19:57:20.282Z,454.765991
12zfLsKVctreQV1byjnc5Nupn7a151UM5u,410000000,1,2022-04-03T19:57:19.220Z,1733.2544795
12xbAVH2v5aWyiz8LyCbgUGn3BHenCXGUT,200000000,1,2022-04-03T19:57:20.315Z,1352.592042
13AdDXwChjsXvNRqY8m6Bj4roG4nL9nXTj,100000000,1,2022-04-03T19:57:39.401Z,437.747986
137CPsz8N8GTkjSLMm5fnfXWNthvihyNJ8,100000000,1,2022-04-03T19:57:39.416Z,458.536011
134ZT5x6hP8AjZwxnUT59NMbkqisJdMm2u,300000000,1,2022-04-03T19:57:38.356Z,1726.6109609999999
13AGXggA3Efpc2q1Vz1d1a3Sv4LgCSRuBF,300000000,1,2022-04-03T19:57:38.393Z,1253.879973
131kiPvLESTZpQYh6CYJQmEkcf63AVezuz,50000000,1,2022-04-03T19:57:19.270Z,210.310501
131uZsUJqmnhVKvRNbfywZbhqFanBseHHo,510000000,1,2022-04-03T19:57:19.305Z,2115.561651
13AjLvUSikgz6iLLGGAsNLpVuypJWRsMM4,150000000,1,2022-04-03T19:57:39.450Z,670.0829775
131A5tv5EW4exi3P9Zzmp7USYvV8TN8PJ3,50000000,1,2022-04-03T19:57:20.418Z,218.873993
138ne6NARcNYmMrDjA5UxwdTo5qyXzeoCg,400000000,1,2022-04-03T19:57:38.442Z,2351.2041
12z2GGbvhLG1W9coivfWntSVbdq2FWMLGT,300000000,1,2022-04-03T19:57:19.321Z,1740.546021
12ZDXtFGsKssDsZZYK4yqZujDjKX1LkDGt,300000000,1,2022-04-03T19:57:19.360Z,1827.68097
12xvE44rsAC57JqAw4c8yFyFeWFoT5ZQYW,300000000,1,2022-04-03T19:57:19.380Z,1251.393036
135SJHfB8apCPVnb4Q8nD5EHXq5Y2AJ8b8,700000000,1,2022-04-03T19:57:39.500Z,2919.917084
137CBKSkg8qACjCLqwopQEK4xMim23oMza,400000000,1,2022-04-03T19:57:38.502Z,2302.52002
132dwQoxN1B7e9j37qnErDipkSLFUt7gMf,50000000,1,2022-04-03T19:57:19.425Z,211.241501
12ZVJKz1wEyQF7RkHk5i6fYtM18CrrK7J3,100000000,1,2022-04-03T19:57:20.466Z,424.230988
139k2YuKY58drKw8YD1NerJecgCKYC1ERX,300000000,1,2022-04-03T19:57:39.514Z,1723.890015
12XXSUBPgZm2jrSyL2jhLey5mV7fm9a1Lv,550000000,1,2022-04-03T19:57:20.518Z,3392.136077
13a2ygdBCUxdkThXmqSX3uwjRn5KBF1ybj,250000000,1,2022-04-03T19:57:38.554Z,1542.8024300000002
132q5uCtz5K2Lhb9zQtss6zPmXfPYV49Gs,510000000,1,2022-04-03T19:57:38.571Z,2132.0090235
137N9gaWwgyATc8Uuayxj89ugUtbA9Nw7b,100000000,1,2022-04-03T19:57:39.559Z,432.152008
12ZxmYU2ir1EmHBaTvo78QanW99aKTZ7Lc,50000000,1,2022-04-03T19:57:19.493Z,212.4774935
139oNKG7Q6d8i2kR5D6bEZqpm2Zcec1zne,400000000,1,2022-04-03T19:57:39.573Z,2411.36792
12z5dAHP7GJjZsYvHHVsmwjqQLREwHZqix,300000000,1,2022-04-03T19:57:20.589Z,1892.5709849999998
135Z9tnZuCQbMHvF1y6TvpSVF346GyzqfD,200000000,1,2022-04-03T19:57:39.544Z,1132.70996
139UjPETMBeRB7Um92pB2ejXPEhA7mp7J4,400000000,2,2022-04-03T19:57:39.591Z,1728.608032
12x32b2onnti6x5gMWskpu2YdDXUqywCCW,100000000,1,2022-04-03T19:57:19.514Z,417.945007
13asPxfVm7ZaVCFF1Fux7k5jQMEJ6rmMhE,250000000,1,2022-04-03T19:57:38.669Z,1477.6350400000001
12x6airud5a53kiFfQsnGNYLCaB4RCvEr6,100000000,1,2022-04-03T19:57:20.554Z,422.372986
138sErQSypGdTkPv4iZbCe4nxhtziQQhNT,400010000,1,2022-04-03T19:57:38.721Z,1672.3977648989
12YqE73h2UprohBt37drUkaC2xfdr6GPEt,400000000,1,2022-04-03T19:57:19.575Z,2302.147948
1364cWSNbw3K21H2twizzMoLoQ1gbghBrX,50000000,1,2022-04-03T19:57:39.639Z,216.076004
12xdb1Zt8rDJFjBY2Gi5mv4Nhgrq3EwTk7,750000000,1,2022-04-03T19:57:20.641Z,4593.832395
1351A8K3Ua6j8NAmFj44fTb4YiPGJmH4Jv,100000000,1,2022-04-03T19:57:38.753Z,414.81601
137gJPoBcynaqLUEQjZazJ3fMpLKdmWm8o,1070818,1,2022-04-03T19:57:38.738Z,6.56433916894728
139TRHFUxXsgosTVt7hoUB3wvShuYjMuc9,150000000,1,2022-04-03T19:57:39.694Z,689.4044955
136EUfPjyV1nR79tXztKJuHLgT5iUKb4MS,400000000,1,2022-04-03T19:57:39.623Z,1638.192016
12YB8otUqTCPSzYhgVNJpDxWa7W56ixZXf,400000000,1,2022-04-03T19:57:19.556Z,2468.483888
13atzKL3zxntZzjsAvXABpG3w15LrTWiTF,1008840,1,2022-04-03T19:57:39.710Z,4.1772533661768
133B5s7QppQeFWxV4feeCjDMMgRuCeKpEN,50000000,1,2022-04-03T19:57:39.745Z,204.774002
13a21iW9mqD3GQgH3EkWXVWg4x6GqgXehd,410000000,1,2022-04-03T19:57:39.778Z,1700.745641
136xY4zmbdAWsfUGLon6uYYpgpXtEDLokd,17987283,1,2022-04-03T19:57:38.837Z,104.35897951416982
13AN5a4fANL14U65wfMGF7Yo2FN3LhV4hc,1804158,1,2022-04-03T19:57:38.800Z,10.374684829187402
131mMcUdz7DR6jjc5yVKqZmPdsESKTq2kC,250000000,1,2022-04-03T19:57:19.633Z,1439.0750125
1396QKJD9n2G4Whkpj64NogMDYFDT5uMwi,50690233,2,2022-04-03T19:57:38.821Z,219.06139298145828
139EEJ9dFt4jJpMQ4UWUcXmSyQnyJoKTna,50000000,1,2022-04-03T19:57:39.794Z,208.565506
137U5UiZjAto5TeZdCojMpXJYKEqpZXgKT,250000000,1,2022-04-03T19:57:39.821Z,1664.2124949999998
1311PgkoLQL8sM6Aj4By7s5yZ84Bp6p7cE,300000000,1,2022-04-03T19:57:20.777Z,1250.1870119999999
12zob8R4sUyE6kmdv3N6PZHE9VjRWx7mBj,400000000,1,2022-04-03T19:57:20.723Z,2306.38794
136tcPeBEDaRYm657p5maqmpCQEmPMZyfW,400000000,1,2022-04-03T19:57:38.878Z,1695.956056
131h5K86zsgcvbR34PmY99dgyVhUvMeXpz,300000000,1,2022-04-03T19:57:20.739Z,1716.9089370000002
12Y5x52WBNTMpYd2wQ2ENkEZHWyaUHQfoi,150000000,1,2022-04-03T19:57:20.756Z,622.224015
132BfzB9qRttUTS4Ld13wTNnhFWP4AKgeg,50000000,1,2022-04-03T19:57:19.707Z,208.4149935
12YujWobB4qSanghb6NHFNsx4stgoZZu1E,100000000,1,2022-04-03T19:57:19.683Z,579.651001
12yY9ZruThLiwq2PY2gr6tNfD4CUS2jnZD,50000000,1,2022-04-03T19:57:19.727Z,204.774002
12Y4XiCKz9y4vgQrw3kKYCeZLoLFcNLyoJ,50000000,1,2022-04-03T19:57:19.745Z,208.4149935
13Ex82QgzzcjCk2ic2NxTSqNihvkwhZkD5,50000000,1,2022-04-03T19:57:39.009Z,212.115494
13EBxfKxCfqB6w71bhd7twSBmEVR48qQof,510000000,1,2022-04-03T19:57:39.043Z,2131.5959540999997
13KhLSzm3Dvk3uh2VCpRSCAnJ9SjgP6HeQ,150000000,1,2022-04-03T19:57:57.331Z,675.4559790000001
13d8njds2tKXU7UTP4UvPvJ2xysei3PnYY,410000000,1,2022-04-03T19:57:39.073Z,1707.2154491999997
13G9L7VicDBN4NcZtNqLq7WQ2yQLaV84s7,50000000,1,2022-04-03T19:57:57.412Z,205.222
13FTroVcnepM6VKVQvrK7RfMqPnqYYn292,100000000,1,2022-04-03T19:57:37.979Z,416.729004
13eoKmMeak1u8oNGYxUw66fNVVuUbhG82U,50000000,1,2022-04-03T19:57:38.004Z,208.4149935
13B4CXh3R79o1PpRkXbFV9nKDpDBCUZL1Q,300000000,1,2022-04-03T19:57:39.059Z,1239.921021
13iNmuUY99TXLumRUQqgB7qXpiWPHtaEeh,410000000,1,2022-04-03T19:57:57.435Z,1707.7155630999998
13kRyzbyPtQ8Pte3zp989oL1nw1QZ7Bn1X,300102200,1,2022-04-03T19:57:57.452Z,1240.343420761154
13bHVfGRkNdP7gWtDEm3MRoDAXiXCxGKoN,50000000,1,2022-04-03T19:57:38.057Z,210.367996
13fUK6LJucNUfFnaRpF7uwGVVRfGmEaTg7,50000000,1,2022-04-03T19:57:39.103Z,208.505493
13bZRWQNqrfNodM9Av6cRrJiopj4JRqM4E,400000000,1,2022-04-03T19:57:38.022Z,2441.743896
13cZxHpV7qn2BU5jdHKqBai5mR8c4dVWuy,50000000,1,2022-04-03T19:57:39.167Z,212.115494
13HpwfVHaWEy5DvWX7Wp9aYx6FTobFAaQ1,300000000,2,2022-04-03T19:57:57.537Z,1254.2669621996001
13CyijV1kA7yuXaGF1tMBXN1MqnHFPUUFp,400000000,2,2022-04-03T19:57:39.150Z,2691.456056
13dpT6gUN8s1kWd7YABze8jwbqrcMcNhoF,400000000,1,2022-04-03T19:57:38.179Z,1655.88794
13FpGQNkCBuenSGJshriJ9aXJuZHZgVyig,400009740,2,2022-04-03T19:57:38.192Z,1728.6501236055792
13eeYLjh6z8XP8ZDum5NzbDYAFWtMzbxtF,400000000,1,2022-04-03T19:57:39.202Z,2666.09204
13bosyohqeYXGHobpeRG4MUTvgHiRgPMKh,300000000,1,2022-04-03T19:57:38.231Z,1244.579955
13gqnyMfn4gSVqK4FgEA5EKpobuoYfSgZz,700000000,2,2022-04-03T19:57:58.553Z,2917.809909
13echkfV54pw7fxN1gkQmg5yV8FC4xx16T,400000000,1,2022-04-03T19:57:38.142Z,1699.819948
13gMG7ChTVbE8o7yGiiKaVmhg6a9SpBTwC,400000000,1,2022-04-03T19:57:58.521Z,2475.976076
13jsojLhna3qusdgeSFkCzoF6LdUwU1Mvi,200000000,1,2022-04-03T19:57:58.584Z,1345.728028
13dAkszwyPHQY1ViNY5kaFzZMUXytgT4eg,200000000,1,2022-04-03T19:57:39.291Z,1155.521972
13b4EwWchtdEFh9DyBDstqCC2LrusWgYws,300000000,1,2022-04-03T19:57:39.258Z,1340.165955
13CB4gkRtww3y4n23TksaGupWgB9JYyXsa,400000000,1,2022-04-03T19:57:38.274Z,2617.872072
13EiRBwG58yy12AX4QBjkz5s5GMpCTC9Pq,400000000,1,2022-04-03T19:57:39.275Z,2392.8479
13huZEFFaCX7c89zQoaRT3YRTrwebZD1qa,309981611,2,2022-04-03T19:57:58.631Z,1295.8501799432684
13i7Ytksd3JZRSBbsx7QVuQ2aL7waSmRHr,150000000,1,2022-04-03T19:57:58.615Z,675.4230195
13JEF1Tfe8S5zyBws2N6qG7fcpbELdLg4f,410000000,2,2022-04-03T19:57:58.705Z,1713.9680384999997
13dZ65j7u4Wx9T59bKQrHz5dJDnM2Kphdb,200000000,1,2022-04-03T19:57:38.324Z,1062.771972
13djraDxWvkLBAvJ1Szfd1J3hSdkHYBeet,50000000,1,2022-04-03T19:57:39.356Z,208.4149935
13CGQF1JtomAVoZDwrogc72Ytxhi9WBsYh,100000000,1,2022-04-03T19:57:39.371Z,417.010986
13hVdpxD7TFxcU2HRwdScrGwBxU7uJnarg,150000000,1,2022-04-03T19:57:58.720Z,683.5050195
13gajygotE3pt1kraJ4Qqis7Q9eRYxWeNB,200000000,1,2022-04-03T19:57:57.722Z,1148.21399
13fQQSCoaXJcMzE2ARmGVeqoMPnh73M56p,250000000,1,2022-04-03T19:57:39.386Z,1626.5475474999998
13c163ULPij7M8iyDv52APhZjsvQLrqvWZ,300000000,1,2022-04-03T19:57:39.433Z,1726.890015
13KARJbX2s6NEBZsVLQXwskRBvx6U1Amp9,300000000,1,2022-04-03T19:57:58.737Z,1239.921021
13LoCAdvQJnspeScKATfr6Ye1wJgGqz4Y8,50000000,1,2022-04-03T19:57:58.973Z,208.4149935
13kJuSoEEmLW42fcW2VTZLAZ3xeUvjKq9T,50000000,1,2022-04-03T19:57:58.998Z,208.505493
13jGMeQQ84Suo9jCgXJstYaoxaN49giE5H,3690290,1,2022-04-03T19:57:59.037Z,21.998410169681204
13EVihXFNVSXgPG6rngYmmMxwUidDk3sPB,300000000,1,2022-04-03T19:57:38.376Z,1843.6320179999998
13L4E3MYvioziGdDP1sQiknPtKtPhDx1HC,300000000,1,2022-04-03T19:57:59.054Z,1733.282958
13Hy8mzsXKo7MLzA2W9p5qnA6SjwUChjjv,300000000,1,2022-04-03T19:57:57.813Z,1265.070006
13AWSjrTRUFXpNsbosJSDcavZVTv4RCF3e,410000000,1,2022-04-03T19:57:38.419Z,1710.4257082
13hzySkbw5GM8DGtJ6FQmaJFyhwT9Vf2Mm,300000000,1,2022-04-03T19:57:57.902Z,1794.635925
13Mbb8T7DsAVMgNbTH4ivUdWYXYCTZLk9k,50071496,1,2022-04-03T19:57:57.831Z,210.66880540484036
13KE5MRXDeu2CK7Nt3LkzmxYym4J2HEX5W,410000000,1,2022-04-03T19:57:57.864Z,1887.9803081999999
13kLvUxY6H35xaxZ8LRHyLAqdhUHGREdkK,410000000,5,2022-04-03T19:57:59.140Z,1739.3470508000005
13B6iocmE51GjeSeu3z88hkmuZS5K7ihU7,400000000,1,2022-04-03T19:57:39.469Z,1672.16394
13iPG2JdveZtTGKmu15W3RVm1CoH1f6EqW,300000000,1,2022-04-03T19:57:57.848Z,1254.1229549999998
13fbQ3WeYtTwFYcQuvmYaZmMH4Sn7iFmUo,300000000,2,2022-04-03T19:57:38.461Z,1915.93861484685
13fzBWZwewW85BgokKuvzofzcKdcT35ozt,400000000,2,2022-04-03T19:57:57.880Z,2614.7383051655825
13LgdNCHkoSbbc1JQBGpiMNkcEadhmZwcw,250000000,1,2022-04-03T19:57:59.100Z,1469.5025624999998
13FvDta5YyWybjLqSCLpRQWe35FPxozMgt,300000000,1,2022-04-03T19:57:39.484Z,1251.393036
13KuxAFq7cnwzYNLw7fiLHwMdp6xtWcGGr,400000000,1,2022-04-03T19:57:59.083Z,2617.40796
13j8bMtqyLuid79ZKPNyYFBxWxgYzfeLXt,1002503,1,2022-04-03T19:57:57.986Z,4.1585429447303
13MGFFCN4mkR7Z7W7ubNjDCZE8iPod2A3i,400000000,1,2022-04-03T19:57:58.052Z,2147.679932
13mJPBsGW9B4JBHSjTKreySccUQ91A4x4Y,10000,1,2022-04-03T19:57:58.007Z,0.061398297100000006
13HjWG8SgisBWxi2pjygVomabBePpfebWQ,100000000,1,2022-04-03T19:57:57.959Z,424.954987
13J1gbDW4KzGChedx4VdKhuGiqZZvH4n2W,50000000,1,2022-04-03T19:57:59.208Z,208.505493
13FgkrHAJ773tDjaK1xbruaRHMnA3qUWct,150000000,1,2022-04-03T19:57:38.484Z,689.4044955
13hM16pwXk361FXL7sZUGnBDFp8VKQueg1,76000000,1,2022-04-03T19:57:59.223Z,479.19521520000006
13fUcRictbUDVfHqLrUBMssnnZyYr8bKGi,50000000,1,2022-04-03T19:57:38.524Z,212.595001
13CrFMACsu3UR7uUFWegAUcWFdFDbJe6M9,300000000,1,2022-04-03T19:57:38.538Z,1791.446961
13Jq5Jcp1Wt8spUcbTs7aAVdZPUnrQYpC5,500000000,1,2022-04-03T19:57:58.096Z,2213.379975
13bMWAcFPB4tuRvte42yiyeittRSKfaJac,100000000,1,2022-04-03T19:57:38.584Z,417.177002
13LMePoqNVpCrA15xBeYu8te9SJVS5VHnt,1000524,1,2022-04-03T19:57:58.145Z,4.2698863986786
13fGaUyiHqmp7nEW9JSPFyBW73ccwnHze4,1439328,2,2022-04-03T19:57:38.612Z,11.89768695542592
13ixvSRjcahBufANHrR9sFUjG9gegNdTHm,1002792,3,2022-04-03T19:57:58.111Z,12.717758970781198
13J9HdMqZfpExvmDPeYbiQugdPmqTULN8F,1000514,3,2022-04-03T19:57:59.295Z,12.498241155665038
13BtfVbVtj1MQ6AAoRvS8rnjphWSYnUgtM,51000000,1,2022-04-03T19:57:38.638Z,214.57535592000002
13j6Rkaj4cUHngXT7Lyfrg85Zo85mpG3xi,50000000,1,2022-04-03T19:57:58.129Z,204.774002
13CRsD6k2cBu41i37kYuyREfGofG5V5xdS,300990000,1,2022-04-03T19:57:38.694Z,1814.494075602
13dd4iH1vjGKSwrsaS64kDpbTXmK8MMtZ7,400000000,1,2022-04-03T19:57:39.530Z,2602.476076
13cebLAcYD9CzFokfRGedkbBxHHj2JfKzm,559980000,2,2022-04-03T19:57:39.608Z,2374.4831884001997
13g2Ebc9grmMju3kdj2jEqUTgfQ78SD6pA,24967731,1,2022-04-03T19:57:59.338Z,105.71661736096615
13bUAwNxuS2Ni6f7pQDejxNnhVBZokYPxg,200000000,1,2022-04-03T19:57:38.652Z,1155.005982
13fTg2mevSg64miyhwa7oeGEtaqrwp1vZi,50000000,1,2022-04-03T19:57:39.670Z,210.310501
13DeUeXzQ9T1awqsorxnTza2mzMFxUAGVt,300000000,1,2022-04-03T19:57:38.772Z,1270.238982
13C9wsrrKuAasC4nG8yohS2bNbF5mf7x7p,400000000,1,2022-04-03T19:57:39.726Z,1714.364012
13HZxfTwDxyy2ChbBj9ENg9kZJwxMQuYAZ,50000000,1,2022-04-03T19:57:58.363Z,207.4299925
13BieaYQGZDZjCtGuCo8xXfRF6acPUeWoy,250000000,1,2022-04-03T19:57:39.762Z,1466.8824774999998
13M5TMeBFRokREanxZJU4uUUZXgicv7NDJ,200000000,1,2022-04-03T19:57:59.414Z,1331.369996
13LMuFqJ4T9cSkaP6gzB4HjtoGVnnCobWi,1000494,3,2022-04-03T19:57:59.438Z,13.6768827440718
13HFPEffTNZAP1j9JiXFsNuoeuE8Y1Sgcv,1001581,2,2022-04-03T19:57:59.469Z,8.3740381559457
13CSwccfjRS49ZxGHmXDwKntfTEeRBNZnd,300000000,1,2022-04-03T19:57:38.851Z,1251.032958
13hyWF5gW7JKVC4eUTZUtR9fZ59m36Wbji,550000000,1,2022-04-03T19:57:59.520Z,3314.4375
13egkJBwjdqEETfKFeJyK79vMST5ZRc2W6,700000000,1,2022-04-03T19:57:38.917Z,2803.990049
13JZK4GJZpSfY7RaLbTKrdMtQf63qTYjuT,200000000,1,2022-04-03T19:57:58.395Z,1196.42395
13H3Q5p2jfwUVRxfGPsDZ1vYqxhgMsHhuu,50000000,1,2022-04-03T19:57:58.412Z,216.076004
13e9S5AS1e1ZZXW6V87sHSyyrm9gDcNEHN,150000000,1,2022-04-03T19:57:38.899Z,676.3424835000001
13gD768HPBccnkRS58qgHCqqqzkEEuFTWV,150000000,1,2022-04-03T19:57:59.502Z,676.3424835000001
13ECPutho5okQsif2DceNdnYp4BsmouKDd,3090000,1,2022-04-03T19:57:39.845Z,13.395273538200001
13hDHGhHkmQNDqo8YDEa1TWgnivkd9pvvZ,250000000,1,2022-04-03T19:57:59.536Z,1477.6350400000001
13DBz3ewtMoshjz5ZzC8wLqbR51EJA6M5v,100000000,1,2022-04-03T19:57:38.945Z,414.81601
13hyPoUKJ6enrXjEHCXAN9dPvtHW9A6wXT,100000000,1,2022-04-03T19:57:58.426Z,420.785004
13ikPvZ9Q6XvbFDoASXFXa2GB1uehiQwtj,1002248,4,2022-04-03T19:57:58.455Z,17.82674487701952
13LVQGM2z2Pa6AzyFjyp22phqiNEvKHy6s,1002938,1,2022-04-03T19:57:59.569Z,4.1761737760725595
13RkFMjjhCHYKrbZyBGGEUAcMkNJAn5jHP,100000000,1,2022-04-03T19:57:57.370Z,454.765991
13SF2ma1CUeLKSdRQeGss3urhX6EWzzT2b,410000000,1,2022-04-03T19:58:16.931Z,1713.5745286999997
13T3bLVVW9FZZcsT6JCQLsrjpqHEm88cnk,410000000,2,2022-04-03T19:58:17.687Z,1700.7459553981
13qnVq1LSJuCBExWSmCvUW6kyE8nSaPDnY,400000000,1,2022-04-03T19:57:57.387Z,1698.176024
13wpsVFWGnaSXF7EygamCq8iuMeqMMzumd,700000000,1,2022-04-03T19:58:17.731Z,2919.917084
13USUrfbZoTvhAr36YB5viPL5uvhagQRPP,50000000,1,2022-04-03T19:58:17.701Z,211.706497
13Ty5zFnQmWvqGa1pfkDZxYmxg21R9NA2M,51000000,1,2022-04-03T19:58:17.717Z,223.25147286
13tjqi2Js4jUX55twyCH9UVwWmXKzDTMut,400000000,1,2022-04-03T19:58:17.792Z,2306.38794
13MKEDWccHtQ9aBUL7WtS1Q6AEyxnD1xFH,150000000,1,2022-04-03T19:57:57.487Z,636.0449985
13RkdMv9C3iKWeqrDfRp8PVp4jfu9onU2i,400000000,1,2022-04-03T19:57:58.507Z,2333.659912
13uCUmxjxx8HL7cqGWZQHJ5cKpCb2EAXti,100000000,1,2022-04-03T19:58:17.772Z,417.177002
13Numosywt5k9HLy1U2PG76aZEBYUw1h8X,1795342,1,2022-04-03T19:57:58.482Z,10.95524832065818
13RiPJ3xkLbyNV7Eq9Hoo6Hi8zxEKxjBzr,100000000,1,2022-04-03T19:57:57.467Z,416.394012
13V7ikqxaqoZoEdb2QfqKyWKhFgA7Bzz3i,50000000,1,2022-04-03T19:58:17.013Z,206.6535035
13SdNWDqFqJwNLDtrjEKDYmsdvjmB7VLYy,150000000,1,2022-04-03T19:58:17.878Z,658.197006
13TGTDqPUBNz1QV2owLNRJw59psVvDqjcq,400980000,2,2022-04-03T19:58:17.834Z,2565.8309821469998
13nucb19idcLc7WNhXzjWrJjHm7WnWBwiF,100000000,1,2022-04-03T19:57:57.559Z,420.735992
13sWhf6Hm1Lc3818ML4vrBJSbSYM6dSuJ6,510000000,1,2022-04-03T19:58:17.029Z,2132.0090235
13NJMGYVWiNLVrKCSTGLmj5YTHcvokfCXJ,50980000,2,2022-04-03T19:57:57.521Z,213.1417665922
13RxgswiVNKix3RszaqsT56SZHiU2xsz5k,50000000,1,2022-04-03T19:58:17.896Z,210.310501
13RpzXkudpCcNU9SzNCws7Ln8jyLuNc5A1,50000000,1,2022-04-03T19:57:58.538Z,211.186493
13tU5Hpbx9AxosgzjycUZTA8aoWpzhkkLe,1000167,1,2022-04-03T19:58:17.053Z,4.1413415085533405
13vZfWPAK8qtgtqthqLnt2zrDKutqfthE2,410000000,1,2022-04-03T19:58:17.071Z,1713.9680384999997
13v4pV1TYFD9LW7urfgBZvkuxPuR58udDT,200000000,1,2022-04-03T19:58:17.990Z,1147.823974
13tW1XziLPkraqd6hbMcYNqu1vhQJrLomp,1005588,5,2022-04-03T19:58:17.930Z,22.5239651480322
13Q7ruVzWAKQoLDrj8S6NFhy35DVdQcZdB,400000000,1,2022-04-03T19:57:57.578Z,1707.06006
13NrgYhtjgMtPpGdtPpxV4WX3S7azfeD48,54650619,2,2022-04-03T19:57:57.594Z,232.01592720639715
13pcduxkaQQPx68euFm2KmVAwwuKGSWFJK,50000000,1,2022-04-03T19:57:58.569Z,209.0204925
13sqjo4vgsw7qTiM9WnSNftgsA4GnG54XF,400000000,1,2022-04-03T19:58:17.953Z,2297.271972
13ud85RgHxkuvTxzay4w8jk3gRQCJrgMEk,200000000,1,2022-04-03T19:58:17.911Z,1279.78003
13Pk4GaCzHNCffp2vJ3NhK53rooU3M9DzD,400000000,1,2022-04-03T19:57:58.652Z,2427.892088
13nzmaDGTuU5GP9UVwmbrGrVQPupXbTARn,150000000,1,2022-04-03T19:57:58.597Z,849.5324699999999
13RMZG9CNa3hpYXYH6mYCUuDwSwRQr1apR,400000000,1,2022-04-03T19:57:57.646Z,2351.2041
13nJqUBgH3hAGUFwCXpofc1c6vRV2q4ZW3,150000000,1,2022-04-03T19:57:57.632Z,642.8865045
13W6ep89wGCLyXK68qndMi4vU9K2chBsb5,410000000,1,2022-04-03T19:58:17.142Z,1707.2154491999997
13vKvHMH7KiqpgyyYcCrtZJSm6rNHBzhB4,300000000,1,2022-04-03T19:58:17.161Z,1743.923949
13oeKSdgBQiSCJxwNngiM9rCbNs3jTucRu,50000000,1,2022-04-03T19:57:58.670Z,208.1609955
13pQDE2mutWKSWMcWv5fV3QSUWzCErxqYm,50000000,1,2022-04-03T19:57:57.613Z,208.565506
13Pq6fugHzprSjEqvZKjVXtSpk9njAhaKb,1028358,1,2022-04-03T19:57:58.684Z,6.7361045476433405
13qhV2YHfWWUU4pWvRP1Jq5SvY7CW44MFS,400000000,1,2022-04-03T19:57:57.661Z,2302.147948
13nDcNxYZY5FSCWCnFi4tPNG4JNtLsFdyH,200000000,1,2022-04-03T19:57:57.679Z,847.978028
13PNmyEWR3roj5nyojhhfiuZKs95Xw5X6h,1149712,1,2022-04-03T19:57:57.702Z,5.20506810886864
13RX6i4o46Sd89StmbSuYwB75WP2rKmqLc,50980000,2,2022-04-03T19:58:17.206Z,223.1639232628
13QPwxnKBnQan4XZSFDtbMHfaoNciMGHpP,200000000,1,2022-04-03T19:57:57.753Z,827.94397
13Qg2FLwsJQgXyNGwE9dGKiG7RaQnuDgTm,510000000,1,2022-04-03T19:57:59.011Z,2143.7798949
13Nc5VCYQP3hDEN8z6FAqPotPYyz3eKKaE,410444385,1,2022-04-03T19:57:57.780Z,1735.1330948460309
13MUnPadsBp11YF48Q32WFq8aUTZTEp688,50000000,2,2022-04-03T19:57:57.797Z,208.16307970100002
13ShtkJcULBRxsFNmjtWQsUgKKTbPebGCX,300000000,1,2022-04-03T19:58:17.253Z,1791.446961
13uUgL8QuQi5tZEa5QESosxWjCPCCcKKUV,200000000,1,2022-04-03T19:58:17.267Z,1182.108032
13uBqCEakYD7bMRnj7F7QqR2aRPYcAHxQo,100000000,1,2022-04-03T19:58:18.049Z,422.372986
13uhVGvVCudKFRXgthLHXfHRnRbdfscfiC,400000000,1,2022-04-03T19:58:17.286Z,1682.484008
13NTLP4a6mFftFbm1w1SBNsgeyDNDsi3PF,100000000,1,2022-04-03T19:57:59.067Z,424.029999
13RRvL7DYpGYutX7WA588Ch6jLyDYEJbfj,400000000,1,2022-04-03T19:58:18.077Z,2632.312012
13pS5EaLxJPoYcwrXoDGVMo9WAF425tUZK,50000000,1,2022-04-03T19:57:57.919Z,210.310501
13P53d8qdEr4CSMYRsQssdSybvXeQjpcPG,300000000,1,2022-04-03T19:57:59.175Z,1910.358033
13SHimuy3XeXyorMt3WesP9XYFizjsu6V2,50000000,1,2022-04-03T19:58:18.092Z,216.076004
13oVihgpFub36QqFQad27m1c7bZwP8gx92,50000000,2,2022-04-03T19:57:58.024Z,205.222
13NFHEveCU96tnfemt6k5TxWPZ3Lb8B5eb,150000000,1,2022-04-03T19:57:59.191Z,671.9640195000001
13vaH5b9kAFeSZSn7tXnvdjabir84hHen2,400001000,1,2022-04-03T19:58:18.129Z,1668.0481141098599
13UdM5NC6Jn9Qrqhd1k9ERkt16gxm4AQLo,1002954,1,2022-04-03T19:58:18.149Z,4.18242836452644
13pvE4QNHqyZGe9rn9d2fwUosc2GTsdABR,300000000,1,2022-04-03T19:57:58.080Z,1830.6119370000001
13vbDWd4a8QuAsosTWdzg8V5EKu2dicbtH,300000000,1,2022-04-03T19:58:18.227Z,1244.44803
13usrMrQZEy2YkJLqyo9HJsQE8h9VAcUk3,100000000,1,2022-04-03T19:58:18.198Z,450.894989
13RVxZWTyNndw2YfAyZ2T2M5aNBYm28itP,250000000,1,2022-04-03T19:58:17.425Z,1599.7250374999999
13sGwiKqVQRFndwp2gJHK3nVs3cMJnxUYm,300000000,1,2022-04-03T19:58:17.377Z,1819.770081
13pSEJctTaEVBBfox3SUVVvBm5eS28K7bC,50000000,1,2022-04-03T19:57:59.280Z,208.197006
13rjbaXcnLfCkWSeaPz9oHiWMCFHd9ChXy,400000000,1,2022-04-03T19:57:59.255Z,2300.17212
13UgdMK2kQumaFuefaqDB7vhEawPBfFnVU,50100000,3,2022-04-03T19:58:18.242Z,221.144732586
13SUWM2mFz2Z2F7s399VWhV58mSaer9zmK,400000000,1,2022-04-03T19:58:18.285Z,2653.02002
13NgHYBsh8HR4w4DRhHFoct2QXPnc3dxfd,200000000,1,2022-04-03T19:57:58.279Z,1205.25
13N5Jwxoz5fXLL1oXPR4fbBN9USJWyyZCT,400000000,1,2022-04-03T19:57:58.259Z,1672.16394
13UBNWsrBMLeVNBN13Q31EpKhEZZy4oK1C,1001796,1,2022-04-03T19:58:17.440Z,4.186956362325719
13S3wZE3S2hoUhwywZEpKZ6qb5sYpcixZq,400900000,2,2022-04-03T19:58:18.256Z,1694.7846849549999
13mUqm1CixB1gRLctwHLw46MWk7J87MgPe,300000000,1,2022-04-03T19:57:58.312Z,1250.489961
13NpL3mAXoFtt98fGU5cYMkMskK743WiD7,250000000,1,2022-04-03T19:57:58.296Z,1642.4800099999998
13Qp2pZbb8DVLegAncRL9Qsk8PhdximncS,100000890,1,2022-04-03T19:57:59.311Z,420.78874898653567
13Qf84FjLPdYXiRR8XbC62S8EskyVZETen,50000000,1,2022-04-03T19:57:59.376Z,208.4149935
13nLnUNn5dmpC9QKA4EBZutEuus9TCnXDN,300000000,1,2022-04-03T19:57:58.346Z,1343.9280390000001
13nbu7cc6wMaW1W8mky7ZS1KiaE5KeyUxy,400000000,1,2022-04-03T19:57:58.328Z,2147.679932
13oASPRtxGUszXu38HvkDRmpDBmztR7JYJ,100000000,1,2022-04-03T19:57:59.391Z,424.954987
13TGGc49Fyjp7U8uJjCedbCRJrvzd2yH5A,50000000,1,2022-04-03T19:58:18.371Z,218.873993
13N11ExTmigUbLVnMU6Y1Z9vJo7cLpT6v1,300000000,2,2022-04-03T19:57:59.363Z,1305.368958
13rRBZnUFYPkJP86fGGUjjYiJKKNMzjZzW,300000000,1,2022-04-03T19:58:17.493Z,1820.919066
13V9WirDbzEdQWHi3DSHGM78PR2aZr2tB6,300000000,1,2022-04-03T19:58:17.511Z,1251.5310060000002
13spWmnkCD1R4pJ4y2S143vw7shC37Yko2,150000000,1,2022-04-03T19:58:18.446Z,662.0835119999999
13Q7pTWXMmrJprehRNS7GbTs8oRTDsoVjU,50000000,1,2022-04-03T19:57:59.454Z,210.310501
13uatk3339EZBYizS6gdYFiAHR45kbyqX8,400000000,1,2022-04-03T19:58:18.463Z,2351.11206
13RtpbqRsS8vd6QAkZ7ikTa4QVtLBWHt55,75000000,1,2022-04-03T19:58:18.479Z,478.4700165
13Sfs2w6VPwr1DFHgBDeFiFbKzp5eeKkbf,700000000,1,2022-04-03T19:58:17.575Z,5293.58893
13o4wLBWjqWYyx5wwmk79njMG78uGn3Kex,400000000,1,2022-04-03T19:57:58.377Z,1698.176024
13piCnRXfWXb9fdgRTtbt3b9n6d9taSnRs,50083000,1,2022-04-03T19:57:59.485Z,208.56463753004002
13U1tsB5696BxYUYXD6Y3628fQfLQFsq4y,100000000,1,2022-04-03T19:58:17.592Z,422.372986
13o6nWP8NR92Q7rQxhoaW9eG52LCgqBtsH,400000000,2,2022-04-03T19:57:59.553Z,2709.323976
13tPKAz9B3wfFM77DdFJ4rC17JgW2cKzTP,150000000,1,2022-04-03T19:58:18.510Z,671.9640195000001
13wED4gLdgRQCeTNMSJJqRr7dUzSL1nfBA,50000000,1,2022-04-03T19:58:18.524Z,208.4149935
13udo9uDLBCHKU2uZ6z1nErtkhJYQeRSbC,150000000,1,2022-04-03T19:58:17.621Z,626.9399865
13p1ZcjCQS3T7s4NZvWaa5Pc3XMUA2hiMC,300000000,1,2022-04-03T19:57:58.439Z,1296.456024
13SjNVsCYk1US5ikvV3Vu42dzNvGxSn9nx,200000000,1,2022-04-03T19:58:17.672Z,1151.26001
13V1sJ6SLcAjEZc8MKPMKee8vUqehFpv7C,400000000,2,2022-04-03T19:58:17.657Z,2495.90796
13vryHwXxobT7wvw6Rt85rJUMtQ2VqQcSb,100000000,1,2022-04-03T19:58:18.559Z,417.959991
13Zwk25d37XVYrKhA1x6AtN7i91iRRTqvG,100000000,1,2022-04-03T19:58:16.890Z,418.040985
1429Q3yLsUoKejvn9Sdwh8ZdbRWe4HBWky,550000000,1,2022-04-03T19:58:16.995Z,3336.2451484999997
13zBeL6Rjzzbf7ZmJq3e5NSCgkZWFPbTu3,50000000,1,2022-04-03T19:58:16.977Z,208.505493
142TZU6mKZCVJihdG4eYKf5N7Pqubgo1HK,75000000,1,2022-04-03T19:58:16.946Z,472.89001500000006
142rUgCrszmWGvgBqPu1uAJBMRHAqcFiuB,400000000,1,2022-04-03T19:58:16.961Z,1813.536012
13yfixStvgsew1rfHJWLy4pNMePDeXhjj6,200000000,1,2022-04-03T19:58:17.746Z,877.596008
14a2U25g1mrxiPnabCz8YL6tHmAEXm311W,50000000,1,2022-04-03T19:58:36.506Z,205.222
13ZHUtxQ9EfcmiLaEB9iAqrEDA2wKeKXpa,50000000,1,2022-04-03T19:58:17.813Z,207.032501
146ZCYpkb1Eo5ADvvQYefXVu45J1Zf9Dh7,150000000,1,2022-04-03T19:58:36.518Z,854.9205314999999
143RFam382feKrDw1Le6sFUCcTM6ZDY8WX,510000000,1,2022-04-03T19:58:36.533Z,2125.3179204
144XwsLCbVWCP7pa7cQvKVJqrE78z1d3jX,78400000,2,2022-04-03T19:58:36.564Z,326.452905408
1453DL1kh9wkZWnv6UGr46xMMNXvYRcUud,410000000,1,2022-04-03T19:58:37.492Z,1707.2154491999997
149ETbogY6gyUrRDgxZaDG26Mx5gMEgq8t,400000000,1,2022-04-03T19:58:37.509Z,2433.248048
146JqdwjD2LvvyhAxaG2rzBC5JgUpKsTPY,200000000,1,2022-04-03T19:58:36.604Z,843.302002
13xk9DHHsELzUdMUf6SQHWy8LKRZn6s7dE,202000000,1,2022-04-03T19:58:17.860Z,1321.2759097
146zik3JCd3BBjAq17WujKWfoPn7xHRr6M,300000000,1,2022-04-03T19:58:37.550Z,1878.947937
143bNkS9aqUXeJowgDYXLorFonS956ZTvE,400000000,1,2022-04-03T19:58:36.630Z,2300.17212
1478txV5QcmmGdsEDVcD7X2hJmNhXixEf3,100000000,1,2022-04-03T19:58:37.570Z,414.81601
148bFaseorErtzQ255TrX6E7rygRRSc667,400000000,1,2022-04-03T19:58:37.603Z,2350.236084
13WtkAYo2syD17gV4TmnmEg8NCHMJFaitM,200000000,1,2022-04-03T19:58:17.971Z,1308.936036
14aecB99eNXjibDyAuRCHjF8iw54UgbPdL,75000000,1,2022-04-03T19:58:36.647Z,346.06949625
149XBR1ngy3bHi34CcraWBdnMNtzAx45F4,100000000,1,2022-04-03T19:58:36.661Z,423.412994
13z6C1MeBKWHGqjj8RgMTK4A5skDsoY2XF,50000000,1,2022-04-03T19:58:17.086Z,210.310501
13ZUDCgNSsvRRe76H8W6CaDknb6CVyRJM9,100000000,1,2022-04-03T19:58:17.105Z,418.040985
145NwE6sVnMTTVD4zaiwHjpUTsoSunX3TD,50000000,1,2022-04-03T19:58:36.698Z,207.032501
146YVbgzEWkX2sVeYPSaz1gcoXe1FnuekJ,300000000,1,2022-04-03T19:58:37.588Z,1254.1229549999998
1458PzvYuYbWBRgV4ssw1HGdjmqyBovoxL,400000000,1,2022-04-03T19:58:36.757Z,2120.159912
13XW4KrvwwFaKcWxVGcmjPaXeHtVFbjqdU,50000000,1,2022-04-03T19:58:18.004Z,206.8775025
148SrsDrp3Xi4BCbBXpNgQ4Kg3UpppieMP,400000000,1,2022-04-03T19:58:37.643Z,2559.56006
13zfrDPSvwBCzp6B8huoQLeQtr9coiDwsJ,200000000,1,2022-04-03T19:58:17.126Z,1150.94397
13x3To1PkeHLZ95XEZXeTHDMaoXCFd7ggb,250000000,1,2022-04-03T19:58:17.176Z,1664.2124949999998
148vU1x278xgVhTF9edeukqpsdDkB4Hguz,400000000,1,2022-04-03T19:58:37.659Z,2448.531984
1463wTckrK8qywoCQhQ6QME673JZ8gux8U,200000000,1,2022-04-03T19:58:36.771Z,1150.08606
145bGqCdvj7qTXoANdRNqyTE57qqtwS97D,550000000,1,2022-04-03T19:58:36.787Z,3240.1599725
142re7hmYJrZmbrcefZDWUHDFmvp13PXo4,400000000,1,2022-04-03T19:58:18.019Z,1666.063964
13YaKfevkWDVfKEf239WT1Udqeo9jTJuX2,400000000,1,2022-04-03T19:58:17.190Z,1695.956056
1449VgcRR5z84GxNr9cguexQEgV1RRE63e,200000000,1,2022-04-03T19:58:37.676Z,1331.369996
13xFaDZX3ibBqzbcYrwCV45rmhQZxW5HXW,50000000,1,2022-04-03T19:58:17.239Z,208.197006
14aCcwMTMKLPQFsZYswpB64jSVuUswVun1,50000000,1,2022-04-03T19:58:37.710Z,207.4299925
142aL125uUfbRA4tm9dqKrTuGs2CYaZ6w2,101347927,1,2022-04-03T19:58:17.223Z,428.06626551900024
14AFs1zkenJ3RcUKt1z9xiTu79FwkknLF7,200000000,1,2022-04-03T19:58:37.693Z,1321.534058
13x2qyde3qzVDB9A5ezHupmVXhjzXwY229,300000000,1,2022-04-03T19:58:18.033Z,1244.44803
1465mUGY64bfkkaMCqEWWvYX527vhLBUED,400000000,1,2022-04-03T19:58:37.747Z,2125.543944
14aMUayS5hpShKjDXCTmLu2Xe2VNZceUS2,50000000,1,2022-04-03T19:58:36.873Z,216.076004
143f4z7KtmNqJ7ti2CcMsM14sn3iBKwB6N,510000000,1,2022-04-03T19:58:36.826Z,2163.8382662999998
14A7YUed5ucwWh3oGd96wbNzpmtx5AdhTY,400000000,1,2022-04-03T19:58:36.934Z,1668.524048
13yzmtbi5P7xCK3ibeEn5F7vifJvZbPWim,250000000,1,2022-04-03T19:58:17.303Z,1637.5874325
13XXiZC97TU1N3s1aDqQ75wikMkVYmi3kN,410000000,1,2022-04-03T19:58:18.063Z,1708.5889163999998
13YFfXYHqQhLcL1FkGTmfaLQX66oQ45HKr,700000000,3,2022-04-03T19:58:17.318Z,3223.381014
13zbxoHwzFoczngyHbT5suiHXgsfHN4ZFo,400000000,1,2022-04-03T19:58:18.111Z,2559.56006
148qpVw1GgJokZx1EjoXusQT3SVpvp9HQU,50000000,1,2022-04-03T19:58:36.988Z,208.505493
13Yy4WdTJAjzjsCP25ogEwq9SeS5HxuRp8,100000000,1,2022-04-03T19:58:17.333Z,444.669006
146mku8HwfPFNoGRxixtgmfacLAPXTQXeU,410000000,2,2022-04-03T19:58:36.949Z,1708.5676150999998
13XFfRHwhhTLRSdJ2L9GryXst1Nq8ci2rj,300000000,1,2022-04-03T19:58:17.347Z,1750.244934
1447kscuDr8A52kKJSGtdFYUACtELVQmdd,50000000,1,2022-04-03T19:58:37.021Z,206.6535035
149WqrQ6DS3pmzB6JTbyB2hhHVGg56xVUx,150000000,1,2022-04-03T19:58:37.922Z,668.971482
147q5HMiGp3rYtUKmNagQDGdAcJpQDoMit,410000000,1,2022-04-03T19:58:37.815Z,1708.5889163999998
13y6wfy8GxLZwB9i5C3C1zEfz4wjXr2nuU,50000000,1,2022-04-03T19:58:18.213Z,208.505493
13zHqZ5t5PTjB4d1Wz2GgMsWA4zb7R56PV,200000000,1,2022-04-03T19:58:17.409Z,870.245972
13xGopeccuTAPDqG7fhXmtuxE8fYwZKtVu,50090000,2,2022-04-03T19:58:18.180Z,208.7901404883
146N1TroH39n1TK8gcRZfdgMnQLXnLoRTi,50000000,1,2022-04-03T19:58:37.851Z,204.774002
143eqxnkFmKSwM8gpKNH88YXLQs581RL4K,50000000,1,2022-04-03T19:58:37.834Z,206.6535035
14AFroDPbjjPvtwpsbxDBr7Q2a7PVgArvp,300000000,1,2022-04-03T19:58:37.117Z,1722.953979
145151qR5vGKHRzB4ctH3LY5poCsLZiZRr,300000000,1,2022-04-03T19:58:37.882Z,1272.692964
147PBbxsXGTqmGHNscgSAYbpK8ENqrphLF,300000000,1,2022-04-03T19:58:37.868Z,1254.1229549999998
13xBt7Q2M741dLHDFb9947HG735Ry2A1vC,50000000,1,2022-04-03T19:58:17.394Z,212.272003
146m3XF9wsMJ1hp9CYRpoGSFEj3ftR9fV9,300000000,1,2022-04-03T19:58:37.043Z,1250.1870119999999
13Z986hiEWvamwQoDf54zQjEorDR7b5YQs,38393449,3,2022-04-03T19:58:17.362Z,309.9879195109944
1433FSZ5mdQdwFPvG6pNbgokoCT1NDr2f6,51080000,2,2022-04-03T19:58:18.165Z,211.11721917559998
14AEkWtJou8STG7dyDK4hJ8XdZsXcdsXNi,50000000,1,2022-04-03T19:58:37.981Z,218.873993
13XUv4vJA3SWtAg4XPwT6G2Sce9zsrCPPD,50000000,1,2022-04-03T19:58:18.271Z,206.6535035
148SNYbCFmWUMSFyPZkXEabDCfTzsfqmyq,400000000,1,2022-04-03T19:58:38.037Z,2662.739992
149vN4YwdmXMPxE1NLwo9AHc51XbC85rgg,500000000,1,2022-04-03T19:58:37.998Z,2669.3200699999998
142ZuVdRariNNxAqmoZvgPvjUsLFrJznxf,400000000,1,2022-04-03T19:58:18.302Z,2617.40796
146Hh4HKSfdE5BWr2d16gkCBsUQmm839Fe,400000000,1,2022-04-03T19:58:38.064Z,1665.576048
148psBwLkj4DYqtxPhUvTYuXzFMn5cY4yk,50000000,1,2022-04-03T19:58:38.014Z,204.774002
145Bw6frodyewrwwPCN7i7F94mF32XS21g,50000000,1,2022-04-03T19:58:38.102Z,207.4299925
13ykRHtnshJTXWZiSLrZXdsnihqThg6FXS,50000000,1,2022-04-03T19:58:18.324Z,227.5484925
13x5XJby7wp2mCWvmKt9bGj3YjHzxuXbss,150000000,1,2022-04-03T19:58:18.342Z,997.9485164999999
14A2Uo682SivvW5WuZDMWJ22skhszGRmwj,50000000,1,2022-04-03T19:58:37.940Z,210.310501
13ZQF4YsqFVuxUrVEMH4kKxPTpyTBtFVL3,50000000,1,2022-04-03T19:58:18.355Z,218.8484955
13Y687aj5dAUkxtkpwwUVcM3NMJpj1JVvb,550000000,1,2022-04-03T19:58:17.460Z,3339.3526595000003
13XtWX9XYreEazxFpDZti8kMT7uD6aq3rM,100000000,2,2022-04-03T19:58:17.474Z,416.515991
148d9KdHopzQbym82SrD1LFU37doB5iqJv,200000000,1,2022-04-03T19:58:37.133Z,1330.598022
143DLnsJqdrGjmxKikSgXybo1UVrMzWaKg,300000000,1,2022-04-03T19:58:38.148Z,1364.297973
142PvK1FEGwfoE464c39zkPYHo2K5HgN3a,400000000,1,2022-04-03T19:58:18.398Z,1638.192016
13zZWNEbafuSbQyka44KkLHsp6EKXXQcjE,300000000,1,2022-04-03T19:58:18.411Z,1251.032958
13zaoV6F6jxHW6E5nvpU8w5oFfGczaHqDX,86187425,1,2022-04-03T19:58:18.383Z,391.4313898315045
141GjSvTZnj4FwzEuqT2yyjjUt5krj2ULt,500000000,1,2022-04-03T19:58:18.428Z,3065.10498
14aa9hF5VEuxT8uUArbAt5KRMBmhjgMwGX,200000000,4,2022-04-03T19:58:37.245Z,1075.94397
13zALzxHKVHwtAKJTaLjaTg9i9J9yuzk2K,400000000,2,2022-04-03T19:58:17.528Z,1638.1928700984997
141z4Y9CisThjUhP38iHDa76SP5PNw2Ka9,100000000,1,2022-04-03T19:58:17.542Z,422.372986
146TwrYmBsRnaCAS5BcgJKJkZkDEvjauLz,200000000,1,2022-04-03T19:58:37.284Z,1346.67395
13WSGhEwp3JBhAeHurRozexBuKetDSXSn7,510000000,1,2022-04-03T19:58:18.495Z,2115.561651
146Wq9fSeUuWdTxVnbd9R59yUFRTwhnE2J,800000000,2,2022-04-03T19:58:38.249Z,3387.303952
1459LH3AiVjFVo3eEC4eHw8Db9eMqKJ14m,50000000,1,2022-04-03T19:58:37.331Z,216.259506
13XJ4urFA1r8CHaK5eyigcQLGYD1EgYydz,4937264,1,2022-04-03T19:58:17.559Z,30.0791448555536
13wvViJBdmSktvyf1RDcyQwunU4S44Vis8,300000000,1,2022-04-03T19:58:17.606Z,1249.182036
13Y2WGbJM7JzCK1AnzApbEh8RfveiGNTMq,200000000,1,2022-04-03T19:58:18.544Z,827.94397
13ypBZFHybHdZ8tYFkvefbkpqE9bUxt4N6,50000000,1,2022-04-03T19:58:17.637Z,210.367996
14evTHQUf7AG6WYZDg5vb4SqnYXVGKHFCF,250000000,1,2022-04-03T19:58:36.448Z,1542.8024300000002
14BEEoQjxc3UXZ8RiddXwZY6LrsaribXYu,26282495,1,2022-04-03T19:58:37.457Z,110.61592150180071
14bSCjUbeVUwACN1V6jwLpVaiArcD73QaH,150000000,1,2022-04-03T19:58:37.424Z,858.4544685000001
14B3QzvSDsYdRAdKDzx8eHsyZoQQgS6cNG,50000000,1,2022-04-03T19:58:36.578Z,204.774002
14ga69GN9hrrq7VS3BESVA7ZdbzB4xPRDn,50000000,1,2022-04-03T19:58:56.765Z,208.565506
14AvAs5QGy9qmcAru5S8JgAYUUVQHDZ8Ct,200000000,1,2022-04-03T19:58:37.441Z,1352.592042
14DpH2GH9qtzgu6u5ma9gkpinBpmC7NA1X,1060319,2,2022-04-03T19:58:36.549Z,14.10249768551312
14iAXnB1GBrTHhrXxZFPKdFVVWCsfxVvwR,400000000,1,2022-04-03T19:58:56.810Z,1698.176024
14gbQKSVT44C412QM71bVqUarVB9P4gDqs,200000000,1,2022-04-03T19:58:56.750Z,1279.78003
14eMZX6wiU3wSfk9sbFbepbiQrUJokDuv7,300100000,2,2022-04-03T19:58:37.473Z,1717.481239979
14eYGaDvpDVTr64dJJyNxm4AwiMve1zGvj,200000000,1,2022-04-03T19:58:36.589Z,1301.238038
14EktCGh9bKThbL74FoVGrvKYBQCFHeDtV,410000000,1,2022-04-03T19:58:36.616Z,1713.6359630999998
14gscPLMQXdanrs2271WfEaHNa1fHuSXq3,410000000,1,2022-04-03T19:58:56.879Z,1710.4257082
14G3TWBuUFccMvFqcfVUjzCgfgxdeGgu2z,150000000,1,2022-04-03T19:58:56.840Z,675.4559790000001
14DbNZ4FDBuba94bfzteNq47z5LkNcSYuS,50000000,1,2022-04-03T19:58:37.528Z,211.994507
14JKYYBiXc1PmjEos3WUYFYv6XuMrVLrPE,300000000,1,2022-04-03T19:58:56.915Z,1272.692964
14GafqgLhqXAnPEQEqzEpjnt3wVXdSUCJK,200000000,2,2022-04-03T19:58:56.898Z,870.245972
14h5HXuHP2jkEXGDRBquQZqy3vHzHNogeD,50000000,1,2022-04-03T19:58:56.947Z,208.4149935
14gY225vUwt1ZwKpCaAKJn5mpCoUnYHS7d,510000000,1,2022-04-03T19:58:56.971Z,2124.2315541
14Au7QhJZwFtduhkLL49qnRwLZNPR36ENX,410000000,1,2022-04-03T19:58:36.678Z,1708.5889163999998
14G3XKueUViEP3thEh5XyiBZV69uLYrck6,50000000,1,2022-04-03T19:58:56.931Z,210.392502
14GCXTK8iRrWyPJq3fUWt84gtEmrwPj3TS,400000000,1,2022-04-03T19:58:56.992Z,2125.543944
14G35HzsZm4nzA6PqKu7bJRfD9nP5iuu3C,100000000,1,2022-04-03T19:58:55.883Z,437.747986
14DxhpKPNAwVGbgRmHn6G2BC6SXKeH7dci,59988329,1,2022-04-03T19:58:37.623Z,364.7548532979687
14iB1WxbjynVqAPhM9fyH2QZQubbqWySoE,50000000,1,2022-04-03T19:58:55.897Z,207.4299925
14gW2wmQ6aFRcmG5DLJU4KwWyNuseYxYVU,100000000,1,2022-04-03T19:58:57.064Z,437.747986
14df4hEXkmKcatZt1bpW7QwpkovDMpbgFz,100000000,1,2022-04-03T19:58:36.736Z,422.372986
14hYp5afb6AnfzYDvya54rBQ4Y3fApbwJ2,100000000,2,2022-04-03T19:58:57.051Z,420.785004
14Gkzuj2avRNX98REgPJxgjyEWiGrjgKpF,400000000,1,2022-04-03T19:58:57.034Z,1686.760008
14g2MB8QVT8nE7uhcRPVo6X8cjvpjs3Ezx,300100000,2,2022-04-03T19:58:55.915Z,1789.5202379789998
14cyECGjFAYPu3QvFJKvxBdc4YSXyJ7pYU,50000000,1,2022-04-03T19:58:36.716Z,212.272003
14idngvnUDxnuz6NFYTNTatht33VxuSHLA,50000000,1,2022-04-03T19:58:55.929Z,218.5820005
14iTSgWEmUqaSGCushAAXVKmBikBTkrFU6,5000000000,4,2022-04-03T19:58:57.099Z,87539.39820000001
14FrSCnQhhszneABCex2oeHayHaXyoEHLj,250000000,1,2022-04-03T19:58:55.960Z,1445.7225025
14kCr7TmfELoyzDBg2midicuqwg2Ho23Xk,50090000,2,2022-04-03T19:58:57.081Z,208.9409239108
14DyeCVufjK2d8uG11mdUGMo8P4bPRoqoK,200000000,1,2022-04-03T19:58:37.727Z,1175.55603
14fwSctxJVka2pGk91NavWX1yexzNRzbWX,300000000,1,2022-04-03T19:58:56.014Z,1272.692964
14bDGFoNXeJhpTPPfDHYLzygdRYfxkYyb7,100000000,1,2022-04-03T19:58:36.843Z,424.230988
14BNJYVdkYoorLQUQoYx5rZreKNSdTECW1,50000000,1,2022-04-03T19:58:36.895Z,210.310501
14fL2sDTVPEEyCEVthx5DgfSpNgwncowBv,50000000,1,2022-04-03T19:58:57.167Z,265.019989
14DnSM7MXBiaDLoVpiAvgfhrd6WoKFB6ao,15958655,1,2022-04-03T19:58:36.807Z,92.28714657253654
14GPtZQvuMEiPFeT8LT9HWWWLiCf9gauav,400000000,1,2022-04-03T19:58:56.036Z,2300.17212
14HjFPjYvNJ8hLbb7UXY4hrvoR4XwggiCX,50000000,1,2022-04-03T19:58:56.075Z,204.774002
14EbxcqXPJbgxvqeY5otnbqDHZoNj7p78c,400000000,1,2022-04-03T19:58:37.766Z,2147.679932
14jR2f7hDrWBFxdr7T9aYSEHzB6DV5pEvp,200000000,1,2022-04-03T19:58:56.105Z,1310.069946
14fnBtVjknE3WLXQPJkL47RVsukoYyiQRM,400000000,1,2022-04-03T19:58:57.250Z,2436.964112
14CkwUznVHGM6nTXbrxbVtNdPXoojoVFeu,50000000,3,2022-04-03T19:58:36.917Z,211.3724975
14eQP9S4v3m5qEpCmnqLKEDJHQnPUTMSbc,300000000,1,2022-04-03T19:58:37.795Z,1254.1229549999998
14hczTzPoa8cxbLSWmxutX4os6Vzs3QH5M,50000000,3,2022-04-03T19:58:56.209Z,209.04449450000004
14gSMdxdWY6h43JtT68gTogTQ71w2cAcf2,410000000,1,2022-04-03T19:58:56.174Z,1848.6694549
14buRC3WParn4q8xh5HYnB2MQdVdgKVbU1,50000000,1,2022-04-03T19:58:36.971Z,203.7440035
14HLK1d3xrzkH5eTXvEjsMeDpwwi3yR9Dz,400000000,1,2022-04-03T19:58:57.277Z,2448.531984
14ji6mxhqRyq4m3Bq22ST5wyFKrTFtTTfC,50000000,1,2022-04-03T19:58:57.308Z,212.272003
14FzZa9V5v7So3ubndw1B8DsBk2FADSqjG,300000000,1,2022-04-03T19:58:57.346Z,1827.7230840000002
14EQ93YNagMPxsF9VYo7Cru56tPugyjk67,50000000,1,2022-04-03T19:58:37.100Z,204.774002
14ittb3A6MahzCsxLE8rafm1Fb13BvqMM7,150000000,1,2022-04-03T19:58:56.228Z,670.0829775
14de9UxEveDpFM3ZHA9RSji2vKcioStxuy,100000000,1,2022-04-03T19:58:37.062Z,422.372986
14ehVMj3dgmyoW6VyyVf7hfg1Vyfc7bJYu,21928892,1,2022-04-03T19:58:37.078Z,145.44447373104458
14kctdVUBiAj4oiPeYX2ZrzEt5S4ZDbQjX,100000000,1,2022-04-03T19:58:56.274Z,416.394012
14fH5CoBXQZGiXu3fzAaxu2XkUVMf7o8q1,50000000,1,2022-04-03T19:58:37.005Z,204.774002
14K2HuXw9h6n9TH66p1KTvjwzWvCJrgz5y,102947398,1,2022-04-03T19:58:56.291Z,433.1872127921959
14cK5w8oCseRZRUfBuqB9pqW1D4mHvcnWP,1003472,2,2022-04-03T19:58:37.897Z,8.35679464019328
14hYJ1zDP6ntL7QoLSwrDp7cCwJNpcaqno,50980000,2,2022-04-03T19:58:56.404Z,220.10108484970002
14h4pGuwa77z7BfRf89TXE8TFzgBax7aS7,400000000,1,2022-04-03T19:58:57.370Z,1793.271972
14DXiNA1wnkUamZk5tsovY1CDRbWVRu7T4,100130861,1,2022-04-03T19:58:38.084Z,438.3208273919595
14fnAR65swUJqsFBk1kAd4KZFETjH7BwST,300000000,1,2022-04-03T19:58:56.380Z,1265.070006
14BYiMpzn6Dm23y6M3XkcjxSU9CqcmyGyT,250980000,2,2022-04-03T19:58:37.957Z,1474.6556309058
14awZPZzcWc7v5beihzYW1kEeEZfgTvm3H,50000000,1,2022-04-03T19:58:38.134Z,208.505493
14dsCNUGBLbbxGpBx1vuTJcwsBDcyz9z9w,200000000,1,2022-04-03T19:58:37.148Z,1247.017944
14iH5F2ZEfANe7YkmNY496zayxRiLCfz8t,200000000,1,2022-04-03T19:58:56.423Z,843.302002
14fMwScGVcsDpCyxyju88hgH19DdXkDLvF,300000000,1,2022-04-03T19:58:56.457Z,1726.415955
14gwxAnwKvwUYQKrPUWVdduqUJAmJP16cu,410000000,1,2022-04-03T19:58:56.437Z,1848.6694549
14GCdop5h9bRYk7jKpBFPRVKgzY3Ra3QQU,250000000,1,2022-04-03T19:58:56.512Z,1690.7400525
14ezkbxDU94ECUUepZe6XAcMEJrPR7SR6J,100000000,1,2022-04-03T19:58:38.119Z,416.394012
14ep2RvfAnBwzWGHezm5taQ9z9k9hQJk4Y,100060000,2,2022-04-03T19:58:37.163Z,422.73649180120003
14hWxVBzf6j4USLo862BQFWpD2V3ek1kt2,50000000,1,2022-04-03T19:58:57.409Z,209.0444945
14JQu8bS3uFK54MGoArh9NQPa32jtgwpnj,300000000,1,2022-04-03T19:58:56.496Z,1824.1290900000001
14fGBoPcRyk7KYTqRuu8FvVWnj8aSqSQpt,400000000,1,2022-04-03T19:58:37.208Z,1653.228028
14BWrn1evbyvBGGxFzUCVQ61ntNtRjRdm7,50000000,1,2022-04-03T19:58:37.177Z,288.880493
14dg53yzACoRQ5ouz7rxDLzGjjj4Vxryrp,510000000,1,2022-04-03T19:58:38.183Z,2115.561651
14B5vqguaJs3AkXiieqqKzE5qmGvdKXyY3,300000000,1,2022-04-03T19:58:37.193Z,1251.032958
14EucmFMSVDz27iKE5Y9pzmFQFwDvYdfRo,50000000,1,2022-04-03T19:58:38.203Z,208.505493
14FSGitKSu9HVcbXRy2w1ezhuV6e53NHxw,150000000,1,2022-04-03T19:58:57.470Z,682.1489865
14hWySXgQwmCtVGRJQrnULkcyUW5gUq7rT,100000000,1,2022-04-03T19:58:57.488Z,437.747986
14AtaPJ3AN2EFRsK9x9Y86eSBeiboj9c1M,101500000,1,2022-04-03T19:58:38.166Z,459.51891695499995
14bVMGLu9hJ7AqtYcyHdkmjbZr9nEBpprP,150000000,1,2022-04-03T19:58:37.229Z,682.6454775
14kbgSydX5JfwVWMLgcB9yiBqkvQHgwVXe,700000000,1,2022-04-03T19:58:56.557Z,4022.410035
14jYiRqroonzvrLQSsACjk9e9JicuENTCY,300000000,1,2022-04-03T19:58:57.530Z,1244.44803
14C2Q6ZWYicaasK4gdNzbotD75sEUTnNeU,200000000,1,2022-04-03T19:58:38.225Z,844.745972
14Ecu71dz8Fu4fCTeE6iStnPqH3hhYm9Sa,100000000,1,2022-04-03T19:58:37.302Z,418.040985
14gJZxwxVUrteqK3JevR5nVJs88DHgoLxY,400100000,2,2022-04-03T19:58:56.593Z,2666.75856301
14eGqko56P4hfuQukho6JoobDLhU1Shf9a,50000000,1,2022-04-03T19:58:37.266Z,208.505493
14KCMm2iAQmdj7V89voHEu6dMiqTRpZAb3,400000000,1,2022-04-03T19:58:57.574Z,2309.879884
14FUJbpyY2FCy2heztEQfuu4zhwXsjGXfg,510000000,1,2022-04-03T19:58:56.577Z,2176.5015765
14E53i37mdT3UHFsb3grBi351LqkJZZMBE,410000000,1,2022-04-03T19:58:37.347Z,1707.2154491999997
14eS3GK3GsXhhBNRqeT5DoZ7EWnCWgYmM1,300000000,1,2022-04-03T19:58:37.386Z,1963.05597
14Apu7zW4WUbiyomhycVPA3aitRPZXMzrX,300000000,1,2022-04-03T19:58:37.366Z,1837.532958
14EMiPseE5TtPW9FN7AAko9DksGtZrhEHo,300000000,1,2022-04-03T19:58:37.403Z,1829.2049550000002
14Asvu7ewF8GMY7Mp8qgqdMPV5BxfoyvXt,401235000,1,2022-04-03T19:58:38.266Z,2436.1184806081496
14DbwFihKF631gipmvqYj36qPWnZxvh42L,200000000,1,2022-04-03T19:58:38.285Z,1073.839966
14NjGQEmzfjtAuUxxiPAY84QEFQDHX2V9V,150980000,2,2022-04-03T19:58:56.689Z,671.3612652588
14UmUN7gX739DsyUrxuEPgUEueAbhsos4G,300000000,1,2022-04-03T19:59:16.155Z,1249.547973
14Rm54FDy3JrgAhuT9UHuWtGDxLucLT9BV,1006276,1,2022-04-03T19:58:55.818Z,4.2066461022186
14vjGHppkZP52SkuCLK7nhcZ2TsZHSM6z4,50000000,1,2022-04-03T19:59:16.139Z,209.0204925
14Uo1UvgcZcubouVdmq7GuRmZm2LAFrYRJ,200000000,1,2022-04-03T19:59:15.375Z,867.007996
14ky88T3rvBx1no4Z9Bhscxe5t9sQoJMGD,100000000,1,2022-04-03T19:58:56.718Z,417.177002
14StRCXZoE4Mm5EwhocddUqP6FNM72WYTq,300000000,1,2022-04-03T19:59:15.315Z,1745.0910629999998
14rnGq3DAV4My2egMsSAi4i8XZLpj7WFgh,510000000,1,2022-04-03T19:58:56.703Z,2124.2315541
14PsKqcN85pAb6myAjfA6BRfrDKwELaYCR,250000000,1,2022-04-03T19:58:56.795Z,1472.7999875
14mhNYzL4GfYc33dRiQD9x5n22MPnP83Fk,300000000,1,2022-04-03T19:58:56.734Z,1836.3989880000001
14tmSfXQCknmHzvwBzKqNyBbxjT97Mk9s9,410000000,1,2022-04-03T19:59:15.391Z,1739.3470508
14PVeuWDANBzgp1SMzHgzm6h5pyFhncxkP,510000000,1,2022-04-03T19:58:56.778Z,2278.2821235
14TGUtzj37jN58E9BcG5LeEoacnUL6TAHb,50000000,1,2022-04-03T19:59:16.224Z,210.8255005
14viECb13cM1zuFNMXDKB4Y54pfvzev6BD,410000000,1,2022-04-03T19:59:15.487Z,1707.2154491999997
14rpSyyhdgUoJ214Jtc8mzymjGBmubqFg2,300000000,1,2022-04-03T19:58:56.858Z,1837.532958
14qd1ou1MRgbJDKDgnoQeFnmLaKKN6j66x,400000000,1,2022-04-03T19:58:55.852Z,1665.576048
14Q8AD2nYTtVANha61L6QBXgMZNRMA3CAT,100000000,1,2022-04-03T19:58:56.825Z,454.618988
14NvENZB56QnBDi1bXCHn3GzHovvbioUA4,50000000,1,2022-04-03T19:58:55.867Z,211.994507
14Wfz226sXSSiidA4uFizohucM85ktF49N,50000000,1,2022-04-03T19:59:16.271Z,336.553009
14UHED21vHehMWdEpejKRft2tXwNJwqfK8,400000000,1,2022-04-03T19:59:16.255Z,2433.248048
14s1WzeXhAmUq9nAQZ7cryT8fbVhhaZutg,400000000,1,2022-04-03T19:59:16.286Z,2440.815916
14NMFU75NymwGr3zotMFW6JKSG1oyS2dxU,300190000,1,2022-04-03T19:58:57.017Z,1251.8252788734
14sKFyze7HFf2rvEx62nqbDapJKyJQh5uX,100000000,1,2022-04-03T19:59:15.535Z,656.992004
14U9iWdcHCJo7GKVj5z5QpybBGQsDnLt3A,410000000,1,2022-04-03T19:59:15.577Z,1884.3722877
14v7RM1oZQBVC1AJxUWT7P497tLjPQkW8R,75000000,1,2022-04-03T19:59:16.354Z,337.71150975
14sTVpVMxi7aemvjPKvGN8ErrXwGczoWNW,400000000,1,2022-04-03T19:59:16.308Z,1672.16394
14TGRqTPaQTbz7fMvZNAEkUWK4sAzg8PKv,400000000,1,2022-04-03T19:59:16.375Z,2333.659912
14UQeVEfBPGQq48iZuXYugDcDhUkX6Ctpw,100000000,1,2022-04-03T19:59:16.442Z,417.177002
14tRAPAcoWizvnFQLQJunZ2SqJiovJcnEN,50000000,1,2022-04-03T19:59:15.627Z,210.310501
14t8gSBQ7S6iUDEzKUjdQuUc7Yo3dX3KJS,700000000,1,2022-04-03T19:59:16.486Z,3152.127902
14wQoZTR6KkrZDKNRjUhg5MDmm5uEx19iM,50099751,1,2022-04-03T19:59:16.504Z,205.18253022947005
14taH13QdhjncMHgB17pRSw952AiC69YDC,50000000,1,2022-04-03T19:59:15.597Z,208.218994
14wNWk68gS47Q32r4pGaHkEBRfLjec83vy,510000000,1,2022-04-03T19:59:15.643Z,2124.2315541
14tUSiU4PfmbKjiL6LM6Jm97U9pLuCbVw4,400000000,1,2022-04-03T19:59:15.610Z,2547.144044
14rwPaUWxsLvxVCDVuUuEJGzRtwozrm4C5,300000000,2,2022-04-03T19:58:55.977Z,1273.632018
14oW8wquqs3HJ7PpkkMMVuTjaPucCeCV2M,50000000,1,2022-04-03T19:58:57.114Z,210.392502
14mahaoUNQeRy4uaJVaXCJmDyidTzSydr7,50000000,1,2022-04-03T19:58:55.945Z,204.774002
14rGFdBqxsi932Tpq6K56isQL2MxUHdWeg,102969999,2,2022-04-03T19:58:55.995Z,427.13604134883985
14QRGsxLEEHwEDiuQEfVMLqe7mQvF9iibc,100000000,1,2022-04-03T19:58:57.132Z,418.040985
14RpbBDacbPVi1JhRbpBSN2FrLSTed8g3P,50000000,1,2022-04-03T19:58:57.151Z,208.4149935
14vJouet4ede6A4QCbNh9Ub1byvp1DzYQR,50980000,2,2022-04-03T19:59:15.707Z,212.6768356196
14SzDpiwZWqxSXj16vNTCJErJKsjfabyKi,100000000,1,2022-04-03T19:59:15.742Z,426.765015
14saXADABViFUiZUSFgFGNKHd1cxPMaQaE,300201111,1,2022-04-03T19:59:16.584Z,1232.1574480328402
14pekkwuAJgy4xWTYGV4aqbg1T6A8AdJS2,50000000,1,2022-04-03T19:58:57.187Z,206.6535035
14uGdDMKJgXiyf1ZtbJAii5YzAjLdByPvo,75000000,1,2022-04-03T19:59:15.776Z,337.72798950000004
14PJ9jibE9LPF99XhUaeuMfhdgHqQZEcLa,100000000,1,2022-04-03T19:58:57.204Z,416.515991
14q5ocAFBYvF2GVkdZHHHw1xLXxyCiDPVy,400000000,1,2022-04-03T19:58:57.220Z,1728.608032
14PP88aYoNwi2gTQnX24QDV1cQHPgxWw4Y,59996920,2,2022-04-03T19:58:57.233Z,250.5547492616312
14kYUcCn18Y3A1nh2bgV73RUB3kKMe2Ure,400000000,1,2022-04-03T19:58:56.052Z,2627.968016
14V7AUh327MTd45T2USeEEJGgdD4SSdGmN,50000000,1,2022-04-03T19:59:16.732Z,204.774002
14naknKFqeaz3LfXwH9L2tiHmuaNjdDV64,50000000,1,2022-04-03T19:58:56.122Z,210.392502
14t6xgDNvoLSk4mm1W9xaH7xyrDa4GHFEU,300000000,1,2022-04-03T19:59:16.746Z,1228.644012
14UAPuJ9MoUWEbjM1mem7uVtr92HpxuUSS,250000000,1,2022-04-03T19:59:16.681Z,1604.0774525000002
14tAjTndmMhT7LbgDoeiMQscTGhMavrGDg,50000000,1,2022-04-03T19:59:15.824Z,218.873993
14tRqtbeWrHfDDuaFF91mK1eUvLNx4Hq6C,250000000,1,2022-04-03T19:59:15.842Z,1676.5675350000001
14noP772N7iZND71ho8abQaoMX6ZA3REds,400000000,1,2022-04-03T19:58:56.091Z,2617.40796
14v4DfqrEs6o2DyUuuqnQQAQB7dhcxT1y5,50000000,2,2022-04-03T19:59:15.865Z,208.565506
14VrtKAtS77TyGQhND6j1hkWBDMQ4ELqLT,300000000,1,2022-04-03T19:59:15.879Z,1249.182036
14pqyLdLHQ95JquMRKe5Xd7wvoV2EB3b7X,400000000,2,2022-04-03T19:58:56.193Z,1655.8879399999998
14MY8bWDGb1QqJDx6VDUnsqhnEpRNzAcaH,51000000,2,2022-04-03T19:58:56.156Z,210.78657356999997
14TUppiAxSWzfLbn5ZMpwJnrRRccDGC5Fm,400000000,1,2022-04-03T19:59:16.793Z,2448.531984
14pm1NstgjGH1mSVLSVYDENLJtvHFJeUQW,50000000,1,2022-04-03T19:58:56.139Z,206.6535035
14oaCNV2t5dPNM1jMK9s6tLeY88Q7MbGbo,100000000,1,2022-04-03T19:58:57.293Z,425.190002
14Kj5raEwMbem6tZuprUmoYnPQz3Ur17Uq,50000000,1,2022-04-03T19:58:57.327Z,204.774002
14LzhcR8mMr9KBtQZKKKZegr3vRUpszYbg,150000000,1,2022-04-03T19:58:56.261Z,632.166
14N883pP66waLqDDw2wBD6sPMMbpxMtFSo,100000890,1,2022-04-03T19:58:56.245Z,422.37674511957545
14Ki1WSj5eP6g9YxGYSV5iXyGNDjsuW1oE,1542552,1,2022-04-03T19:58:56.343Z,9.76170101683656
14NXQvnbuFET28K78SkDeqrWPsfoMa24am,50000000,1,2022-04-03T19:58:56.361Z,207.160507
14SqhTnu7neoHRpmEaT5xdAE5at5DWW4VZ,410000000,1,2022-04-03T19:59:15.940Z,1710.4257082
14uyKybqv9hwnMmTWb98XhEVdThemfSgiX,100000000,1,2022-04-03T19:59:15.907Z,414.81601
14U8S3NGjydYQotxx9ujEcprH9nAizvdyG,50000000,1,2022-04-03T19:59:16.854Z,210.310501
14u9M2sWi6rPHKAgkM5fP89pDes6E3wCmm,100000000,1,2022-04-03T19:59:16.824Z,459.602997
14pSH8nDec3x3RFpQL8DAvfpjwgKz4zXgX,410000000,1,2022-04-03T19:58:56.322Z,1884.3722877
14o68jHFBQcTJeHTuxFifUmfEXEiEh8kUQ,400000000,1,2022-04-03T19:58:57.388Z,2313.156004
14whqbXAGiGgxfe76uoHFdoM9AW9yumfD8,150000000,1,2022-04-03T19:59:15.985Z,664.781982
14ppqr6HK8aJxfUMFMHyyz9TqJVPD8E7zU,50000000,1,2022-04-03T19:58:57.454Z,208.505493
14wNDKKC2kGUPJfDMwTZ6Yhoiwv9kg2EGD,200000000,2,2022-04-03T19:59:16.903Z,827.9442859027
14mQPx1UkhFiQrzkieFrGXkXPA3mEyn4oQ,100000000,1,2022-04-03T19:58:57.428Z,416.394012
14LCFAU2ro6jkBs84U7NwNpYm3ufJ3fyHQ,200000000,1,2022-04-03T19:58:56.477Z,1144.605958
14uojWYkSLLJTyPUk94Rdsbfu3wdgqcqti,50000000,1,2022-04-03T19:59:16.870Z,209.0444945
14KRF1Rzd7VrjmNM5MbaegE4PeJtBkikgv,5000000000,5,2022-04-03T19:58:56.529Z,109424.24775000001
14TLC37VCwtsf2xUPZY8DFtSbwMqA5Gewe,1000881,5,2022-04-03T19:59:16.037Z,20.91641068760355
14sWi4L6WQn7BDeRvw9nGCzntuQCfuyh43,50000000,1,2022-04-03T19:59:16.006Z,205.4694975
14QjJDqfmi4goqBBtRjEwSws9YYwov7msM,1202390,2,2022-04-03T19:58:57.507Z,11.052440951256601
14URznXfLjRN8R9hwYqMTaQX1p4ikQj3TX,1067357,2,2022-04-03T19:59:16.971Z,9.49279590134568
14UvvvGf2skkPjGmULYbVqW8FG2qX2fBnK,100000000,1,2022-04-03T19:59:16.058Z,416.729004
14uCvxAAt7KZwcDgGvbmRTDuyGbvyZSB5G,400000000,1,2022-04-03T19:59:17.014Z,2436.90796
14nVKVRo8aoiei39Cj6X4C5Skv7KvRDEmn,510980000,2,2022-04-03T19:58:57.553Z,2272.1696868588
14U5YohaUtXRMMb7sqeTA6kcFJ6hHwwZi7,150000000,1,2022-04-03T19:59:16.076Z,633.724503
14NCuFxKEHGNxwdkoBYM3WhasnvR5NQ8Mv,100000000,1,2022-04-03T19:58:56.611Z,597.148987
14SLtARqH5fEkTNM5US5R55ksT9PV8BXP4,400000000,2,2022-04-03T19:59:16.992Z,2590.635988
14mv3oxwSFa2mNJghFy7i8n8D9833a3r2o,300000000,1,2022-04-03T19:58:56.628Z,1818.498048
14ojmcLHqSeZmGsNJJ99136y5izfB9gvjP,410000000,1,2022-04-03T19:58:57.613Z,1725.7063672
14SF6MKXR3kxSszu2XP8yUqn1JeQo3ynMY,50000000,1,2022-04-03T19:59:17.079Z,206.6535035
14qLVX57MHH9cgZ4RVHLmAjUgkPV49VdU5,200000000,1,2022-04-03T19:58:56.658Z,1220.871948
14kYmvNLtGvKPnWvZatdsRaJRmq5Wuj2ZN,50000000,1,2022-04-03T19:58:57.593Z,204.774002
14RuZGdMDgw5J3BtfHzB68uE7QTg4TZXYG,50000000,1,2022-04-03T19:58:56.644Z,210.8255005
14TokUMKh3KCaJdEUQVmNA5NXkkoqnCp39,250000000,1,2022-04-03T19:59:16.091Z,1517.8875725
14tsQszpA92SfvZBkjZsKjCHpEfbeNGEda,50000000,1,2022-04-03T19:59:16.107Z,212.0149995
14QzX2jUnmHwXkAfS5iLxuG5cTga7ppg6Y,50000000,1,2022-04-03T19:58:56.674Z,208.505493
158QAHR46pW4bCgbCmwiZgFtrYzGma5FoJ,50000000,1,2022-04-03T19:59:35.740Z,206.6535035
15AZeTX5TcsU2qc1dw4KZCbB9Rpd12nMAy,50000000,1,2022-04-03T19:59:35.001Z,206.6535035
14znfv9kM2uHdsyBWaUJg7VppEK74DeqiB,100000000,1,2022-04-03T19:59:15.360Z,466.088989
151fgTr9rwecmQR8xRq7f6vZFCuNpL1kEL,250000000,1,2022-04-03T19:59:16.124Z,1542.8024300000002
157SyQTb7mBnWYNGGuZJt5LHsRzwtaHq58,100001000,1,2022-04-03T19:59:35.770Z,424.2352303098801
14yyUiPs7wxadSWchUcW8EuyocR7Gsb36Z,400000000,1,2022-04-03T19:59:16.171Z,2426.360108
15aQHc2VtR92FhLENVwt51wR2jfztbNpd9,44409655,1,2022-04-03T19:59:35.042Z,254.15777852862246
14YFrUNzMh8xfaWSfFRpa4Qw9U6gqUZLUZ,50000000,1,2022-04-03T19:59:16.188Z,204.774002
153vsB1mLwLcs1M1dBkxVRKP4SgR6yPdT2,400000000,1,2022-04-03T19:59:35.054Z,1668.524048
14wUympzj3zzHb1jg38DwjNx4NhZkuDamk,50000000,1,2022-04-03T19:59:16.207Z,211.186493
14Z9tzrjHfgV5yGLqvcxURyP9dmS17DUVY,400000000,1,2022-04-03T19:59:15.407Z,2452.083984
151zUrmhDpDDWHLWgnkxMH9YToLiX72EpR,50000000,1,2022-04-03T19:59:15.471Z,206.6535035
151JEfTffyUH1FEWjKF8euCk15tufBDrze,4990031,1,2022-04-03T19:59:15.424Z,22.470308495635663
15AHHWVK47qinhdoAeNg3Hzz9DmsyVuAKF,200000000,1,2022-04-03T19:59:35.138Z,1301.238038
158UR2hkqJdKJjJCsguzTVwnzQFsSYJUkC,400000000,1,2022-04-03T19:59:35.786Z,1681.395996
15AMyWxFC6nz5oLfNULFRCfXLWbe6NxPvf,150000000,1,2022-04-03T19:59:35.153Z,675.4559790000001
14x52ioFC1Ya2jLJ77w2EkySqjFVjbQ7YA,200000000,1,2022-04-03T19:59:15.440Z,846.825988
14yrZNGgaUd71sbqerbL6XMDbdNHAkKsTz,300000000,1,2022-04-03T19:59:16.239Z,1819.770081
153Doofb2kEma6Lt4ag7bVh2mNFpMKm3Jr,50000000,1,2022-04-03T19:59:35.802Z,204.774002
14xn3NYMz119PHwBSrckxDTwKePLWzCo6e,250000000,1,2022-04-03T19:59:15.455Z,1646.6600025
156B9SAscGh73TRiKrSsYPePiNbnKwJBND,300000000,1,2022-04-03T19:59:35.170Z,1824.1290900000001
158ZUaZkmAxitpZE1xgRNmNPGCVv6Xcxtu,1432759,1,2022-04-03T19:59:35.831Z,8.68229042750831
158RJTYFktRAdAkRem4WxVtFqEZ4nfeRyP,400000000,1,2022-04-03T19:59:35.202Z,1686.760008
14WZ7ug75wSxrcqVkRWM8WbxPw2MJhbzkd,400000000,1,2022-04-03T19:59:15.502Z,1659.26404
14xPPEYfapgaVe5PdZHGPDbD7CEDY1evzs,100000000,1,2022-04-03T19:59:15.520Z,422.372986
158qtcLjjuVFr5nXqAagQf3s3TPkHNcxhX,200000000,1,2022-04-03T19:59:35.232Z,1346.67395
152ub82rBnUAPxY2KiE6jBaEznGdCdjr1g,510000000,1,2022-04-03T19:59:16.411Z,2123.6094611999997
14xQ9HZ6ywg9oz2QpQsfn1XCqiMFf5XMiD,200000000,1,2022-04-03T19:59:16.395Z,1301.238038
14ZLhy7JjZbLZdQkCwCn98fqCV8uJ3Kk8G,50120042,1,2022-04-03T19:59:15.553Z,219.3739157219362
14YJJZQ6ucv9EU3DyAuxTK4BT8ydTCiFQU,150000000,1,2022-04-03T19:59:16.428Z,795.059967
14zjSaoEzNJWKioZ4LqbwdVDyaMaBFmp6U,200000000,1,2022-04-03T19:59:16.329Z,1331.369996
154ADqNVYwtTyKWh84NcgAyLdirgX7K9Ft,100000000,1,2022-04-03T19:59:35.338Z,444.154999
152EUrLigMLZ8TeuKjz967cPJpT72bQRGp,400000000,1,2022-04-03T19:59:16.536Z,1646.495972
15AANfRtf2T8NVFZtcL8bFxwstJfk3Ye1f,50000000,1,2022-04-03T19:59:36.009Z,211.706497
151bbo37FxBqsb84vFyCSX9CdzDxhispMz,50000000,1,2022-04-03T19:59:15.681Z,210.310501
156dyxpaBUWLaps1VaptHeETZpTvuizMXf,250000000,1,2022-04-03T19:59:35.352Z,1601.40503
14Wzsg3P3yZGy3b7SJCKMn62Avx27kbHmE,200000000,1,2022-04-03T19:59:15.661Z,1345.728028
14xpc2p3h2ANRYNbn9JnAJE7eQgGs7NKXj,200000000,1,2022-04-03T19:59:16.519Z,841.570008
14y83KBYvNBBrSKc79npQu9eJrcdnb2PBe,100000000,1,2022-04-03T19:59:16.468Z,414.81601
156suXaNd4dXEBEv47paqzakY4bPDJ9XxX,100000000,1,2022-04-03T19:59:36.023Z,422.372986
15ahnmQEsWFakMkJef68aP2xhfwnfsYaWd,500000000,1,2022-04-03T19:59:35.368Z,2266.920015
151EGp7watQPf5xMNzPrd1VJsNsEqJQNQ5,410000000,1,2022-04-03T19:59:16.567Z,1707.7155630999998
15AK7K8JoWc9gMDyWpSDfeQJhLHfhQveDK,1981963,1,2022-04-03T19:59:36.073Z,8.93657185083407
15aMPMYpPBmeobaH1Cfsq85yNBidCEL1F2,100000000,1,2022-04-03T19:59:36.039Z,417.177002
1572ATvWE51xcXhq3zXymgxoK1SaPf9ToP,300000000,1,2022-04-03T19:59:36.055Z,1716.9089370000002
14ZXuY6QAo4i7GiViYhFfDYiu6FbGeaGuP,400000000,1,2022-04-03T19:59:16.599Z,1686.604004
14YN2SNBBWfG7jL51axtdLaaFmQ8FDDUnX,250000000,1,2022-04-03T19:59:15.723Z,1666.307525
14xUz48VPR197qrPpwoE6gqfg9W8VEVRbZ,410000000,1,2022-04-03T19:59:16.553Z,1707.7155630999998
15adza3QjPThnbbuxzfwFGoP95mPXcprR5,50000000,1,2022-04-03T19:59:35.404Z,209.0204925
14yBMDhibi4PNVAqHmw5H9gM8tzdJn4DdD,300000000,1,2022-04-03T19:59:16.615Z,1824.936036
14YStjJervFzRLDd2onZFKy6hzsspe9Uwp,400000000,1,2022-04-03T19:59:15.759Z,1750.787964
157eDchYgdxsCpFWrMhoMRhkgFzqWWxQqn,300000000,1,2022-04-03T19:59:36.117Z,1254.266967
14ytYz9PeMHSNohrMPZanae9Zw67upXkcW,100000000,1,2022-04-03T19:59:15.791Z,414.81601
152LfB5rEXnWvk2W2GvvcQWjX6ibC4kKna,400000000,1,2022-04-03T19:59:16.647Z,2351.2041
15ApuhExC6G7s73FsonUG3mAihLAbcwdha,50000000,1,2022-04-03T19:59:36.104Z,208.364502
159XJvqohdPheqwRrH1yZw7ZfbGjxtXiui,75000000,1,2022-04-03T19:59:35.423Z,336.7582395
154zk4Pd4JVV1t3TwrhLZD9LPGybBcHJYR,50000000,1,2022-04-03T19:59:36.133Z,208.4149935
1524menfY8tZqcBTPkqLD7DG8RnX9FwVZM,550000000,1,2022-04-03T19:59:16.631Z,3250.7970880000003
152hJxoDdnJeQU6VJjVC2mckjookZk4VTU,100000000,1,2022-04-03T19:59:16.664Z,418.040985
14XvRW8RRLH4hPGzmrmjCtHZEtLRmQecoE,400000000,1,2022-04-03T19:59:15.807Z,2440.815916
159BetAdpDpPDngXYUZS5zeJkgENin1h5G,50000000,1,2022-04-03T19:59:36.150Z,211.186493
157EXHBdzzdoeZsfrqvz88xUz269BN8ptF,1639809,3,2022-04-03T19:59:36.178Z,28.26850361607135
1521wgJMgHHyke97apS3Zq3F2ps61wSZgT,100000000,1,2022-04-03T19:59:16.701Z,414.81601
156fXcZdMeR6tAq4C41YXBtNk2KxtqqhYC,100000000,1,2022-04-03T19:59:36.211Z,446.721985
14XjMFRsFVfndGPUcZ7hKh5HMrbCUJhQN3,100025992,2,2022-04-03T19:59:16.715Z,432.2623554780395
157BeHAFv7CfEw5UTRHn5Q3ZQuVNBsSwAY,100000000,1,2022-04-03T19:59:35.442Z,416.729004
151bEqmzfGXkPy4mEKwbyYyfgBKZEW6dDt,150000000,1,2022-04-03T19:59:16.777Z,867.4335014999999
14WZsWnknGGpLsiBMDmFyptBj8rLVPRgvu,50000000,1,2022-04-03T19:59:16.763Z,212.1410065
15AgkvQMhAuw69wX8TgKyHBbbyKqW7qLD7,400000000,1,2022-04-03T19:59:35.488Z,1655.88794
1512rXoK2gYUr6k8tFiL7LdNFwZNtVPSr2,300000000,1,2022-04-03T19:59:15.894Z,1818.498048
14wrNKFfQPj1FAfaX9poFCytkCTE1CjWoB,200000000,1,2022-04-03T19:59:16.807Z,1245.722046
14ZYa3caTZg8bTYs5LHMDmJLGLmewf5tpx,400000000,1,2022-04-03T19:59:16.840Z,1659.43994
15ArNurR8UGEztNccfEUHyxP2WMujbPxRf,200000000,1,2022-04-03T19:59:35.522Z,1151.073974
158FVmDfbScr4DQ8Nvgmdu3NZb4HEu68tG,50000000,1,2022-04-03T19:59:35.553Z,208.1609955
153mKCBXsAyatXDTXQuJJAJ7BV6f3R13RH,250000000,1,2022-04-03T19:59:36.288Z,1469.5025624999998
14wukauDbZNVF6VddckvZ3tLB7pKJsK6eZ,50000000,1,2022-04-03T19:59:15.923Z,208.364502
155bXEG2qSr5xTnQkrCHXLwZZoLS7d6mfN,50000000,1,2022-04-03T19:59:35.566Z,211.186493
15aPtJy1uRqVFSvTHfMomLRy1tCeY4Ug8o,400000000,1,2022-04-03T19:59:35.581Z,1668.708008
14yfRcYXUEMsLTK74e1VDtZjwEGbjEf4Jx,450000000,1,2022-04-03T19:59:15.965Z,2992.554108
14XX7fw4ABhHLUT3Z1Dq7seKFWJkzxe6We,700000000,1,2022-04-03T19:59:16.886Z,3109.084993
155uRkpdz87C9LNM7dKcWJPAor21NsRRLU,250000000,1,2022-04-03T19:59:35.654Z,1418.099975
156fLsj8ys7qaVv6UpCh8HUJn3gck2q52F,1003550,1,2022-04-03T19:59:35.626Z,4.1633273794675
14YusAiLWVAcGyGQcJ55qPxF3V5ySai3a6,300000000,1,2022-04-03T19:59:16.923Z,1817.078979
157GKg3JqVjpV5EPEsQZ8UjWWDDdsyQsbK,150000000,1,2022-04-03T19:59:35.609Z,690.724503
154kF58D2AX3Z9gyPAtu17v3eoQRLf3hdM,400000000,1,2022-04-03T19:59:36.374Z,2551.840088
154xR6ECXGVbNm7oXVoejiQZ4BFQCBGfox,100000000,1,2022-04-03T19:59:36.441Z,418.040985
14xRRFL42vZkRsSZMhgrmNjhZM3CpGN7CF,50000000,1,2022-04-03T19:59:16.940Z,205.222
154vS7RvmPKWF4VyHZmKs8reBmJ837nNeM,400000000,1,2022-04-03T19:59:36.411Z,2296.42798
157xcKLdk7aooYiKHy7qjmSmAFfPGG1DKK,400000000,1,2022-04-03T19:59:36.390Z,1740.491944
15avSbe84iVjwyxBhwWLZYQhAw6ibELCDp,150000000,1,2022-04-03T19:59:35.669Z,634.1174925
155PAEzmx7rWMvju1yCgu3ELkA7i1RReHP,100000000,1,2022-04-03T19:59:35.684Z,418.040985
157FipGAq4NGDewuLqjQ19WsAeCAZPB4Ak,410000000,1,2022-04-03T19:59:36.491Z,1700.745641
14YbRNuwB2toPwTzyPDnxCqGiFhSD5t4Tz,1164485,1,2022-04-03T19:59:17.030Z,6.941681728655801
15APyXNjhHs1EesrxifTJ8T1gyUDJhzs9d,400000000,1,2022-04-03T19:59:36.573Z,2388.595948
154WdC2QE423yANr232VZPMZYtrpbBXgqm,200000000,1,2022-04-03T19:59:35.715Z,1182.108032
14Yzog5pj2HNnF1mgkCSHeScfMZnbWJ5XD,50000000,1,2022-04-03T19:59:17.049Z,204.774002
154XppKmdeUx6kW7ZCdYD4u64FpZe9kFSb,50000000,1,2022-04-03T19:59:35.728Z,206.8775025
154u7yTEAoQ3YnLMZhjaNLMBTFCmTtDnpu,100000000,1,2022-04-03T19:59:36.588Z,441.389008
14xx7X8PyV1PeW78eJHqRNvyxsJhfy8i96,100000000,1,2022-04-03T19:59:17.063Z,577.502991
1544RREXjgWChMdtrwWnUQp68P3PFpB5oi,300000000,1,2022-04-03T19:59:36.606Z,1242.195006
15JRAHiTZo7NdRJhEeUYXN1sWVY1Tw4yk5,300000000,1,2022-04-03T19:59:54.919Z,1254.1229549999998
15jzUr36UJQG1MHCGwzbYroDVEqV56vmiY,400980000,2,2022-04-03T19:59:54.935Z,2316.7060016627997
15JqPH5oACs8HFjvWPofAKUNNS1Rfx8yFx,50000000,1,2022-04-03T19:59:54.950Z,208.505493
15Mr36S9TY2n9f5cQAapT4JZMLfx25BM5z,410000000,1,2022-04-03T19:59:53.841Z,1735.9932754
15EDPsV1x2JhXm2N8iDo8QUEyFdDZj8ane,400000000,1,2022-04-03T19:59:35.755Z,2505.263916
15LXSoSYkuQBwNdPt9jk6GFq8S9SdhVYqZ,400000000,1,2022-04-03T19:59:53.908Z,2662.739992
15NUdB6SbCH8nBLAjUrBe8SA4V559PpwsQ,51700000,2,2022-04-03T19:59:53.954Z,212.455460415
15hnEd16zX3zocm85WRHQzzXPGuomMRvF2,100000000,1,2022-04-03T19:59:54.966Z,437.747986
15Fq4xFYj1WJJnUdPxJvGzcprp74f5rDPv,50000000,1,2022-04-03T19:59:35.084Z,208.505493
15kxeiyG6HSqzQryqei4yvyWeL4kzpzcBW,100000000,1,2022-04-03T19:59:54.982Z,432.519012
15mBAXCrR9d5vEyKjS1DEBEc7tUb7NwTbw,50000000,1,2022-04-03T19:59:53.997Z,208.505493
15H1CTPmqh1DzSjkD7ucNKa3WtDeXbJdbR,200000000,1,2022-04-03T19:59:35.100Z,1316.156006
15ERckzQRX9Ex96DXLUBb8DzXfuC7HP4Ja,59572141,1,2022-04-03T19:59:35.116Z,248.97878887249985
15BRaWQUsdLvj3mTS8GmzoiDt66G1pnZuK,150000000,1,2022-04-03T19:59:35.070Z,689.4044955
15bvHrf9t3dpaWsewdA5ce4pCkRrqoQtZG,100000000,1,2022-04-03T19:59:35.816Z,413.971985
15JBaN2nQ6G4CxfQBM6uxavYafzDARKFda,50000000,1,2022-04-03T19:59:53.969Z,210.367996
15j4KMBTfyoiaJi622SAJiWeqe4J4f5EX4,50000000,1,2022-04-03T19:59:55.013Z,208.4149935
15BfuzLDSRTjUCW5GGjTA7GrVyWzYjRAPj,300000000,1,2022-04-03T19:59:35.188Z,1878.947937
15eN85FXk2kVa85FjTp2tzXBq55tvdsXLh,200000000,1,2022-04-03T19:59:35.217Z,1155.005982
15mGM5Hkjic47WnRQ52F9vBfwnr5K1XSbk,400000000,1,2022-04-03T19:59:55.085Z,2309.756104
15MRtxrDnXn2vFxzmDEPiWtkWbz4axUY8i,50000000,1,2022-04-03T19:59:55.066Z,225.9375
15EoHmvvRJMtzWsUeW5K4sn3KSKYfCWDrZ,20000,2,2022-04-03T19:59:35.876Z,0.11755560300000001
15CPKXd6u1SVUjxeXnJ5ZVr4DpTQZa2r6A,400000000,1,2022-04-03T19:59:35.907Z,2347.011964
15NHPTVpg5TPzUj125pcS58nugDQ8X7wnq,50000000,1,2022-04-03T19:59:54.044Z,207.4299925
15cpWcbAwNsBhNgsuhSBCqvCRnjFfUGhqY,100000000,1,2022-04-03T19:59:35.846Z,418.088989
15GqrqiLQf1FfbW55yjUMkuyq7ktNDVuRT,250000000,1,2022-04-03T19:59:35.862Z,1682.1600349999999
15GoPGWecPzMEFHrgCLJhFMUFaTU9HgxiR,150000000,1,2022-04-03T19:59:35.892Z,626.9399865
15MhjhXe8ch8ArGwDFyGS1NFLDnRshbhgt,100000000,1,2022-04-03T19:59:55.102Z,407.488007
15h8k7MCmdF5RBCmDpv7A2zGk9ytoHtPxW,400000000,1,2022-04-03T19:59:35.266Z,1816.651976
15Cz2o2VSAoMaJnVjeZX4nubv7zzs3ohFV,50000000,1,2022-04-03T19:59:35.976Z,205.4694975
15d3zQgy5Fm4uQpKmZtK47UbDRqLz8Atsb,410000000,1,2022-04-03T19:59:35.923Z,1725.5792426
15jYZD7fd9xkVmMJp8Sqoucy7RLNwXX7ik,49979073,1,2022-04-03T19:59:55.132Z,319.4627325823549
15b6W5AYpGbNtvGb9DJHZahDNVaiUVeEGd,300000000,1,2022-04-03T19:59:35.946Z,1242.9630419999999
15gMi3deancT2sxK9tDujfDTAFvzTVUdqg,300000000,1,2022-04-03T19:59:35.250Z,1732.317078
15f8w3tNeyYEYuBgPkJFysKB25Y6hFRXPP,150000000,1,2022-04-03T19:59:35.994Z,689.4044955
15hNhWe5aNCXhGiN5TGZDviEcn4xnr6Wvv,400000000,1,2022-04-03T19:59:55.120Z,2603.840088
15eCooKYwRskoBFqpRGQEipuBjBXQ9GZXt,200000000,1,2022-04-03T19:59:35.286Z,1247.95398
15kWzg1tf3v78kRsyVKjpxFf2WMiFN8HhG,300000000,1,2022-04-03T19:59:55.183Z,1254.1229549999998
15DHbrag7ACbHabhH1CHNiLGXbvXE9We1W,200000000,1,2022-04-03T19:59:35.306Z,1249.36206
15FzYwyyAtLmUBmGDdkyCgHYEyhL8KAjd7,50000000,1,2022-04-03T19:59:35.322Z,208.4149935
15JRAdY48XqiaEAzQ46yRc8Ane4pDtoDjE,200000000,1,2022-04-03T19:59:55.234Z,1245.722046
15ghzLjPyix79GegnZ9eeTGeKfBSY7MA7s,300000000,1,2022-04-03T19:59:35.384Z,1824.936036
15i7bkLqFHZaXkSaAV7mD8TQLuNu2qvhSY,50000000,1,2022-04-03T19:59:54.193Z,204.774002
15i244yv5W72NeD1t5GFpQL74bc4pvBpj6,300000000,1,2022-04-03T19:59:54.170Z,1254.266967
15jkXb5wWcjki871RNoPWZhocK8zqx9LwZ,300000000,1,2022-04-03T19:59:55.217Z,1910.358033
15numt6YRPT3fBxWXW8YwvLPnKfmHo82CX,250000000,1,2022-04-03T19:59:54.209Z,1542.8024300000002
15jcveEJxkt3aroajFvWinpH6EefRH2BMY,400000000,1,2022-04-03T19:59:54.226Z,2590.635988
15mrHH495WhVDjnhq5YjB7WDaX4A8s4ZKG,410000000,1,2022-04-03T19:59:54.245Z,1723.4308958999998
15CoZ4HvHa7u1tZ3v4svrg45RBwJSpmJHG,150000000,1,2022-04-03T19:59:36.088Z,622.224015
15LX2o1hzwMkSgvgAuC7aXxGFjiKJPqckM,50000000,1,2022-04-03T19:59:54.333Z,208.505493
15F9QLbk6reRJbbqfDiv1Sms4HqUM67nbm,200000000,1,2022-04-03T19:59:36.163Z,1184.206054
15NYdfvSatUTn44f42GtisTyN1fGpxdw53,300000000,1,2022-04-03T19:59:55.332Z,1254.1229549999998
15GUu4vzt23HECUCTuGLjj8oKcJ3csY41j,400000000,1,2022-04-03T19:59:36.195Z,1740.491944
15KJxFrnNHzjBzKULMq9JXxAtrCQ4tB5WP,100090000,1,2022-04-03T19:59:55.348Z,432.5409448072
15BSySCAcsNbzPKh7ZCVtM1C8xC2PsY6qb,100000000,1,2022-04-03T19:59:35.471Z,422.372986
15GnVYvni8LmDuS6LMNM6UouuGgSRkMyEt,300000000,1,2022-04-03T19:59:36.228Z,1832.6760869999998
15g6vostXY6Y6oo3933eK6oDpxYyStCFVb,403612342,2,2022-04-03T19:59:35.456Z,1668.158090602804
15i1z6GcjQoy8FEQkhRSHEXGAUENM1v3dG,400000000,1,2022-04-03T19:59:54.348Z,1682.484008
15kbEQ91yptiF31Hw7oGXmcNv3RogLVLZB,400000000,1,2022-04-03T19:59:55.396Z,1686.604004
15josrUq7Zchs6dMjosGh8a5zY2AuMuxdX,50000000,1,2022-04-03T19:59:54.366Z,210.310501
15Jgk3n9KEF4gmPJM8pwLUJ4hUYx8WxukU,400010000,1,2022-04-03T19:59:54.436Z,1672.3977648989
15H9WE7ADd1mZjYPGjAj1jdFjJwt7qFt6F,200270000,3,2022-04-03T19:59:36.257Z,1141.4328989567
15BLto163jNhFqqzV4xqiqwyD84JdJYHJg,400000000,1,2022-04-03T19:59:36.240Z,2147.679932
15dZSP1kkN6nQJpuW6zjPGfeKAHneRNjZz,100000000,1,2022-04-03T19:59:36.271Z,435.509003
15mvmcbHuo7RV4LURakaWZuD1d2oyomPZb,400000000,1,2022-04-03T19:59:54.415Z,2300.17212
15eeRQY4Ew1u2bNWjTYgUZYnPuapKXdB19,404930000,1,2022-04-03T19:59:35.538Z,2698.9516243929997
15gx6dPmc9rPdm8xYWsAYd7bPTZMcJHzT9,200000000,1,2022-04-03T19:59:35.507Z,1316.156006
15jnRnV8AP456biFeBddWe8MRHvcd5onQU,550000000,1,2022-04-03T19:59:54.509Z,3353.5424175000003
15K8cmxo8EUPRo2AyhdEphFT4PL9KiFxoU,100000000,1,2022-04-03T19:59:54.543Z,416.515991
15JKAKvrzHMddxojcYCG3xzERDoXyepYA9,200000000,1,2022-04-03T19:59:54.630Z,1326.51001
15ieV8z8uXgAgKLGLG4KhWqNMFdbY2D3kN,300000000,1,2022-04-03T19:59:54.612Z,1791.446961
15cUTUGaM1p5cYGTHxESmuetHi65KJjBHP,400000000,1,2022-04-03T19:59:35.639Z,2364.216064
15fEHqhCtyWUgeYStrfbhPC6nind53RGte,150000000,1,2022-04-03T19:59:36.359Z,626.9399865
15hduiJ8gzsi6N8oer7YjibdKnZRaBMae7,100000000,2,2022-04-03T19:59:55.523Z,437.747986
15giU7bt6US8TK9TwgbXoaQerHFzGEdpV5,410000000,1,2022-04-03T19:59:35.597Z,1700.745641
15KmepXrajM6m7Rncy5RtCwSXAcNTnPeYg,100000000,1,2022-04-03T19:59:54.646Z,423.734009
15BH5t1q7tLPst6qXtmmwsZ6eZ8LE28xD7,100000000,1,2022-04-03T19:59:36.342Z,416.515991
15GTDsWZHvFxNfnHxFQbRHFfFqEe2Nqos8,400000000,2,2022-04-03T19:59:36.329Z,2428.620116
15HQWDD5AFXYifSNGiJiTyyk1QxeQ4e4wx,200000000,1,2022-04-03T19:59:54.592Z,1184.206054
15EzSoDhYuRfajiHREbtgwUAWRbxAaWcac,100000000,1,2022-04-03T19:59:36.314Z,533.864014
15BgujhDj7w3YTz4yZVT6S67xU5rH4WXkb,100000000,1,2022-04-03T19:59:36.426Z,418.088989
15NVxocySPcTjZ8MBaVeu1ZBhtLgKTzgrH,200000000,1,2022-04-03T19:59:54.699Z,1346.67395
15n7mqTGrPcsMDugYqAPU4pzYkt9Z32nMT,75000000,1,2022-04-03T19:59:55.621Z,331.04175599999996
15JzBERwnUeHCHftxyVNYt3MsxYJodNFPW,150000000,1,2022-04-03T19:59:55.588Z,1009.296021
15CtQcdHovcRbcvn5KKH96yu8YS4UZzyZD,400000000,1,2022-04-03T19:59:35.699Z,2450.043944
15KmaYJoapRwS9GaUanr6QkxdJ1oAwcmB3,200000000,1,2022-04-03T19:59:55.605Z,1245.722046
15d3LaYtmTNsQ2Hrea78TstNRCcetS7Jf3,100000000,1,2022-04-03T19:59:36.508Z,418.040985
15LWrbHfBaJEF5iWjXvWA1Ee1UrY6yeoPE,550000000,1,2022-04-03T19:59:54.720Z,3655.0306375
15mq1UYR9RFiiLrJY6a1oYY69DNUUikUzh,12471283,1,2022-04-03T19:59:54.747Z,72.12005787258282
15Hv3GUg3Wjf1FWq7fAToNit3LXsbxS9Lt,410000000,1,2022-04-03T19:59:54.768Z,1739.3470508
15JamuNDKLWUHKn7G4EqqkTQUwUvau8RES,410000000,1,2022-04-03T19:59:55.650Z,1725.5792426
15FsPoDLq1eaUkgRZQuFegoPixiMMEQQHM,400000000,1,2022-04-03T19:59:36.462Z,2432.971924
15G6zZUc6R9Ytfsgib8q6PAoQJSUUN1sf6,100000000,1,2022-04-03T19:59:36.525Z,417.945007
15Fhumh4xsmJB4afh9AkNJwoYq7HxsxZXS,50000000,1,2022-04-03T19:59:36.474Z,209.0204925
15KK3cxwsk9igvHDCGnGtAc6ksNGKXcdsD,300100000,1,2022-04-03T19:59:54.837Z,1831.222140979
15CBSvUwvqSh6HQQfuLURRsb21x8dC31EB,400000000,1,2022-04-03T19:59:36.555Z,1791.904052
15htbLBDVryRCDzLqR1byu1mzdHvGMgQHz,510000000,1,2022-04-03T19:59:54.807Z,2138.9961560999996
15KcwwRsu9hZ9mVo3b6bm814rVpZFwMXx8,100245743,2,2022-04-03T19:59:55.685Z,408.489380253042
15gm4YUGRdjo33Pw5jjzRg9VFMzwzAf1Tz,400000000,1,2022-04-03T19:59:36.540Z,2289.211916
15eVetKpULuyb1wYonTojSHqWgseDs3mF4,200000000,1,2022-04-03T19:59:36.625Z,1216.485962
15vh73heF9dbawgfzJSJ2L8dVejXK6mXkJ,410000000,1,2022-04-03T20:00:19.612Z,1713.5745286999997
15qjf2ThU4eHkyfNxrMVEZKsswPe1FyaqL,150000000,1,2022-04-03T19:59:54.891Z,674.3984985
15rh7JLGWQ5viPqvezbVDYiK9grSR9PBBL,400130000,1,2022-04-03T19:59:53.895Z,2428.6811529285997
15rB46fSedpHPc8yzMBrAJv651UhK5ySr4,50000000,1,2022-04-03T19:59:54.905Z,208.9799955
15YjKUwapboaFkSKPWjrG1csYbcGo8zLce,1888584,1,2022-04-03T20:00:19.658Z,8.39828775871008
15o5SuoAvwA9uNapCc893Py4qveYGJ954N,250000000,1,2022-04-03T19:59:53.921Z,1435.2674875
15UYJJf6MRB5yPtqhkdyTi9v4Hb6DXU1Dc,160990000,3,2022-04-03T20:00:18.709Z,724.9443870614
15Qhc2y2EnkGAbFeDVS93f7ECbJBvmFwa5,100000000,1,2022-04-03T19:59:53.937Z,420.785004
15ofeoHMqFF4e7JX95Zfh8s5zHrZVs8L6T,99985715,1,2022-04-03T19:59:53.986Z,636.1011369703715
15Qj1ieHKP95eAqnjT8oEnuTmfnMJVxnRB,200000000,1,2022-04-03T19:59:54.014Z,1148.21399
15TxuaW93U6jr59RuNP1TfydrXVZfc9U3D,410000000,2,2022-04-03T20:00:18.772Z,1708.5889163999998
15qavY6DCmGwkWo1qPzt7KvL3MFHmMkvSo,510000000,1,2022-04-03T19:59:55.033Z,2155.9994745
15QJnfidLyWpezPvfb5UziFrm8JyatiD7n,14798187,1,2022-04-03T19:59:54.995Z,96.45221471213438
15WTTtMkFMsJTpizoVMiEvFdHdU4tKVK6e,50000000,1,2022-04-03T20:00:18.793Z,208.505493
15vLhxxTQjf6ErLkZGz6UiehK5Rxc84J8m,510000000,1,2022-04-03T20:00:18.756Z,2154.6633102
15QeUAjqciuJwuB3Pwdk1Cpsi21b4CeLz8,100000000,1,2022-04-03T19:59:54.028Z,416.729004
15r86ugqCXeCfknaSRCH865UHyPfruMZLz,410000000,1,2022-04-03T19:59:55.050Z,1735.9932754
15ygQn9DzeMG4snkuiLNen2HGpv2RbZ8pg,200000000,1,2022-04-03T20:00:18.809Z,1214.310058
15pWMYtJyaZwowhpsjK7kPmsi6eny984Mc,200000000,1,2022-04-03T19:59:54.061Z,1171.176026
15REYH23ygLJb5a2pYvU9ME2CpzRsKHHgL,50000000,1,2022-04-03T19:59:54.082Z,204.774002
15VBt1tp77zYK9n34cijhNdmgCd5E1NEJG,500002682,4,2022-04-03T20:00:19.692Z,2171.6152315369263
15QQHAft3rK3CgpZs5T2x4n3tpffNBkcww,200000000,1,2022-04-03T19:59:54.101Z,1346.212036
15YABdPTzn54dJhsiDJeV33GZ9yKD9L1Lj,400000000,1,2022-04-03T20:00:19.723Z,2523.42798
15rqnqms9RD3cHVtRug5uxPjoNv6JykoFd,200000000,1,2022-04-03T19:59:54.117Z,1145.45398
15WLY8frkx14RJEu7kC92mEWLVYzaiVwhr,400000000,1,2022-04-03T20:00:18.846Z,1750.787964
15s1dzVc6vPNqYzhgT3keR2BvT665u6WBe,100000000,1,2022-04-03T19:59:55.153Z,416.394012
15T84Rct56vS7Q4GEmAXDp5H2qGfqeF9T3,300000000,1,2022-04-03T20:00:18.911Z,1839.062988
15R1xwUNmJxsJEnCNdgbvSNupehtyuHinF,300000000,1,2022-04-03T19:59:54.138Z,1824.936036
15pDjwUub4Z4hngZ6HC96McrTJurV9D8gG,250000000,1,2022-04-03T19:59:55.168Z,1690.7400525
15XmLcFavaMEjbAtBVSmCQhZqcAJDxDZPS,200000000,1,2022-04-03T20:00:18.932Z,1321.534058
15srN4ZMZYuE4XYQrtTeJfsFdVBZ9PKsw9,250000000,1,2022-04-03T20:00:18.948Z,1617.5024425000001
15TSLng8wP3YBiFKJ4ymUyGJ212zJUosvw,200000000,1,2022-04-03T20:00:19.753Z,1245.722046
15Vr1ZZ4wHZQeU44FsBZTbx3wmnNXA3muH,200000000,1,2022-04-03T20:00:18.964Z,834.262024
15xivRS2CKLL35SCYxDUAaiFWheffjqYpf,450000000,1,2022-04-03T20:00:19.768Z,2579.4720135
15WzwebF5jN4Mhnq5e57TB6UueTZwiLSiY,200000000,1,2022-04-03T20:00:19.787Z,1367.323974
15QUGrDsjJ9ikLT6T1QbNR1wXg5UVKUG7G,600000000,1,2022-04-03T19:59:55.252Z,2720.304018
15sj2EdhPVDtd3jEjh2uXgst6WcxbUrocg,100000000,1,2022-04-03T20:00:19.031Z,414.81601
15UEHrT2DdwauhH9UUPEVD9av2bJ7xCvBW,300000000,1,2022-04-03T20:00:19.046Z,1232.816985
15xzzh4EVt2fAV8DqZuFkg4nyLWxJyFz6C,400072710,3,2022-04-03T20:00:19.826Z,2296.845413196065
15xnvF3SGwjB686CBurV22HQwaCsgB942U,400000000,1,2022-04-03T20:00:19.017Z,1742.036012
15TvdFApqfQYzUqK7EzZRfTbFavWjaaXrW,150010000,1,2022-04-03T20:00:18.981Z,667.0479759006
15psdyYhyssnVoPF6LBjPLKpwzVuV7GST4,100000000,1,2022-04-03T19:59:55.198Z,416.394012
15uFbCHzPfmGT4ocwFScLSgHayraEL9Pwu,50000000,1,2022-04-03T20:00:19.858Z,210.310501
15Pg5eHjdqAH3AKXH9X2xuDc2JJPuttirq,50000000,1,2022-04-03T19:59:54.297Z,204.774002
15UNTxXQRraNJK6PjBTjDvFiHNNnoqCUTd,50000000,1,2022-04-03T20:00:19.077Z,208.4149935
15RRD1qucjdonhAbL5eNKEmgKds3ZsyHVU,100000000,1,2022-04-03T19:59:55.268Z,416.394012
15PuQpEwm9MV91RCkdYACE7pPHr4fFL6cf,400300000,4,2022-04-03T19:59:55.312Z,1669.2949769579998
15WyMdr8t6Jza8XxWsUkJcKtNbLE4mwHig,251021600,1,2022-04-03T20:00:19.062Z,1716.1392583591917
15NYKEwG7BDRA3RS5xJFsU8McogYDfBuXV,100000000,1,2022-04-03T19:59:54.318Z,416.321991
15q73izmyuEtZ1Mi4qgKBAfGFkJCM5Azvw,700000000,1,2022-04-03T19:59:54.266Z,2967.923098
15PWgtanwuekcdmwC37MXKXzLrU93TVPZY,200000000,1,2022-04-03T19:59:55.294Z,1303.567994
15xcx2sNNAwXyQrqvJuUiktCnURf2dUAe1,400005200,2,2022-04-03T20:00:19.125Z,2661.2306395485716
15Sg8SyKMGNggTFTwdhR8g5UxytbJD9j9N,250000000,1,2022-04-03T19:59:55.366Z,1547.4850474999998
15PJNHS9QDNEM84dtyPEZzmRtK1Qaq2iyc,400000000,1,2022-04-03T19:59:55.379Z,2564.288084
15supo6RmZt95NGoeQRG3DcRj652mjreYr,510000000,2,2022-04-03T20:00:19.187Z,2132.0090235
15rUpherZxsuMchjuZnnenkJUMxVdhwUMo,410000000,1,2022-04-03T19:59:55.419Z,1710.4257082
15Px8K1bDDapUrAn92vv6yQVWWRf1ceDgZ,100000000,1,2022-04-03T19:59:55.441Z,417.177002
15PTEpLhNo4WFyFQDPFmdT4aScEgFactht,200000000,1,2022-04-03T19:59:55.459Z,1213.180054
15Y8ZoeoDX7J5uCM18eP4YfaLYrXpy6uqD,100000000,1,2022-04-03T20:00:19.170Z,608.242981
15SvhXznE5a8cBXAPV6RWMUKsWhk9Lg2tA,400000000,1,2022-04-03T20:00:20.062Z,2432.17212
15p1RYokbUQ42aW7MohaDFZgzMGWDAycKQ,250000000,1,2022-04-03T19:59:54.381Z,1658.1375125
15v3RjjGocDWJ698bCFAKjYeQ9vHaC3SGy,50000000,1,2022-04-03T20:00:20.079Z,205.222
15y3wbP6a9Hoq6wCHxouo6QTJKMCZwdcy7,400000000,1,2022-04-03T20:00:20.093Z,2562.248048
15WDfXrXLiBL7KE8uDRFdEkFsmirqrRaAL,300000000,1,2022-04-03T20:00:20.105Z,1824.1290900000001
15qJwZdGzxVVNuQJqyyiY7bJ9FGdvmjQWH,301990000,1,2022-04-03T19:59:54.454Z,1249.4987395995
15wi9gvHDSAJuPuowiwg8hjXsT8ttF791Z,700000000,1,2022-04-03T20:00:19.223Z,4284.930972
15obnroTPe2CExtnnY5Mfbedg3vBZ6a513,100000000,1,2022-04-03T19:59:54.474Z,422.483002
15TwdePn3yutuewT3PP4kBzJEqfMyGp1SJ,400000000,1,2022-04-03T20:00:20.120Z,1646.495972
15uXVgTQUy9izWEoV1sWG3JDZQexuPURoN,400000000,1,2022-04-03T20:00:19.271Z,2441.743896
15RRshQiACpREpmH3RqR9Q9iPKjwqo3c1P,309980000,2,2022-04-03T19:59:54.397Z,1314.2811455972
15P2QAtYhw9DMge2FzasCx1WD893kX4LSb,400000000,3,2022-04-03T19:59:55.476Z,2432.971924
15wnfSSPwrupsYM6z74b9DxP6Y1uF567RE,400000000,1,2022-04-03T20:00:20.132Z,2709.323976
15qpEYJVfvxpEHPq6LaG9Tb6RFw9FkdGBm,700000000,1,2022-04-03T19:59:54.524Z,2963.890958
15oeBLiwo1PC6buzYbEGJvt31GqETcs38d,100000000,1,2022-04-03T19:59:54.489Z,444.669006
15sLzRU6sbdjpGUWAShfTkbBhZ5tSNcBNB,300000000,1,2022-04-03T20:00:20.145Z,1250.489961
15xE77usdqgjRdqEfgKYLezcvkxgnKqXqU,50000000,1,2022-04-03T20:00:19.332Z,206.6535035
15PZxZMvravofs2sD5ZnRwQCZQhnTLVh2V,50000000,1,2022-04-03T19:59:54.567Z,208.4149935
15WuTjoY3zhu2BqXnKQ3CBq7RSYTGZPH1u,300000000,1,2022-04-03T20:00:20.161Z,1232.816985
15SwfYXPMghj9Wb9BjgAv1fJSRcEr3Zfy1,300000000,1,2022-04-03T20:00:19.383Z,1841.9489130000002
15pfvGjmwiCQj54xVcshW2f1SZ12KcstuP,150000000,1,2022-04-03T19:59:54.669Z,667.003509
15sDe6rBTTsJq7gRzpD19g7HgdBTeAECqk,50000000,1,2022-04-03T19:59:55.500Z,209.0444945
15WDgaFHwDaBFuT1tPMaEz1Ac7pyuC7UGN,300000000,1,2022-04-03T20:00:20.213Z,1261.046997
15sGuAyYVnkoK3MqmvA5h7iyjgHgNNNMhF,150000000,1,2022-04-03T20:00:19.433Z,635.119491
15oWQNSb7ggnnfEQzGE94Rx7Fdgs9RhFkh,50000000,2,2022-04-03T19:59:55.559Z,210.367996
15rNyo3b8DUXeQHYCeRE6GsJ5fQcRGgi51,100000000,1,2022-04-03T19:59:55.544Z,444.669006
15UheiezGRMGh2DsJv1JSKXYSugJcb2NnP,200980000,2,2022-04-03T20:00:19.464Z,1222.4467432138
15vPNttzvNoeaVmDjaMojveJH5iVfkaifR,50000000,1,2022-04-03T20:00:19.448Z,218.873993
15pTkrzYX8e81Tg7SVix95qBK2uhgFVj1T,100000000,1,2022-04-03T19:59:55.572Z,416.729004
15TiGb64pimR1gkhE8ZjXn4tu5kYEpcRjn,400000000,1,2022-04-03T20:00:20.278Z,2616.38794
15tqPjB9fyqMvUFGjAsWJiJZWUWPAFVaz3,1040468,1,2022-04-03T20:00:20.261Z,4.37937134748256
15sjCjaCcfiqJnnxr3GM3R1M9BPa5STVQ7,100000000,1,2022-04-03T20:00:20.312Z,422.372986
15rCcMNxu9miVbuwEgfB3Kb3ErkJjJX1YX,300000000,1,2022-04-03T19:59:55.635Z,1829.2049550000002
15S6FkANPmC73aV7BTPffk19ijwxuntdTT,150000000,1,2022-04-03T19:59:55.665Z,625.0935059999999
15W2tYjfMWbEaZ9MUvibczDioXX1fywsqQ,1000000,1,2022-04-03T20:00:19.522Z,4.54765991
15QfGabWbDNsRUVbp7amw5xe3AgsUATRwk,200000000,1,2022-04-03T19:59:54.784Z,1346.212036
15UF7Sx3RvkgBAqD8QvpdAHhguGfj4xVWk,400000000,2,2022-04-03T20:00:19.544Z,1643.75598
15wGs1Ry3Jf35mjxC8SjScDybCYfJ3k1d4,1000128,8,2022-04-03T20:00:19.573Z,34.81429453937664
15RV4a9GuBkNy12S3iHqcqzyxinc9SEBqd,401990000,1,2022-04-03T19:59:54.859Z,2313.6011340412997
15qVTezGX8oe59u8qfnv3iqB55nshiVVTB,201000000,1,2022-04-03T19:59:54.876Z,1065.38035578
15TUDg26zRv2JhXiecQwxmetHm35Rx8BW9,100000000,2,2022-04-03T20:00:20.347Z,420.785004
164BFAnwNbmRxUuWTX8Aau3zSqWcw1QjzW,50000000,1,2022-04-03T20:00:18.629Z,208.9799955
16aaTXiUW95HS35HtBgyZoBT6zpg4cVFsD,50000000,1,2022-04-03T20:00:37.934Z,211.186493
161qr4JbLWP8CqFZzJu9jTabo3GbY8v6yt,50000000,1,2022-04-03T20:00:18.673Z,210.310501
16Ay8NftNjKt2cb6V7u2Z9rVy9nSiF32bu,100000000,1,2022-04-03T20:00:37.870Z,416.321991
169irpXNYUyZe2BdZHyzSBakh6ZLJM4sAR,410000001,1,2022-04-03T20:00:37.814Z,1852.6875045187498
16a2xxYijFn3dure9NBKtkFsfrWabnLjQK,100000000,1,2022-04-03T20:00:37.948Z,454.765991
164CukEeD1GF9bsrGW2rHv44xuwUHqampE,400000000,1,2022-04-03T20:00:18.689Z,1665.751952
16BTVydgvQgdQqy8S25Z3Q9V2cWfg44w5o,300000000,1,2022-04-03T20:00:37.902Z,1921.686036
164woCs1fYKwyUTroKwSFYgAiGeZzjUSiK,300000000,1,2022-04-03T20:00:19.594Z,1261.863006
16B8wt6haNU4UJmJCzMvRR4hj3rPpq6nZ2,200000000,1,2022-04-03T20:00:38.655Z,1094.930054
16231qzZLBEtQ8vEfspvAjUanAx114r1H9,100000000,1,2022-04-03T20:00:19.628Z,437.747986
16aAvHzRDnv89v7tmdWvnPJvvWUgMzEzM6,250000000,1,2022-04-03T20:00:38.704Z,1662.53006
169cizeh1K9zzzvTCyUdPNdpXD4T9xCksp,300000000,1,2022-04-03T20:00:38.722Z,1270.238982
168Ly1sTte9wY4p3fBSVXLPR1xBPeouPXc,200000000,1,2022-04-03T20:00:19.645Z,1333.303956
16bkzEDAaAgXrjrwYduU3hCjxFwLVrV165,200000000,1,2022-04-03T20:00:37.962Z,1173.505982
163aqEXMd5yAZgDqWifF8tXq7yyXzCAGpz,250000000,1,2022-04-03T20:00:18.726Z,1480.2575675
165jjwUQbu9MSFCXnWqGjLRFToefVURWay,50000000,1,2022-04-03T20:00:19.677Z,210.310501
165W3tBiFz4cEaTXR2SrRfUdY8u4KuifSo,536774,1,2022-04-03T20:00:18.740Z,2.2368929439309597
169eiiWHAW9opf29KM3srafP1VqRRuWeie,150000000,1,2022-04-03T20:00:38.785Z,625.0935059999999
16a6cfxMBEsb1mfKMPazWSBEogPbe4iH29,250000000,1,2022-04-03T20:00:38.801Z,1437.607575
168qvYsb56vfxDLjdPWinDXZatKyAW63yD,100000000,1,2022-04-03T20:00:37.978Z,417.945007
16CDpvAP14WB7YsdfCwsAeHfbg57xanKVK,50000000,1,2022-04-03T20:00:38.814Z,204.774002
16b4rFKtLy8NGS3etfCCacppos9j3GTdFp,510000000,1,2022-04-03T20:00:38.010Z,2149.3644
16AoBffzee5Vrk5eJq8JvtrGiuTWcih3fH,300000000,1,2022-04-03T20:00:38.830Z,1241.915955
16Akt4JeRRKySzKDBRJEEweBJ8JRpUp5dE,400000000,1,2022-04-03T20:00:38.895Z,2318.604004
15ZsKGVeXxoj4DF8JTWo72wqgRgZz8BRbP,50000000,1,2022-04-03T20:00:19.709Z,210.367996
15YndULbc8Wb4mMrGpinizDKXvjmajznES,200000000,1,2022-04-03T20:00:18.831Z,1160.364014
16BnAJ2aqwPs4gKDkyUSYnxHbg7YcAmhkz,401619463,2,2022-04-03T20:00:38.913Z,2676.8861335334364
16coqsDiLZbNFRGu4aA5cmgkgiXeaaU2yB,400000000,1,2022-04-03T20:00:38.133Z,2147.679932
161C9FrEJKKtfhDiPenDiBAsK32FkjUC4H,150990000,1,2022-04-03T20:00:18.867Z,668.3964848505
168vEvrpv1XR26pWWxHhGdBHYxDY7wTL3x,50000000,1,2022-04-03T20:00:38.079Z,207.160507
165aLodTKjZMJJSQiSdUijLEhnwhydhe4L,400000000,1,2022-04-03T20:00:18.885Z,2450.043944
16Di1ZKN6w3RX7BvoCCvzbCBwJ844di54x,100000000,1,2022-04-03T20:00:38.147Z,416.729004
168rwLEsxCdXBVDhno3aTNJXH4vzzSyVZS,100000000,1,2022-04-03T20:00:38.163Z,455.096985
15ZBq8sQiba43XUfSXCCCim9dkCiARZ9qS,400000000,1,2022-04-03T20:00:19.738Z,2309.756104
16DhR8Tonizn1uGqs7P4PRc7cXyQndyei7,100000000,1,2022-04-03T20:00:38.946Z,578.289001
15yQxLxxWTzzUkmrA2LNWWuQfzTxLnAQj8,510000000,1,2022-04-03T20:00:19.892Z,2161.0434459
165vtA9Zdd2e3wxXJCZXQGqnMSwHr3jU2t,400000000,1,2022-04-03T20:00:19.002Z,2627.968016
16cXM7NntiqQz4p5aZSH9cDUCXWicpXvF2,300000000,1,2022-04-03T20:00:38.996Z,1251.032958
15z2BbcHJHNuPCr98LDS6soaLueT6PGLVt,400000000,1,2022-04-03T20:00:19.845Z,1638.192016
16b6ARmmfGk5d5cyJswPVBeboPXn1NjXpM,150000000,1,2022-04-03T20:00:38.980Z,626.9399865
167HDDg9BqknQ6NyY6RfLNNPhYMUjGTUou,300000000,1,2022-04-03T20:00:19.808Z,1239.921021
1683GYFDMZpPj7645yLr9jd9jiHcMWABWn,400000000,1,2022-04-03T20:00:19.874Z,1685.776
16cVC6S4LvngsaoH9g89PYCSPgKGJHTknB,410042572,5,2022-04-03T20:00:39.026Z,1705.930129452458
16D3HWxaA5FL9QvPnuXamihffKV2STecZA,50000000,1,2022-04-03T20:00:38.238Z,210.310501
15zNRXsiQ8GXP635dkxgvxenCZJtBrFGE7,300000000,1,2022-04-03T20:00:19.958Z,1726.6109609999999
165eYxQM3CkycvGJV77hTSs5TE7rQw4KrV,100000000,1,2022-04-03T20:00:19.909Z,418.088989
16dHNN1RP7W6Wp6WMHHx5GzR67F2vmZz7B,30031,1,2022-04-03T20:00:39.057Z,0.19739196294185998
15ZctsKiPe8nLFFNWGicefgF545cQxE7CF,410000000,1,2022-04-03T20:00:19.091Z,1879.9976450999998
16chPHSUmuQ7fh92tHzcoGttWNp5Hu5HT,200000000,1,2022-04-03T20:00:39.108Z,1352.592042
1659i4SE9yGZaqonL9QF74dg378qBsse8q,400000000,1,2022-04-03T20:00:19.939Z,2428.620116
163gXKqUKQQgj5iuPVpJDvmLSWQs4eQnvv,150000000,1,2022-04-03T20:00:19.984Z,672.4769895
169X8cH2prafcUbbTvDaHQYpfrrPDSCs8Q,300000000,1,2022-04-03T20:00:39.127Z,1923.2160629999998
16e1yoEpMR3R4sEAi5GEbnWKrNVApYA3N3,50000000,1,2022-04-03T20:00:39.145Z,204.774002
16Di6hA8MH3dQAQMJ1hD1k7jcxKzC64P7R,50000000,1,2022-04-03T20:00:39.176Z,206.6535035
164kvFNWqV22cVrEYKhmMAdH8fV8SiDXDj,150000000,1,2022-04-03T20:00:19.109Z,997.9485164999999
16cBXVMrko8bSicRDk5nzTpCwyYqd7zh9S,50000000,1,2022-04-03T20:00:38.334Z,204.774002
15zecSCwGDARzub5yrou9eEVBfCPrW8duh,405900000,1,2022-04-03T20:00:20.017Z,1711.639718118
164zf1CiB5HWmxosQCvLZsDC4kSoWpBp2i,700000000,1,2022-04-03T20:00:19.157Z,2919.917084
16DL6kLGpJwV7h3pmNygunJSKH8mBLEPFs,150000000,1,2022-04-03T20:00:38.283Z,667.003509
16DoxP5GCYEi6Sdsed5Bu5nW3JmH9odiTS,700000000,1,2022-04-03T20:00:39.208Z,3719.701902
166y3WDMrgmGX2AVBva2yLeKaYomnxFw1J,100000000,4,2022-04-03T20:00:20.033Z,428.591003
168KQtJ1X3EezsYbXG1g7qtELJuzaXPKqT,50000000,1,2022-04-03T20:00:19.999Z,207.4299925
16BET28waKjWbhWJa2aMAuEnmRjqgipy6j,400000000,1,2022-04-03T20:00:38.318Z,2475.976076
15ZY4Xtf1PWkdrrenhXyjgRZBosmyk2E6p,300000000,1,2022-04-03T20:00:19.206Z,1234.871979
165up5ueVLuFb3qU4VZLreuCYn7C824F7X,100000000,1,2022-04-03T20:00:20.048Z,428.591003
15yW5Q555gJxKGLZadnzcVrYXo5NiiuyvC,200000000,1,2022-04-03T20:00:19.140Z,1308.19397
163A2U2sVC2QjTdGJiTWegXzTRVTut5Jg6,550000000,4,2022-04-03T20:00:19.239Z,3351.1142526000003
168NS46JZoftoxwTRcJ8PGtizH4JS3kD8y,100000000,1,2022-04-03T20:00:19.257Z,420.785004
16aWJpWdXVbQ5iQ8RUA8KQdtRxjRoVRVVf,100000000,1,2022-04-03T20:00:39.242Z,422.372986
16CdjeHGdZZNXuGXVZVLmJa7xd6bduyXeC,300000000,1,2022-04-03T20:00:39.259Z,1249.313964
16bUc2JF4cFQDPofLtpTmV2E5p84Fv1MFt,300000000,1,2022-04-03T20:00:38.423Z,1824.728943
166kx92AESr6WZaMD9vZCUGYiH4aJcmVyA,50000000,1,2022-04-03T20:00:19.287Z,208.4149935
166qtF6BzzvN6izVvyTtyKNbHEUA4Ejpu5,50000000,1,2022-04-03T20:00:19.301Z,206.6535035
15yNpy9DbLnfw2iz62jNEZV4EaMPCf4WXo,200000000,1,2022-04-03T20:00:19.318Z,1216.624024
162HgXVQorizW7GkRARuHV6y2eXgZMazjT,150000000,1,2022-04-03T20:00:19.366Z,935.965485
166wbpRD46pJyshwdUUZLB4Goyhp8Wbfd4,1005098,2,2022-04-03T20:00:19.349Z,13.615680548148239
166ghxu93yp2Kfz819nk17q6qA34wYffMq,304941112,1,2022-04-03T20:00:20.179Z,1380.5537883871266
169RdJPxuainKdmph69hviM4pMJCqERkZP,400000000,1,2022-04-03T20:00:38.466Z,2368.412108
164qBkckbdRCmRauz58rm3jcmktQ3Sf6U4,100000000,1,2022-04-03T20:00:19.415Z,417.177002
166EhtUfdrnW3EdidSTh8tWDCVzYpmNWkn,50000000,1,2022-04-03T20:00:20.226Z,210.310501
15YK3dfdwJcj9xbokWts48YSeLXyFgcHKT,50000000,1,2022-04-03T20:00:20.196Z,204.774002
16aVB7BXZxB3mN6S3XAqka7jcNFVkNmThw,400900000,1,2022-04-03T20:00:39.432Z,1669.4998938920003
16bvVjKjh3gjsu1WAfA3uxSmHjSwvfrwU7,400000000,1,2022-04-03T20:00:39.404Z,1657.284056
15YNK8ZhbZ6CeF8DWX3b2t3pyg2c8ea6UW,410000000,1,2022-04-03T20:00:20.244Z,1713.6359630999998
16E2cnDBBGj6nywFUYQoagypG76CQQq3cz,50000000,1,2022-04-03T20:00:38.516Z,208.197006
16BfDdeYT2udv4DisMjLLHTd4eonjKTCEr,1000507,1,2022-04-03T20:00:39.374Z,6.311768394964649
16BffQBW6ytK8cRwkvZ4GSqbqxVS5FQSf4,200000000,1,2022-04-03T20:00:39.419Z,1160.364014
16AzKPt4obuDViDQcmoP8BFCJi2Mx6b6VD,400020000,1,2022-04-03T20:00:38.529Z,1659.5229119970002
15Z3ZBCi2RxP3xNCbfzcCZupRWCTdyJtDN,200000000,1,2022-04-03T20:00:19.480Z,827.94397
1625fWb9YGHbE81kGdkonygkoXPvyUbTDD,100000000,1,2022-04-03T20:00:19.494Z,446.721985
16CciTU4Gx63rGgtgbFJHKx5H9V6UFByK1,100000000,1,2022-04-03T20:00:38.559Z,426.765015
15Zvzq7uiy5xP8DDX4sDvLnH5ZRP1i99rG,400000000,1,2022-04-03T20:00:20.296Z,1638.192016
16da3uHVi7Pv53Hbzi6ZDBC1KQuEt7oDny,400000000,1,2022-04-03T20:00:38.575Z,1653.228028
166snzhezkmERYDJ2oGkURnzSvpX27CBQ6,400000000,1,2022-04-03T20:00:20.325Z,2306.38794
16Askpg3LrqR1NDkBHe2MwzUVzxbiY3d6o,250000000,1,2022-04-03T20:00:38.605Z,1542.8024300000002
15ZnVUHi6btV8DMg5j65WnstKM3DFd1a7A,300000000,1,2022-04-03T20:00:19.558Z,1239.921021
169nwmQU2RWywKcqwYYct23wcLcRQMPcDJ,200000000,1,2022-04-03T20:00:38.620Z,821.87799
169o7zfeeD9E9xEHur17Kr7VP8ehzrZPka,400177482,1,2022-04-03T20:00:39.464Z,1683.2305345667694
16AnSRPD7b47EfCXYRterzhtonw7ubvScZ,100000000,1,2022-04-03T20:00:39.481Z,420.785004
16HEq5LVaHzaqSivNse842ksGmMWSpZWV8,250000000,1,2022-04-03T20:00:37.853Z,1666.307525
16JissLBPwrcL3G48MoUCRT5Cea2V3e2WE,510000000,1,2022-04-03T20:00:56.647Z,2131.5959540999997
16j9Wv2e7P1tkPvm1mV6wBh6Cr9id67cWT,200000000,1,2022-04-03T20:00:57.638Z,1151.073974
16mDKUxhaFXgDGHp4cuqS6KsidztVaTsai,200000000,1,2022-04-03T20:00:56.756Z,1352.592042
16fe7r84yuQgqMib35zGgethrNG1x6h1n2,1014735,1,2022-04-03T20:00:38.672Z,4.5122120380341
16mMBwtsGjy6U67Kudwrhw3hvaHfPw9SXi,700000000,1,2022-04-03T20:00:56.698Z,2919.917084
16Hz38j3MiBJSouyGFCw9prs2UiojBfzAG,250000000,1,2022-04-03T20:00:37.884Z,1557.1525575
16etfxhUmJfPhvaf9i242TnJijcYagojxG,251016350,2,2022-04-03T20:00:37.918Z,1474.8692086099336
16kMzR2jyRakL9SpMdar1ypkcWqoLY4ygp,400000000,1,2022-04-03T20:00:56.772Z,2458.176024
16J3kkoKcu87PvyoE8hbVX2TfG7JZHSUcf,50000000,1,2022-04-03T20:00:56.846Z,212.272003
16K4xXBSxzTTF2RYKs8pwh4HQAtXCxUwfu,300000000,1,2022-04-03T20:00:57.658Z,1244.579955
16J4jVhJWAA345r6pMzB31finqJFTZ57Zj,75000000,1,2022-04-03T20:00:57.672Z,341.32273875
16iHd4h5JEwVfHZPsdWaaYDyNfdTT8Wn5R,200000000,1,2022-04-03T20:00:38.687Z,1330.024048
16FhC7cLgybiVBdJSFduwQPz5vJvkx8ezs,1000000000,2,2022-04-03T20:00:38.755Z,4376.969910000001
16LQ4Y3A4mh2w8eEy6u7CCu5gy8UDVXR2m,250000000,1,2022-04-03T20:00:57.732Z,1469.5025624999998
16FS5vbdnAkoK53mp67R6u1NPwMmCi9G44,50000000,1,2022-04-03T20:00:38.846Z,216.076004
16f1bNXrPh9PFEFVoe8D81A1xtziKmw2R9,200000000,1,2022-04-03T20:00:38.028Z,1326.51001
16nKofxZV8QfPVj7KS28UQLN9Zpp9xPwJ,100000000,1,2022-04-03T20:00:56.893Z,421.444
16e2UW3Wf7w8KxGYcPL13ZacwvuvNyKrYN,1875657,1,2022-04-03T20:00:37.993Z,7.72065423838401
16kcoxUhwkTvJ9RiiDvykNsS472to34H9S,300000000,1,2022-04-03T20:00:57.747Z,1830.6119370000001
16JfV4N6dnbQNpRGyAA152p6ZAZehQEe4Q,200000000,1,2022-04-03T20:00:56.954Z,1212.543946
16iSf9AGBqaYhtC17fcD7KDgnGA6wrpS6y,50000000,2,2022-04-03T20:00:38.878Z,208.1609955
16HAr9UGNoBZZvdW2SCuXLAHeYNDjZ92SK,510000000,1,2022-04-03T20:00:38.049Z,2299.5644439
16iWzfcoM6DLcRbkem5uB5Z3neextFEwfb,510900000,2,2022-04-03T20:00:38.865Z,2127.980198019
16eMkJpjc5QRRJMLiFMeqo9dC4BGwhAenH,150000000,1,2022-04-03T20:00:38.114Z,682.1489865
16ogZg4uHcVBxiUuzwjwTivsejkJ8siaoB,200000000,1,2022-04-03T20:00:57.077Z,1196.42395
16iTUac8jkf4LPud1SZBGJiyKWcoFNPA6T,200000000,1,2022-04-03T20:00:38.932Z,1155.521972
16JP9jp9Pg65zmyU5A7abXyQsgN5JHAtBB,300000000,1,2022-04-03T20:00:57.047Z,1239.921021
16GoZU8FnGmRmbj5G8pkGqENRJCH8Cfkxo,100000000,1,2022-04-03T20:00:38.964Z,422.372986
16HQ8jQS9fKHcu5mYvxL2b7yn9Q5XPPW4v,410000000,1,2022-04-03T20:00:38.178Z,1700.745641
16iN2cbWh5hJAmx3pvYSnHPVqounbYC8K7,49990000,1,2022-04-03T20:00:38.192Z,208.46379190140001
16EbWBe9kgmCabfiCbrZzE8ccmujY2eCbX,50000000,1,2022-04-03T20:00:38.208Z,208.4149935
16jP7ARHcuW3QhPZ2wGhMXxvxZfDjBkUPq,150000000,1,2022-04-03T20:00:57.827Z,636.0449985
16hFv59EYfQNnRh7Ur6VJ7YGP6ZFbA1gbH,200000000,1,2022-04-03T20:00:39.010Z,1150.94397
16MKpkbUvoaa82c73vYjHHF1MaYqoxq648,510000000,1,2022-04-03T20:00:57.153Z,2286.4217642999997
16jSXCwYe2FJamHhLjwxx9c8f1aDRr2RMr,300000000,1,2022-04-03T20:00:57.136Z,1250.489961
16GSzhTUGTsx38D5wZgZ9HRb5zCAjH37MQ,410000000,1,2022-04-03T20:00:39.074Z,1708.5889163999998
16F7C1U38dCJJChMqyF1psYGBac2wTstzw,200000000,1,2022-04-03T20:00:39.091Z,1311.11206
16EDTPCBUAtRNrjzsB9v3PRrUMHjZMZQ3v,317191969,2,2022-04-03T20:00:38.224Z,1922.4498577647144
16hSjnd3XBZLk9zHQdK2Fq2Mfgh7tFVtq4,50000000,1,2022-04-03T20:00:38.253Z,206.8775025
16hwjeiugbqnaXxCMN5tLychBk5cf9BzgK,400000000,1,2022-04-03T20:00:39.040Z,2120.159912
16Lgpzvq1YDCHAbznFbk2zVhbAKKJ6J22f,50000000,1,2022-04-03T20:00:57.166Z,211.186493
16JAYryU92p2AGFKCC9Ne3j4gpbNPoAzTs,50000000,1,2022-04-03T20:00:57.935Z,204.774002
16heSRpNbFk4Pm5Cne7udoFNuqVp1Jaa7J,150000000,1,2022-04-03T20:00:39.162Z,672.4769895
16hXd7RQYFMahTwMyM32FKmkwpd2pZmUVW,103980000,2,2022-04-03T20:00:38.268Z,433.81129007910005
16NGGErnEM9UNnbf5zspVHufpQ6yToHvuK,410000000,1,2022-04-03T20:00:57.921Z,1738.5229958999998
16Lh6fdsfPki7YKNU1BB9UyFQ5FTwdBE4d,50000000,1,2022-04-03T20:00:57.952Z,208.2579955
16inP3Lm9LX2TSLJUcfXTADLFfpdJMuoah,500000000,1,2022-04-03T20:00:39.192Z,3069.914855
16NjCjHUnTHY16SG1c8bG9HQoAEsX2am7j,100000000,1,2022-04-03T20:00:58.045Z,414.321014
16LZePS7S9XEy22NJFqkv8hajCFjh8j8TR,100000000,1,2022-04-03T20:00:57.265Z,418.040985
16LWGUj2T7HtEMBL14npEHhLesKCZKB2NT,400000000,1,2022-04-03T20:00:58.029Z,2385.191896
16eG67ovFv8ErZJkdFV4CuMPABRytnjVim,150000000,1,2022-04-03T20:00:38.300Z,636.0449985
16Mu64W12CTzgxEpt2BQnveG8eY6DUvH5A,300000000,1,2022-04-03T20:00:57.998Z,1839.062988
16nTndqoTzpFZhrwvR5SZEfmiQBzrQDLpC,410000000,1,2022-04-03T20:00:58.064Z,1823.2167491999999
16nqPR5DHsX4tK3oGvedvjaiHQiZANBYJ,400000000,1,2022-04-03T20:00:58.014Z,2292.864012
16EhDUTxhXroWXVNAxm6raGVtafGccbKJK,400000000,1,2022-04-03T20:00:38.350Z,2705.184084
16k3TE9FiF8ho6Un35JRDYmJPqVkUhideB,60063155,2,2022-04-03T20:00:58.109Z,250.9227026409786
16HYTyx5pDM5BTXWS4BHnPNGxHbGmZgJQx,300000000,1,2022-04-03T20:00:39.227Z,1249.547973
16JShqZRpGfB2FKFh9qMEmStnAHd14dBVP,150000000,2,2022-04-03T20:00:58.138Z,671.9640195000001
16JCetCL5QJwCDdV6dzPcqXvAjgBNREb2b,300000000,1,2022-04-03T20:00:57.359Z,1250.489961
16fNA3N8wx1gkWseRWu6aAkNW2rXrnWgxJ,100000000,1,2022-04-03T20:00:38.365Z,435.509003
16HkadmvrLQ4HbHNYk6cBqDNKgsKeQ31hG,400000000,1,2022-04-03T20:00:38.395Z,2301.88794
16NcDoSCrg6Nb292X3vJTByTUswNHjUCgh,50000000,1,2022-04-03T20:00:58.154Z,218.873993
16mrfFZ7KabamaV7oCJipJbkdbZmCnQbxd,100000000,1,2022-04-03T20:00:57.302Z,432.152008
16iXGK9cGA4S9eFXhANfmxvYA2q9MgVt9G,250000000,1,2022-04-03T20:00:38.378Z,1524.3374625000001
16JjCKKR9Gk2P5HT63BW6ZPDSt3PfxhiSP,500000000,1,2022-04-03T20:00:58.125Z,2845.9698500000004
16K4DRfBtNoGcab2UCpHf25gTDYwfK58zX,300000000,1,2022-04-03T20:00:57.377Z,1244.44803
16NUVFKZtCsPmZboLJgtjUMLF52eMYhoxg,100000000,1,2022-04-03T20:00:58.172Z,420.785004
16jUaqcZYfCraxhEyjSMHaEdiBF4fG11We,50000000,1,2022-04-03T20:00:57.431Z,208.4149935
16fwAfEyyaAfq8nW2Xr8dxrT4hQKebWqcS,50000000,1,2022-04-03T20:00:38.437Z,204.774002
16fPUAsVHpqX12bFJsi6yb5PMSVHW9xzUB,11457488,3,2022-04-03T20:00:39.275Z,144.93183852436465
16JmzfLt6d61EUHVBMVZBQQLLxMonXAuwD,300000000,1,2022-04-03T20:00:57.415Z,1910.358033
16guhwsCnwbJGoibdiRkyWULbpdZBjtwdk,100000000,1,2022-04-03T20:00:38.409Z,424.954987
16KKjMU9oCfcc9k32ZTe4BNyZ7t1iWgFXK,300000000,1,2022-04-03T20:00:58.219Z,1814.1840809999999
16FaZDoK2HzRqKp4wS9yYvUe9Kfy5NPHCa,300000000,1,2022-04-03T20:00:38.453Z,1242.9630419999999
16eEVt2PMqwjbmht3wSeepBvu2VuuBvqba,300000000,1,2022-04-03T20:00:38.498Z,1251.5310060000002
16EQiwd2uvujUXtycgmC9hKqmBiJv9dvoa,50000000,1,2022-04-03T20:00:38.482Z,211.186493
16LzKES4fBDftk1bBBJWtvS2NJPVg5MpMi,50000000,1,2022-04-03T20:00:57.447Z,217.561493
16eToB8kbEwLk2wszhfgP8VadBziJYj8Bx,50000000,1,2022-04-03T20:00:39.289Z,222.343506
16eSEi3R6JcbkUQbrZ7y1siMNz6EsRSLVS,250000000,1,2022-04-03T20:00:39.304Z,1514.2324825
16ejZhd7eiB64STg4o8wPUZKjTzGwN5YDB,250000000,1,2022-04-03T20:00:39.343Z,1683.3424375000002
16KSjdeJ45dgbN2mW6WUxAvqxYSPg43M8i,200000000,1,2022-04-03T20:00:57.459Z,847.978028
16GwNLV5yw8p12d8mv1JfgoJvbWgD77Wzs,100000000,1,2022-04-03T20:00:39.328Z,417.945007
16ED3WVsUTQ2vCn6jRcQLMjm5xp8kkC3wj,410000000,1,2022-04-03T20:00:39.361Z,1713.9680384999997
16MvkVqvEu3NfUecxLA1pcpdbzo6N3jGPd,410000000,1,2022-04-03T20:00:57.541Z,1700.745641
16NzJ1hHEP61ieFPFMn798zL352k8gwqD2,200000000,1,2022-04-03T20:00:58.237Z,1194.297974
16mLN1S4iERwFVfope8i5df3r5x9LMKP8Y,200000000,1,2022-04-03T20:00:58.253Z,1345.728028
16KV3gFS4sxKrC3cKh3wXRSyFLKDh1jS24,200000000,1,2022-04-03T20:00:57.525Z,843.302002
16GJcf43XEv2K39kKuHxXDiCYK1sGuEaT3,100000000,2,2022-04-03T20:00:39.389Z,416.321991
16KufRBE8i2ayHpR2w5REVqktcWW21bz1i,400000000,1,2022-04-03T20:00:58.286Z,1672.355956
16e9wUM4VwKG9DohxXQV5wbHMqJfg85Caf,150000000,1,2022-04-03T20:00:38.544Z,981.702027
16n1UqeYHmU35HtqH8M5emCRYgntQ5AhbJ,250000000,1,2022-04-03T20:00:58.303Z,1664.2124949999998
16NNAYUN61UAbev68ryEJ4ztydqqgJcPrN,51000000,1,2022-04-03T20:00:58.320Z,212.38337388000002
16NphE6ihjsG41V8CxgYuBfC4VDQ4etmHt,510990001,1,2022-04-03T20:00:58.405Z,2129.44354170689
16jWHiNy5q8o5JBCikieodz7f5YDLAgGiD,400000000,1,2022-04-03T20:00:57.590Z,2562.248048
16G4ZK3NhDysfX6APEmVTqRYTJNWqsyVx2,410000000,1,2022-04-03T20:00:38.636Z,1723.4308958999998
16JwStchzopj2zqsceFCdqoTAAjAntR5wA,200010000,1,2022-04-03T20:00:58.387Z,1144.6631882979002
16evS2CQ8ZVbSp6L7jzy2fJUpVMxuoBFNn,300000000,1,2022-04-03T20:00:38.591Z,1251.393036
16NFkvtBYVShaRtuux2SjZ6NcVseDxHg8u,200000000,1,2022-04-03T20:00:57.603Z,1308.19397
16h3TQzmcgvx3sNKWbQ9fSz5iTzqbxctA4,1018247,4,2022-04-03T20:00:39.449Z,25.91202450936796
16Pmh5ZxE7hw5SV8qSbwxF91BhznTDNTkG,50000000,1,2022-04-03T20:00:56.737Z,211.186493
16PcarRJz72QfU4aVQ9M4BuAJV5iJZEhEQ,400000000,1,2022-04-03T20:00:56.790Z,1682.484008
16oLfdWRkfTKY754MNvGznfRXo3VYXdeg,50000000,1,2022-04-03T20:00:56.811Z,204.774002
16TeLtjHnxXuX49DwsfukvGuyp5kYg6xp7,300000000,1,2022-04-03T20:01:16.390Z,1261.863006
16S4jvoMttnnigCyBEzRoWTMnxbihWkg3w,400000000,2,2022-04-03T20:00:56.713Z,2302.147948
16Qi7pbzNCHZv6b3we3H9NaEW5vBsaV6Gp,150000000,1,2022-04-03T20:00:56.827Z,918.1994940000001
16vyqvKbP3QMwJRtcm2UsBNkPAeTsdjohw,200000000,1,2022-04-03T20:01:16.467Z,1184.206054
16T1aZvmpMTg2FvKDyewUmq6nyEzYmhgT8,410000000,1,2022-04-03T20:01:16.434Z,1707.7155630999998
16VfKzJ9UEziedcZbeykWCxtKosSkESHLZ,400000000,1,2022-04-03T20:01:15.631Z,2602.476076
16WYhXaVypj6VSMDuxU7h3pDw9efrZQdY2,250000000,1,2022-04-03T20:01:16.452Z,1676.5675350000001
16qbrNfXg5cJv9die2qeQkt5FpkPTmDJsb,100000000,1,2022-04-03T20:00:57.702Z,417.177002
16pBxLdudnkxy9dFnu1nU1phCQhg1zadkj,50090000,1,2022-04-03T20:00:57.716Z,209.3967293865
16SH9Qhnve1hThQYS4s7wjaV6X4PeZEXaQ,300000000,1,2022-04-03T20:00:56.865Z,1808.52594
16UcPUQvvWvw24KgLymePaB7DqZiRAPUZs,50000000,1,2022-04-03T20:01:16.502Z,204.774002
16UYsPy54zr9VUNgpPHZumMMhqdKDe29JV,400000000,1,2022-04-03T20:01:15.756Z,1667.319948
16VTRfKMT5t4oTEiZCBg1NtB7JPaChvP2q,100000000,1,2022-04-03T20:01:16.548Z,424.230988
16ymL2GAtLCvR1J99a3qCRabifXCgoWupA,50000000,1,2022-04-03T20:01:15.711Z,208.505493
16USqkoo7569kJS7hVN5BreRXbYanAq2F6,412384425,2,2022-04-03T20:01:15.772Z,1733.4538025194056
16xErs5zbF3DjjJ92jPmZyLGo9XaGCoSwn,50000000,1,2022-04-03T20:01:16.533Z,210.310501
16ScVXQx2xCpTJp2FJiLbpRN4oDbQFMD4t,200000000,1,2022-04-03T20:00:56.910Z,1294.001954
16UZm9rfps6S3CKZKBqVvTmbhRp4tJPfev,200000000,1,2022-04-03T20:01:15.827Z,1331.369996
16xn4pNuBvKsLvHd73Sh3GVBzvEhf8tTMr,100000000,1,2022-04-03T20:01:16.597Z,422.372986
16SRFTsGufeGnDqKdkPrbPiKLG9Xm5xefR,200000000,1,2022-04-03T20:00:57.762Z,1346.67395
16RXnaRMw3NFGisoy1hcLXj92UYVxjPFDa,200077000,2,2022-04-03T20:00:56.991Z,1353.11278993617
16V5wN4D78ppANxhmZ2UkHAvBUbjBsGCpg,400000000,1,2022-04-03T20:01:16.578Z,2682.508056
16QQaCkZJNQfUiSHPkBHrrC6msfVHmUTe,300000000,1,2022-04-03T20:00:57.777Z,1324.1670239999999
16QPNVNi18i4W17vTVKggtMhbXsSkBubaG,200000000,1,2022-04-03T20:00:57.793Z,1352.592042
16pVwaoXgCkBzJCSYbhJkWm5ig5wSuJ1Pf,251000000,2,2022-04-03T20:00:57.009Z,1483.54558016
16pAK685SEgpYBcABM3Lj6rSHBUN4Zc5dE,51000000,2,2022-04-03T20:00:56.937Z,222.91123298000002
16Pd7Rgz2t45LTpgYqpeLG3VgVrb8KwPK,50085670,3,2022-04-03T20:00:56.975Z,210.75298851292678
16oxKNvXPxrsy2Fqm2YiBRnUja9VjAWnhW,300000000,1,2022-04-03T20:00:57.094Z,1249.182036
16u8Gmio3qa4LPdHkpCbv8G7qJ3UgtZAGc,700000000,1,2022-04-03T20:01:15.855Z,2900.247098
16oXPiaLF8rXNov8vprqgTJvY2ZkaMNpXr,510000000,1,2022-04-03T20:00:57.027Z,2131.5959540999997
16WGw7VRN6EYKebGDipN1n1i3h53v9TRzK,50000000,1,2022-04-03T20:01:15.886Z,218.873993
16tQAoredkX9Gm3gqvpBPckfKp7xQt8XeV,50000000,1,2022-04-03T20:01:15.840Z,208.218994
16R75kNaY5fVZFaSq2kmadNUbcp2sXquwn,100000000,1,2022-04-03T20:00:57.063Z,583.414978
16TZn2GDMFj1VybuSYkGzBipZ4AL4wKAPu,1163448,5,2022-04-03T20:01:15.917Z,35.371322358372005
16P9prJtDy6ipnqDRmsjxn2srhooRHqtix,200000000,1,2022-04-03T20:00:57.113Z,1330.024048
16WLLWAzRTd67tCawZGu45HHsJC2ba9V16,400000000,1,2022-04-03T20:01:16.693Z,1750.787964
16xZGYRiPZARTP4nNEB1FdJAergEnUgtrn,200000000,1,2022-04-03T20:01:16.645Z,1151.073974
16SA4xR1h9HFvc8W9hPozuq1LxHGQ1zFaY,150000000,1,2022-04-03T20:00:57.808Z,710.1959835
16sLkCZPAg4GGR22hoV6SMaHihAUt5hwZk,100000000,1,2022-04-03T20:00:57.856Z,417.945007
16PVEW9evp8itphLSBoVEBc9FvXAfJ9VFK,300000000,1,2022-04-03T20:00:57.841Z,1251.393036
16uZns6RjZtqaf61Ftteg3JWgbTZd93C6h,50000000,1,2022-04-03T20:01:15.964Z,210.392502
16YbYyd3aCAfKz8VheWfEd4PnWwwogJeCx,100000000,1,2022-04-03T20:01:16.727Z,418.040985
16rUSoQwSEj6m6CgCTsef54Z7fPVXpHcxQ,300000000,1,2022-04-03T20:00:57.905Z,1249.182036
16vLMCpP7cMN7ePuXdEfJRVr6R4XeeSvgU,50000000,1,2022-04-03T20:01:15.997Z,209.0444945
16SmCxKM118Qsoc1D2Yy8zUopnp5kEd2pP,50000000,1,2022-04-03T20:00:57.870Z,206.6535035
16V4Q4GQNVwppbUP4KvysoYGEn4b2jYznY,300000000,1,2022-04-03T20:01:16.710Z,1760.258973
16sWYWEkrzanBey98r4yp16DbpMhT1vvBU,250000000,1,2022-04-03T20:00:57.889Z,1480.2575675
16W4SEw5VzRhB1UAVdCqtTgDUeUDaBJHJB,300000000,1,2022-04-03T20:01:16.744Z,1808.52594
16tqDJjuTnzxU3T7F5t9ShthjPJZKabC2U,50000000,1,2022-04-03T20:01:16.040Z,210.392502
16w4vkFAMiWdnxNx3C3a46Uri5q5fLP3iv,300000000,1,2022-04-03T20:01:16.059Z,1265.070006
16uHNHXeWKTacBLG8yqBt5wtonxTbriivd,400000000,1,2022-04-03T20:01:16.776Z,1770.70398
16xGKNEw4ukbvRzEVZnzSyLhmizfgkMU3W,50000000,1,2022-04-03T20:01:16.094Z,208.1609955
16PWZQytamtD338xYJyBDuK1JG5sCSC6fF,510000000,1,2022-04-03T20:00:57.185Z,2154.6633102
16tNySwY4NtJSz98xCto43rRvwHV2eQLMq,50000000,1,2022-04-03T20:01:16.126Z,211.186493
16UpdMfgqdumzGv7uhGaEdtP4eBeud6c82,200000000,1,2022-04-03T20:01:16.111Z,1185.380004
16RFQk4E5nWm2x1X91Xajm7Aab6U31e5oX,150000000,1,2022-04-03T20:00:57.207Z,675.4559790000001
16rUr5Sx5eFF7LK5mprgdeESZYHthi52og,300025140,2,2022-04-03T20:00:57.245Z,1821.6176573942607
16TYByDz5TA9J6R3gNgWwaE6JbKEwcKrpS,50000000,1,2022-04-03T20:01:16.145Z,219.399002
16PS9XTD8WNpNPveLhyd8VxSxn6crUJEAk,200000000,1,2022-04-03T20:00:57.969Z,843.380004
16rBhBBmEj7Lxs81M2Mgz8FyBN1p2baM1G,510000000,1,2022-04-03T20:00:57.985Z,2124.2315541
16uVNgo6FPpESLfzTEKGX7rzaWxqff9F8q,1000031,5,2022-04-03T20:01:16.165Z,29.91152597856125
16smTcbKcFGANvQgf4LdndkD1XvcPEtWp,300000000,1,2022-04-03T20:00:57.282Z,1228.644012
16Sv6fjyUJXcc76P343rV2cZ3hZpVEutUW,200000000,1,2022-04-03T20:00:57.226Z,1160.364014
16RC4BjEUX3suH3VrXbCGixmYyexnFvotE,200000000,1,2022-04-03T20:00:58.089Z,1331.369996
16Qv9LLRRmYj3isPTyNFjRn8dtJudiMMsq,50000000,1,2022-04-03T20:00:57.340Z,206.9859925
16TEK6gJgMAhn2BiuDtbXciH66dYXSbqv,50000000,1,2022-04-03T20:01:16.212Z,210.392502
16QB7hBHrwpQqaz44kZ987kqYcnbA7DhtN,200000000,1,2022-04-03T20:00:57.321Z,1073.839966
16VT78JjKemYvB4xAXDaD7DfhDFxb8mkFb,510000000,1,2022-04-03T20:01:16.875Z,2123.6094611999997
16oLDgpvKBqU7vL8SanjKrASqYMUrXuewb,50000000,1,2022-04-03T20:00:57.398Z,208.1609955
16wwS6ztktZ5QEz4Hth9ygk6Zjgf2teXoV,100000000,1,2022-04-03T20:01:16.891Z,414.81601
16V7Pfwsf6Fj9JsadHpWq4ue3W2E5bJiJt,50000000,1,2022-04-03T20:01:16.228Z,209.0444945
16veRFoVWzjRDSHUkp1vNu1b85YczRwU8G,510000000,1,2022-04-03T20:01:16.938Z,2296.5503286
16t59v7RYexEuuXj4Jnj3ZBWDJXKczbhit,150000000,1,2022-04-03T20:01:16.920Z,634.1174925
16x7wDA9oeGr5GuyqCUXyrcXUERVJ2myiJ,400000000,1,2022-04-03T20:01:16.973Z,2326.58008
16qo9CDSDovSyHLzvJBhCgtQerTaHRzNLg,300000000,1,2022-04-03T20:00:58.187Z,1732.317078
16RHmNebuKsTsRUrazBs9bCsjsnb41gXZm,300000000,1,2022-04-03T20:00:58.202Z,1249.182036
16V5qH2BSY97GBXAy5Y2S1SC7QbGuFLcJq,400000000,1,2022-04-03T20:01:17.004Z,1641.776
16R3a7Z3gVUP9E6g8fNDLh7dNvrMR5wZxx,300000000,1,2022-04-03T20:00:57.492Z,1261.863006
16R6z6pCKQspw3QhSMMSqkkaY48JBo67Ad,410000000,1,2022-04-03T20:00:57.477Z,1727.9204
16pyoNb7rGCtLrFDH7ydWZXSqmqzECrKoV,50000000,1,2022-04-03T20:00:57.511Z,210.392502
16vgv4TyxtHZo3Fh36baRLrKY7VPD3mY86,200000000,1,2022-04-03T20:01:16.277Z,1094.930054
16tRvD7YETMRzddYmN5LQwQN3NQ7W2HK6G,50000000,1,2022-04-03T20:01:17.099Z,210.310501
16uQcbh3P7Z4hJJcZ4TaZv9bpcpLMfTpBD,1161871,1,2022-04-03T20:01:17.068Z,4.923242567708391
16vTCFRS2pjrokfn3RxmfxNLbgq2KykAso,50900000,2,2022-04-03T20:01:16.311Z,216.302088383
16scbLnZnBSUGfpFBvzwhN7nanNSxqtPPM,50000000,1,2022-04-03T20:00:57.572Z,219.399002
16SZwzbEF4Yy3Gb63wh1M13a6yLAogfhWx,50000000,1,2022-04-03T20:00:58.373Z,207.408005
16wttuk9ywZPCu5fFj35VhvobFjeA5zFMA,51080000,2,2022-04-03T20:01:17.147Z,214.8532078216
16oSPMpaDpgBm8ea2CxHeNSzBSidNtdUqt,410000000,1,2022-04-03T20:00:58.270Z,1707.2154491999997
16rJVvWNP2UjPRNTyNpgDnGkLFFPrwJ6PH,100000000,1,2022-04-03T20:00:58.337Z,444.669006
16wFHWHbk3uwJbP1S8XeTB4HMoLAZsLd4j,300000000,1,2022-04-03T20:01:17.117Z,1829.622069
16so2MLyww5w6x96biFHNnCM2QkTpPmNBK,400000000,1,2022-04-03T20:00:58.354Z,2603.840088
16yFifud9fgk9stE9rUdCaTW3UwqMTT1qP,400000000,1,2022-04-03T20:01:16.374Z,2350.236084
16WJpC9RBwLjuszE1eN2zqtkWxeURpKCqK,50534695,2,2022-04-03T20:01:16.359Z,210.7958846646134
16spHYTyJXUtDVcCUNCHGDjojq9SqBju4c,200000000,1,2022-04-03T20:00:58.421Z,1316.156006
16wqEEVudpg4MDAE9MezLz2TQ7G3jsyqzG,200000000,1,2022-04-03T20:01:16.344Z,1062.771972
16VpA5nrWb3aZQzGCRtJAJTUBYpb8X7NpT,400000000,1,2022-04-03T20:01:17.196Z,2300.17212
16Q8XxNHCNWFqX4XvMv8zcZYPwpFYkoZEd,300000000,1,2022-04-03T20:00:57.620Z,1241.265015
172TbWhA8QTh5jENyxSya3B5ew2TuVdZyU,200000000,1,2022-04-03T20:01:15.537Z,844.745972
17bGBDCVUAKhNRe7qeDFr3jjEkUyigdjms,50000000,1,2022-04-03T20:01:35.570Z,204.774002
17cEVMsEFDrG8Dfe1wo32wP7wYLxKV2aZF,200000000,1,2022-04-03T20:01:35.465Z,1354.661988
17AYer6omNrFHiBRQCSb8kSwpvdY7U37Lw,50000000,1,2022-04-03T20:01:35.554Z,218.873993
16zwpXyr6vxp967kPqqTAqhUBemaT2Nadn,400000000,1,2022-04-03T20:01:16.420Z,2147.679932
17AyujteoDHvijjhLhcuDpcYjiCQpBJMCx,410000000,1,2022-04-03T20:01:35.479Z,1700.745641
178nEbMEk2NtXrSSUZYBPGE9PEVhmABmn3,300000000,1,2022-04-03T20:01:34.687Z,1837.532958
173HLVnETBvJCUqHewgi1qvFeDE3Dbgsci,400000000,1,2022-04-03T20:01:16.405Z,2433.248048
17agwUPp4JB9F662N7NmCeWB5sQ4f6LAjk,250000000,1,2022-04-03T20:01:35.534Z,1469.5025624999998
16Z2i3saoTwU58WmeLLNtooYyjFqVTXqwN,133556,3,2022-04-03T20:01:15.596Z,0.81754034413776
17B6csXbHJAkZzR8AFUG9GcGDSUDdGoq5L,200000000,1,2022-04-03T20:01:34.760Z,849.088012
175bmKf9gpHx5Hn2i9saPhspKvcM3dB93j,50000000,1,2022-04-03T20:01:15.566Z,208.505493
17A8155NFs1zHJugRX9zPCd16yw2SrKidr,50000000,1,2022-04-03T20:01:34.776Z,208.218994
17aKMRWqfYtzW4JxJgpWQMtDC25mNzZdUx,50000000,1,2022-04-03T20:01:34.821Z,210.310501
174q1mdUfErgqNwbYA8SzmktaHngGAjyLe,100000000,1,2022-04-03T20:01:15.681Z,432.519012
175q2WfmPNFFRsDp3ABJDuQcc4b2DxY8jt,50000000,1,2022-04-03T20:01:15.660Z,204.774002
172jHgELtSHMhRJ8h74kX85ACAPzJRYFRf,410000000,1,2022-04-03T20:01:16.484Z,1710.4257082
172fnK24pLXxqBvcix9Q9Uy3MzmyAJHpop,50000000,1,2022-04-03T20:01:15.725Z,206.6535035
171Y3WUtU3WehH1xv8oS6dcmwACAVoS4k7,200000000,1,2022-04-03T20:01:16.518Z,1150.08606
1721xwdYX5aLW2upo8Fj9ZuQqLwfvitw9y,300000000,1,2022-04-03T20:01:15.741Z,1364.297973
17bSjL7cBjWDJSmLwdwMqSUmwbnzjkitTm,300000000,1,2022-04-03T20:01:35.727Z,1228.644012
174aNZNSXUM3S3RVF6ruvWKX3j6sE35D1s,250000000,1,2022-04-03T20:01:15.697Z,1623.3999625000001
177NDFyMuzJYGaxWiVQfDx8uWukr33Hi6P,400000000,1,2022-04-03T20:01:34.851Z,2458.176024
17CdV8SQqdkFWg7EbtFTELpdqAvaHM9vpw,100000000,1,2022-04-03T20:01:35.712Z,424.544006
175ikA5ZPhLuejgmjKhJBB5ZUPzwCX1ZJr,50000000,1,2022-04-03T20:01:16.562Z,209.0204925
1721QwnpNXHVm48Rc8jbtvkf2LsfGeP7RN,50000000,1,2022-04-03T20:01:15.783Z,208.218994
17aBGBr6DgNY8S7yST8ZDNdG6rMtPPC8iT,400000000,1,2022-04-03T20:01:35.830Z,1728.608032
177nNf4TQMdBheL5pyPukp5WBMDcRg6ccv,410010000,2,2022-04-03T20:01:34.885Z,1842.6873932987999
1726aBZNv8Dw12b5gA5cetnCkp7srNn3em,100000000,1,2022-04-03T20:01:15.813Z,417.177002
16ZukWzBVkuKQo8aDtS956arRoPFsUZ4gq,300000000,1,2022-04-03T20:01:16.613Z,1839.062988
16zefFEU91UGjD4YDHbADtfMTFm7a6q8ca,100000000,1,2022-04-03T20:01:15.798Z,414.81601
177sQ5REv3doqPqJqAaSbVMn4rYSDbi2QR,50000000,1,2022-04-03T20:01:35.814Z,210.310501
175sUNSRTnck6v7iZoVPNSQrvmbTb6oiKY,100000000,1,2022-04-03T20:01:16.630Z,416.394012
17c4czP94CgqVfqJKn7ohLB4ZGUv9aauSC,700000000,1,2022-04-03T20:01:35.761Z,3143.076902
17BQkSoJGnp9kmZPptPDPeaJc4S4NpA8TF,50000000,1,2022-04-03T20:01:35.798Z,203.7440035
17aQm8k44vuu9PyXHBzXDL2YTjura1X2Xi,510000000,1,2022-04-03T20:01:34.902Z,2168.4690102
17b4uxunteMZYTwa43JFutY881aigdSJEu,200000000,1,2022-04-03T20:01:35.848Z,1144.605958
173b1opgaMgeQWwzuaQyxFAF5y34BxrKzm,300000000,1,2022-04-03T20:01:15.870Z,1261.863006
17ciqAV89Wwozg5FN3BnmnWGTUAndi66ad,400000000,1,2022-04-03T20:01:34.917Z,2643.068116
17cfnFBv6CK3joJUxtyzc5wxXj3vbyNagJ,300000000,1,2022-04-03T20:01:34.937Z,1829.2049550000002
17BYEXpG1ZYsbDUSAkfqBFZfirq1DdiVNT,9887842,2,2022-04-03T20:01:34.953Z,113.8035212621274
17B4r4Ay9t6jrNAT7VW7NBEMgeB6hk3tTu,100000000,1,2022-04-03T20:01:35.956Z,416.729004
16ZHuF4PYg8vmxpmzENpv6AqmZQsRZgi3q,50000000,1,2022-04-03T20:01:16.660Z,211.186493
175RPtmST9aT5v2BiL4zFStEgr7GYX9Zw1,50000000,1,2022-04-03T20:01:15.900Z,208.4149935
16ZymMo9MQkorYv5JhgbUS9EhM5GFHnVmy,200000000,1,2022-04-03T20:01:16.679Z,1316.156006
177dCTYsLWd8kL4a7iQY5vcE3aCHjYF8gi,300000000,1,2022-04-03T20:01:34.968Z,1824.1290900000001
17a1NYzakSk9nxzEfTBmq8nAHasTgj3Xjc,300000000,1,2022-04-03T20:01:35.923Z,1791.446961
17aiNG3Mm6fezMTWihn9mpniryhkQDYike,300010000,1,2022-04-03T20:01:34.982Z,1836.4602012996004
1799mifTTN7bVx9YvUg6pcASjxukBRnfYk,300000000,1,2022-04-03T20:01:35.939Z,1725.1290900000001
16yNGZr3Xuo1UaB3YrNCJFrr9yH3rQ65FL,150000000,1,2022-04-03T20:01:15.950Z,680.674485
1777eU9oM1ummvkt1bsXwQhx1vnTcw8hgT,200000000,1,2022-04-03T20:01:34.998Z,1358.917968
177odiAzGkjmLNveXej98MGrMVS81XQtEo,100000000,1,2022-04-03T20:01:36.000Z,459.602997
178sUzW9rsgNBwrdtxZrLtbR6cZCVumpER,400000000,1,2022-04-03T20:01:35.985Z,2422.771972
17B6BNRGL87sfqin7Tsf5tqgxFeD4cEdfF,50000000,1,2022-04-03T20:01:36.033Z,210.310501
17bQsNeismqrN9tSVTmnSosN89tvhk6hJ4,50000000,2,2022-04-03T20:01:35.013Z,206.6535035
16zVfKW2AfgnPC3vyeb3feSBdVPfWEkYuJ,300000000,1,2022-04-03T20:01:15.934Z,1788.8939219999997
176ADddTVpdhH31WiKdsW9Vj2cdM8XNuYp,50000000,1,2022-04-03T20:01:15.980Z,210.310501
16Zr5YPzVNBcVFbyWFcunf6Vcr3XsoJv5o,300000000,2,2022-04-03T20:01:16.794Z,1249.8764645
16yu45cD8etdrfoaq8vwkuEvurLYYmKuDp,100000000,1,2022-04-03T20:01:16.019Z,410.938995
16YN4jXhBqnDvicoofTiY1XaNU2ZBHU3n8,50000000,1,2022-04-03T20:01:16.076Z,210.310501
171hdQ3hLSJ39ekBbUnGvXzyVm9Ndo9ci6,400000000,1,2022-04-03T20:01:16.812Z,2448.531984
178DqEnW47quH4KcjEboqNs7uTK2s5NBjn,400000000,4,2022-04-03T20:01:36.049Z,2301.88794
176kGFinrDmvxaHVuTSDNPbyoc3QKfRahf,150000000,1,2022-04-03T20:01:16.758Z,636.4230195
1776SQncTFumKSowxrw9neXmWDE24z7twW,300000000,1,2022-04-03T20:01:16.199Z,1843.6320179999998
16Z8GpP1z8kRgcTju4MEhbMri1L8qxB6K7,50000000,1,2022-04-03T20:01:16.846Z,211.186493
17bDQeA9FLFZYvk7Euk9fyuQcVfCAiaakF,400000000,1,2022-04-03T20:01:36.080Z,2491.444092
16YtoAzPEDG58x3PbydkLGWZH8Xq6aZ35T,100000000,1,2022-04-03T20:01:16.830Z,422.372986
17BgkBz1T12iavyYZ7CKpyvCma9vyaiG12,250000000,2,2022-04-03T20:01:35.092Z,1445.07629375
176nN1p8DgEB4zdAiGxpnCEVmzpVxYSpQB,50000000,1,2022-04-03T20:01:16.183Z,204.774002
16zqn5cmYmqu5cKYZRYmMSoavpFDukQJDJ,150000000,1,2022-04-03T20:01:16.859Z,656.621979
178HGmCfR26dSSiFxJQah1U588p2CjgX7f,300000000,1,2022-04-03T20:01:36.144Z,1722.3209849999998
178pejXrjQQrnXBKkKuFrtxXvqv5xpr2Ey,300000000,2,2022-04-03T20:01:35.171Z,1249.547973
17aHCNz9RCzPC1DzzZLTVZLYRDvHbFDtj9,51980000,2,2022-04-03T20:01:36.173Z,214.8369822386
1721RPpCSRxKArK4ErmCP1kBynSsT7WgbF,410000000,1,2022-04-03T20:01:16.906Z,1710.4257082
17BHkYmpo3NDuXnwKRSMzAb3L65acY4QAU,50980000,2,2022-04-03T20:01:35.259Z,221.82569826280002
17cHXo43DzpAjQbw2B83FtLU2gteXhcweX,300000000,1,2022-04-03T20:01:35.219Z,1913.880066
17AQm3XtCQD6xdJXaoMzFumovF9krmSCFk,400000000,1,2022-04-03T20:01:36.161Z,1728.608032
175KkbauV5EWUCbkUTpLt8i3PPCNwAvMo,50000000,1,2022-04-03T20:01:16.955Z,204.774002
17aaJMZqArjH3eufDaEJ3HZg74BJT7Gmgz,50000000,1,2022-04-03T20:01:36.205Z,207.408005
173CFdvL4ZjPDzdB1h7TzikwqJrpE5CD14,200000000,1,2022-04-03T20:01:16.263Z,1245.722046
16zxGzFDjYJxER8YQTbM1GbiSTABfvuUQr,100000000,2,2022-04-03T20:01:16.245Z,424.54371669950007
175EXGUoTz6ZFdrQfBNkC32paaHXZpgAso,150000000,1,2022-04-03T20:01:17.017Z,682.6454775
179nEfMLmPAgXzbJpzhrSEdFuLaeZdip24,400000000,1,2022-04-03T20:01:36.234Z,2384.464112
172pRSmJSueo3WbRQfFmWwktJQPyZ1nX9K,403586199,3,2022-04-03T20:01:17.034Z,1683.668805473954
16yQTsbojuENAJgijvvkLo4TztLMrdtPgK,50000000,1,2022-04-03T20:01:16.987Z,210.310501
16ZVD7g681H4hbko1HCTdt8iWEEzmtmU9x,50000000,1,2022-04-03T20:01:16.325Z,208.505493
17a3ffcbNsoj5KFunEtRu3ovWFcbzySPmX,50000000,1,2022-04-03T20:01:36.264Z,211.994507
1756q2YysxLz4miPuqiz5tqBkWFc2UDoeQ,300000000,1,2022-04-03T20:01:17.049Z,1923.2160629999998
17C32kmF3s6TX6ifZxGjL67k8fRdbQ3P99,150000000,1,2022-04-03T20:01:36.249Z,671.9640195000001
17b7u5kS7ZYc4MscjhBmkfXP9m5iDPctwJ,100000000,1,2022-04-03T20:01:36.279Z,416.394012
17b81k8S73Q5t2RdipTwRX5XWk7mbvRJ9B,100000000,1,2022-04-03T20:01:35.397Z,424.544006
17bVoAYWqUhQ91qG7RbkEtLXVNjJKB71W,510000000,2,2022-04-03T20:01:35.341Z,2115.561651
173rweEuMJMtjgvABqE1Prd4g4UAiE7qxe,100000000,1,2022-04-03T20:01:16.294Z,429.713013
17CD2r57TPvLrncf82H5vNjPa8FV4jFbD5,400000000,1,2022-04-03T20:01:35.355Z,2320.728028
16YMXC1PpH8yhvZVP344LAWQAcHKJyDkNo,300000000,1,2022-04-03T20:01:17.083Z,1830.6119370000001
171yE7kLDvekmMCYVxZsi7EoAPThtLQD2T,75000000,1,2022-04-03T20:01:17.131Z,331.04175599999996
177EjGJmcrG7H4cEnkfsyRZTRSXKUtTVYL,300000000,2,2022-04-03T20:01:35.412Z,1253.879973
17AJNs1C1SkYpXVMt8AiYLWpLRM4vYUwsG,700000000,3,2022-04-03T20:01:35.427Z,4258.1837173007
1766fD6ouX2GXovMkHYgCDXVbRFJBoAbXu,200000000,1,2022-04-03T20:01:17.165Z,946.927978
174y3pW4rUZ8pNt9x394goZehAeC3mZaYA,50000000,1,2022-04-03T20:01:17.179Z,204.774002
17HoFNs9EmDTCLdCAa5VUjN7Pk8NbHJLpP,510000000,1,2022-04-03T20:01:59.106Z,2296.5503286
17HL4Uh3d9xWxxtMAF9NTx9mougqHffLaN,50000000,1,2022-04-03T20:02:00.025Z,208.1609955
17ei98wgmGZMaXsiwst6BpXxC5zGvJTNic,410000000,1,2022-04-03T20:01:34.639Z,1713.6359630999998
17GofyBncfUmj43XRTkkbZhg2c4njpdVMW,300000000,1,2022-04-03T20:01:34.699Z,1347.032958
17GAo5aMyN7hWFbPjtyVReLbnrmHv8owtg,500000000,1,2022-04-03T20:01:35.498Z,2689.859925
17E9874QgnnrNKMCHS5rmS1PAmPtfGxCbq,100000000,1,2022-04-03T20:01:35.514Z,417.177002
17FvtX3SXd36CgA9PruZjz6STYsrhKB5pY,410000000,1,2022-04-03T20:01:34.712Z,1707.2154491999997
17LMZ1AVVPC8WK78YgWmbZHWFN5sZswC1n,50000000,1,2022-04-03T20:01:59.186Z,208.505493
17gvq9CjD9eQ2hKW9PpuJexEjGWzY2M8kS,300000000,1,2022-04-03T20:01:35.621Z,1642.395081
17CtLaHnTZRX5b4QenPLLiCwdSCtHeTbsj,50000000,1,2022-04-03T20:01:35.586Z,210.1744995
17CShkqepMLHizGySoedYUNCew86DzL84X,50010000,1,2022-04-03T20:01:35.604Z,207.4714784985
17JmiDMa7VUxWCh3occNbmCeVhc4WLw653,150000000,1,2022-04-03T20:02:00.077Z,635.119491
17EKH1e4cR88ivmGYZwWecsf3szWt9PRgC,300000000,1,2022-04-03T20:01:34.729Z,1249.313964
17dXV5xbQd2n7VUBvUc2UVfo5Suy9svref,75000000,1,2022-04-03T20:01:34.747Z,333.515259
17jfhnExboeWSRQmLjZ86iTsJkprKuvRSH,300000000,1,2022-04-03T20:02:00.153Z,1261.863006
17gZ6BsetQTBBjgVYNXwvdXg8qWbBwg2uA,250000000,1,2022-04-03T20:01:34.791Z,1626.5475474999998
17GWBMKiG6sieJ8oX9hwLEfGwkAkR5kgcc,300000000,1,2022-04-03T20:01:34.806Z,1365.290955
17KS31PKMCAZfs2fPDvCMGk1U22hgoPN8q,410000000,1,2022-04-03T20:02:00.168Z,1842.6424507999998
17endR4nn6jeXhHWdV8boEurkuSTi8q256,400000000,1,2022-04-03T20:01:35.674Z,2653.02002
17fUVEyaFB44JZMrz2qdu4SKgSkCUxgspr,19998723,1,2022-04-03T20:01:35.696Z,126.16334295617384
17EnSiBwxTsD9kAtVNcUrjGNUw3bfVqdoP,50000000,1,2022-04-03T20:01:35.638Z,208.218994
17Dh4NiW6pAGVVkBaHvmffjnhbbvGkTC6n,400000000,1,2022-04-03T20:01:34.836Z,1643.75598
17JsyFKGmEWaEoNvecVL6p1yFBDRkiMoqP,400000000,1,2022-04-03T20:01:59.301Z,2411.36792
17EqnipwWfc31q1vozXKytvWr2de9ukmYY,410000000,1,2022-04-03T20:01:35.654Z,1708.5889163999998
17m3PJNU4oZGab23J5UjFGspX3EetuSYoH,410000,5,2022-04-03T20:02:00.184Z,2.4581393251
17LauksxCCFnM3uTwgRmHexZkPbRWy1Dao,300000000,1,2022-04-03T20:02:00.214Z,1262.618958
17maUih8vGH8GVEBL7eUTEopZ5XCsapEhD,300000000,1,2022-04-03T20:01:59.316Z,1267.449006
17JzywptwqwvaHYFCW5XonbuuTpWcQYkwx,100000000,1,2022-04-03T20:02:00.227Z,416.321991
17Ky1XcmSFFakihzsyDqS48WinT2f1TTN6,100000000,1,2022-04-03T20:02:00.199Z,418.040985
17dDN5szG3bNWq8Ax5ecsJEvTvq7j5mRpP,1004916,8,2022-04-03T20:01:34.867Z,36.09746592057408
17CoV2B64ZaND72sCkcBooyirvhuC3MChL,50000000,1,2022-04-03T20:01:35.744Z,207.160507
17j37iPhhLMdxbZEeWbnVz9CkBWV6THB1L,50000000,1,2022-04-03T20:01:59.347Z,206.6535035
17fKMzBKcirBzcxgULinmppxZM6X66RkuK,50000000,1,2022-04-03T20:01:35.779Z,203.7440035
17JxnAGqBnq5Zg3qKhVVXymNyNrpBxzrAA,111763692,2,2022-04-03T20:02:00.259Z,684.1424362798125
17HbiNbF7LpmAj6o5vmvxAKDaYEftCeAoq,50010000,2,2022-04-03T20:01:35.866Z,208.548648304
17HAN52TwGWuZmufbmJoXFRmL6hhjVyYbV,100000000,1,2022-04-03T20:01:35.881Z,416.321991
17FLDssqRS3Ca48njjFJ55D8oLvYeN3Tb8,300000000,1,2022-04-03T20:01:35.901Z,1381.449006
17jxH5Ydf3BXQm9RRaJDca2NppqHCaCqi8,2870334,3,2022-04-03T20:01:59.401Z,52.28213169029058
17hiTQFB5KNajbAYh1WAMfMGx351mwXASC,150000000,1,2022-04-03T20:01:35.972Z,682.6454775
17M4SjRWy22pWEYoq8rYkAU3E7VdiPCVMu,510000000,1,2022-04-03T20:01:59.416Z,2123.6094611999997
17JjWYGAm7wf2kCHUN4f4nVxjBJHCHAoDJ,100000000,1,2022-04-03T20:02:00.308Z,417.959991
17f7k25cSrTWzdVQuoVKkPFYj8hkNeEv9u,50990000,1,2022-04-03T20:01:35.040Z,212.28258321090001
17J5bVMABCL6wC21kyjDEA5db6T9YqVRRX,1001012,2,2022-04-03T20:02:00.367Z,8.49947289068144
17kHM7oiBrW5YsrwPby9UbpPJoD7SQ2hPu,410000000,1,2022-04-03T20:02:00.384Z,1738.5229958999998
17fRDwKpUSHoEqo7TPAW6MazRshW2VHb6y,510000000,1,2022-04-03T20:01:36.015Z,2296.5503286
17jrKSPrP3f37DbdrJxKEJe4KBwqQxsd3m,300000000,1,2022-04-03T20:01:59.433Z,1807.875
17hreGgHqb96h2PJwnG8a1yeDr2yq36NeX,250250000,2,2022-04-03T20:02:00.403Z,1667.973832525
17DFufJX7QbeCzi9cRtBXUdNTJ9oydxccX,410000000,1,2022-04-03T20:01:36.066Z,1710.4257082
17fTJ2Epf7d9skDn21HChFrZc597aZWve7,100000000,1,2022-04-03T20:01:35.076Z,416.394012
17ksRNrNKeA3C8pDw4i3Mre2zTpSLLgiYC,200000000,1,2022-04-03T20:01:59.499Z,920.966004
17kKp5NxAXdh2S7ZCD4Czf5SLCiuK2sc4c,300000000,1,2022-04-03T20:02:00.474Z,1818.498048
17Kc2VsiKpgMw4TRrwu55dfwp47vBUwcvR,500000000,2,2022-04-03T20:02:00.493Z,2266.920015
17isPBPrw7qaeLdfJq2YXv6nayGrgKJtac,100000000,1,2022-04-03T20:02:00.510Z,424.544006
17Ej4wYhdxJfn4YzKYMe8WaTF2fcFy4BQG,700000000,1,2022-04-03T20:01:35.058Z,2967.923098
17FFohYFv1HxKV1PdHyrFKadmsCT7iXTD3,200000000,1,2022-04-03T20:01:35.109Z,1279.78003
17KHQQdDF1J6ZY6HoHDaP3Me6axWAY91Dy,1082061,1,2022-04-03T20:01:59.528Z,4.5225820582145095
17HRYKNy1M6E9w8AqhromPLWK4WR1fMsoV,300000000,1,2022-04-03T20:01:59.542Z,1750.244934
17DxqgFTZQM6yUuuMWpd7DU9goGviUP16r,300000000,1,2022-04-03T20:01:36.114Z,1802.4779670000003
17DASQQv1nnHUCJEhaMyRVS7jVWgVXBoFZ,300000000,1,2022-04-03T20:01:36.130Z,1228.644012
17iFPqCRPPe8ZKNT186FL7gbqBtMuFJndp,510000000,1,2022-04-03T20:01:59.573Z,2155.9994745
17d4pVTDiQtrjeq1F8Kt1TtV41oZyNTnRW,1005264,1,2022-04-03T20:01:35.126Z,4.40052291398304
17CquchgEsgzhP6BSuLgzzr3vJzpRZGVRw,80000000,1,2022-04-03T20:01:36.097Z,613.0463864000001
17KtuKcraMhQFDiwSR17jH4hREgMhP9M9m,300000000,1,2022-04-03T20:02:00.545Z,1868.5830690000003
17LziCA2nQJYcSTcwZTkPNjVTMe2DdqcqC,200000000,4,2022-04-03T20:02:00.559Z,1194.297974
17KshjAB65Bkb8GmA7rVq9kBqarrS93RDw,50000000,1,2022-04-03T20:01:59.642Z,204.774002
17jp6pxebuiLLZM9gF16NGmjU42f45VorC,700000000,1,2022-04-03T20:01:59.657Z,3217.220979
17eWaXk647LBhbPZt9dkqhUUVwBczFzeTU,100000000,1,2022-04-03T20:01:35.185Z,422.372986
17iuC3ca7RKnCuh7HJ1zUXfg4SsLU2suCr,450000000,1,2022-04-03T20:02:00.598Z,2608.4295045
17CktxvosyB4MRhxCjJNNewvJiTh7SAW6c,50000000,1,2022-04-03T20:01:35.142Z,208.4149935
17HrmQ9dkhwB2UBzEgoNBSvtLvG7BSoYE3,200000000,1,2022-04-03T20:01:59.672Z,1330.024048
17ELvuDwCLzXtqrrBnWhR9YpEZ3y8aBrJi,150000000,1,2022-04-03T20:01:35.156Z,673.516479
17HPk59ZN55Bd8xeXduGGqXJMF4gQGxxuE,100000000,1,2022-04-03T20:01:59.787Z,417.177002
17dapnynnNyBdRZETGqewymJnW4aiuQVGk,400000000,1,2022-04-03T20:01:35.240Z,2368.412108
17m9iMeaeYdwNmsge9A3QZb6MGBcFGXAjD,200000000,1,2022-04-03T20:02:00.614Z,1252.631958
17jQR35kfa8Wy8BrdR5onZbt1dhjhqQGyM,300000000,1,2022-04-03T20:01:59.717Z,1817.078979
17kLro9vbnJYckEsdTfYtd6WsaxSdoyAYZ,500000000,1,2022-04-03T20:02:00.664Z,3041.56006
17DqyQBbec1WZdrwGrrCrab49kAgvz3rz9,300000000,1,2022-04-03T20:01:36.189Z,1296.456024
17HZGrdaGc9sv2h4A5kPcxzzxn9wBAfzPw,455000,2,2022-04-03T20:02:00.628Z,4.0897673908
17k1vumTemvNNW8JLByuY9HnjBWA2ZyizU,100000000,1,2022-04-03T20:01:59.732Z,416.394012
17hfwkraY4ysfCMFBYzJ7Tcxb7g7oz37pP,100000000,1,2022-04-03T20:01:35.201Z,460.483002
17KAntjJkA4t74vRvMRPQ46zVm1Tz5zzWH,400000000,1,2022-04-03T20:01:59.748Z,2351.2041
17j1gctkunAztiuoEPL9Wqf2yRb2at8jXc,250000000,1,2022-04-03T20:01:59.765Z,1662.53006
17Dx3fz9yVerhNP7MNyARzizpZJTjy2Abv,1659518,1,2022-04-03T20:01:35.291Z,10.035570459109861
17H9iznMNFGujMpNE9Cr8yVZRxPdxU6vv,50000000,1,2022-04-03T20:01:36.220Z,204.774002
17gLw7uUa8iP4MedPMFx96DQsyvvLn62us,100000000,1,2022-04-03T20:01:35.308Z,418.040985
17jxTRS89b4pmuQzNJnAMPVdmgGyHzGVkD,1000062,7,2022-04-03T20:02:00.701Z,46.06831626853302
17Ghd3nMMR2XqbfH6rVtGMUboYH3C1FwW6,510000000,1,2022-04-03T20:01:35.276Z,2125.3179204
17GCQpLfAqX3egfRyh7uVLNmPkCpk8bkj9,1000000000,1,2022-04-03T20:01:35.324Z,4133.07007
17jwDJL7GpveGCGKqEVJm9PbRBaGxuZTJP,300000000,1,2022-04-03T20:02:00.738Z,1273.632018
17dzCQc6PFgu9Pin6Cj7dzJpaM77zCU1to,400000000,1,2022-04-03T20:01:35.374Z,2653.02002
17L5wFAmVTssvgfcLMqX9xPMFCCfNyjTFy,300000000,1,2022-04-03T20:01:59.852Z,1249.313964
17kpic8aQDfi4fFCY6STFKC3FHZywTmSW,200000000,1,2022-04-03T20:02:00.757Z,1308.70398
17LrZTXEZnwoB3DVguih2gKdLJcQfejRCr,410010000,3,2022-04-03T20:02:00.787Z,1840.9899436986
17J4J7ykkgwEByxh8mv1CvCKzmhci9G7GG,410000000,1,2022-04-03T20:01:59.916Z,1707.2154491999997
17fMmRDz2e5sM78oZbHUCyeEsfHg7WjSB4,100000000,1,2022-04-03T20:01:35.448Z,437.164001
17fLpFi7vosoVbxVHRcF8WnCp9BxNySkTx,1002726,5,2022-04-03T20:01:36.294Z,32.1154092022356
17LBaH2CYRFgdjh3iFjn1E7em5PELyJp7s,510090000,2,2022-04-03T20:01:59.981Z,2321.4042107865002
17cW5nBaB9wrxVrBK4ir9vKRzCZhMYKWKp,100000000,1,2022-04-03T20:01:36.310Z,460.483002
17M2pGL2xFzqNM4fY5tswCEWE3HJvqnQ3S,400000000,1,2022-04-03T20:02:00.859Z,2440.815916
17Lph618uLjVC65qcv1zG5VmkjksJw2Tnd,700000000,1,2022-04-03T20:02:00.878Z,3112.809084
17RBEMXewRsTAfjytDYctphKPYJRFVFN1b,150000000,1,2022-04-03T20:02:00.040Z,625.0935059999999
17UyLhZtVaNWcVXXwBwaowndD2xXePJxVY,150000000,1,2022-04-03T20:02:18.564Z,666.2324985
17TpKWVhrAUKCrpYpu5SEZfCzbdg9Zabo6,410000000,1,2022-04-03T20:02:18.655Z,1739.3470508
17QV74NSNLNE8nVvtmuRJor3JvmyT4cNty,400000000,1,2022-04-03T20:01:59.155Z,2693.3479
17tv95YBrAhco4jMpHo4hPiFAEozJAUNaz,50000000,1,2022-04-03T20:02:19.569Z,210.310501
17pP9ESbxYRerzS3YWPzn6cuA7KjSu6Q4Z,200000000,1,2022-04-03T20:01:59.169Z,1155.521972
17rTGdD5X4bSKw9DAQzqDJF7T7JbMxLkyA,200000000,1,2022-04-03T20:02:18.603Z,1308.936036
17QMibxhFgTgXNfxjYLXCzyrnsK9AswF3h,100000000,1,2022-04-03T20:02:00.093Z,533.864014
17njDWBHc57g9BkDJ8YWmZeM7zNuKXyrRP,1000175,4,2022-04-03T20:01:59.233Z,25.626964414084
17NdTizjzbS3gvFLE5xb6WpBFieqc4nDGE,155784930,2,2022-04-03T20:02:00.110Z,928.6589369385805
17qWkht86sZGhcKtUFzpGVLh9yfEsEWLAz,150000000,1,2022-04-03T20:02:00.060Z,672.4769895
17RY86svhpbVQv2Aokjxei1pcDvbRSxrd,200000000,1,2022-04-03T20:02:18.707Z,1196.42395
17nhSNPG2czR5YTJLH5bMaVAcoVwy3hshS,100000000,1,2022-04-03T20:01:59.201Z,418.088989
17sDdBGoM2Dwvs1z1mVjhbJ5TvG5q1qHJm,410000000,2,2022-04-03T20:02:18.689Z,1831.5601385
17Qvm3gStWFUg7G9A8zKfJsWPDPrDHpFCC,200000000,1,2022-04-03T20:01:59.218Z,841.570008
17UMqz6GS356fY5d5Rw9SFQwLnPRmZLTPM,300000000,3,2022-04-03T20:02:18.764Z,1726.6109609999999
17teB1Mk3LF5SnmCbgBK8e5Utv9SHmVyPc,50180000,1,2022-04-03T20:02:18.747Z,211.9467643748
17okXLxMxXG5bVq9b7JXdnKHH1u515sEMB,250000000,1,2022-04-03T20:02:00.135Z,1599.7250374999999
17PxqzebfBtqBefNH2Gf6rSzVQziuE3fxv,100000000,1,2022-04-03T20:01:59.275Z,420.735992
17UGzy2DTFfffSu2CM1zonmrpDxhSNCY2u,100000000,2,2022-04-03T20:02:18.782Z,417.177002
17uWgP1bKS7ySm6rwVUfwHnsrNGzPgtPhp,400000000,1,2022-04-03T20:02:18.798Z,2436.90796
17R1BuzoGd3qUz5fE4RgqTCeQoy2fePBni,400000000,1,2022-04-03T20:01:59.259Z,2301.88794
17UgtAYEUtLR7T5gvwUA1izeNopEumnv5e,100000000,1,2022-04-03T20:02:19.661Z,423.412994
17UB49EX3zGwkKVKVFHtK2RsBJLtRj7Ztz,50000000,1,2022-04-03T20:02:19.697Z,210.392502
17QtzPJiaekCGqekGxfENohW8cXXsX8cGi,300000000,1,2022-04-03T20:01:59.333Z,1254.1229549999998
17ujHj7k5sVXcL1JUd9WUv8nVfwuR1C4n1,200000000,1,2022-04-03T20:02:18.855Z,1220.871948
17V26Anzv9GcLjewivBqM2LzbhtP4jpmqH,50000000,1,2022-04-03T20:02:19.725Z,206.8775025
17rNmE13ozi69C1wBpSifRNZosmTPpY32x,400000000,1,2022-04-03T20:02:18.870Z,1665.751952
17pah1owSA7kvCCiNWKk5qU1Y11vgcnUNn,100000000,1,2022-04-03T20:02:00.244Z,445.737
17PwmV6aB6Tpw455r1bJGix3sLGGohE2D,100000000,1,2022-04-03T20:01:59.383Z,420.903992
17pcyCFjfaUQvgiCRYK1yx4SoDaScTuX4j,510000000,1,2022-04-03T20:01:59.365Z,2132.0090235
17tHc6vTw8sBeVnhGz8kPTN6uSYTNbkpTn,4927494,1,2022-04-03T20:02:19.789Z,22.188701891910842
17SrtgweG7dmUjxBAPwPxeia1A8wnNb3Hq,400000000,1,2022-04-03T20:02:18.919Z,1798.395996
17npYyB5GwCyVJ9vsbnTZ4VHkDfuNL8kfL,400000000,1,2022-04-03T20:02:00.276Z,2632.312012
17QzHnNL3Ena5WcCt4yKhLX1T7mSgeYyTN,50000000,1,2022-04-03T20:02:00.350Z,210.8255005
17T38jN8cNZ9e7KnBS84TS4SrWA2kN6naU,510000000,1,2022-04-03T20:02:19.806Z,2132.0090235
17Nb1CVkvsAaRTyDUY3AjLkvDAyNhoHtnb,510000000,1,2022-04-03T20:02:00.292Z,2159.4062694
17Q2WKSP8hMyFeqWH96uvfMNbSi6JcTb7v,300000000,1,2022-04-03T20:02:00.327Z,1733.282958
17UCdAh1n9c6rxLifHw3F6YL5Xi3wUjxhu,300000000,1,2022-04-03T20:02:18.986Z,1261.863006
17saLrxiF8KKJw6AvHvzvKhgEBqBz5348X,500000000,1,2022-04-03T20:02:19.898Z,2270.8149700000004
17sZ7MMHME2V9ettJeLqgQFzRPsnsUb1wr,400000000,1,2022-04-03T20:02:19.850Z,2505.263916
17mkHCatFxSwgsrvZ8dXm6T4sgkrazbKoR,300000000,1,2022-04-03T20:01:59.451Z,1808.52594
17tvpCyEV7g99K9txhK29Ju9DL1qymdMUY,150000000,1,2022-04-03T20:02:19.836Z,939.4739685
17t2tsxe8wWo8o1YG5CnRAujitRfv2n6Bi,300980000,2,2022-04-03T20:02:19.002Z,1797.2990210726
17V2g8u2sHqgrK8CePpq5MZLKLNQ8V7q1f,75000000,1,2022-04-03T20:02:19.021Z,479.39474475
17nDdpS1yCsWCMt1ajfNKht1HfVTSnSzMj,150000000,1,2022-04-03T20:01:59.513Z,863.2079775
17UVRXQ5oMsbAwy1bXBCcnTjNtXKsw4uGf,300000000,1,2022-04-03T20:02:19.100Z,1249.182036
17T39CCoNFHXCU3Z7PKiVR71tzhuVx2y6q,200000000,1,2022-04-03T20:02:19.085Z,1330.245972
17u8PJJiyEtYSF26rYKj3aHrzwxoewj2J7,50000000,1,2022-04-03T20:02:19.935Z,208.1609955
17QNS63hpFNUnGBCWjp6A4dwpFdJknHAWX,250000000,1,2022-04-03T20:01:59.469Z,1638.8900749999998
17pMTgwRcSJRtDWjzgfLEx277VV1vgk9NT,100000000,1,2022-04-03T20:02:00.445Z,414.81601
17Pnsy3nKhNA9B5zscqGBn32vmfiZtxSEE,202838227,3,2022-04-03T20:01:59.483Z,1182.7489429270752
17q9LvsWoT6dfV2pXipDjLznsxSfQp6HfY,10000000,1,2022-04-03T20:02:00.427Z,41.7959991
17SH3FNuj2Bsb6shLE6Qd3Z7jnsYrVSF1g,100000000,1,2022-04-03T20:02:19.955Z,422.744995
17ufVXjpxBK5KX7ti9LeTjUGdFYjxDMHkw,400000000,1,2022-04-03T20:02:19.122Z,2289.211916
17PmrRpPVgsUNfZ38ETvMcn2nJ7g2Cb5Sn,400000000,1,2022-04-03T20:01:59.588Z,2268.95996
17oU2ccgjQQJyWH8GZBnn242Q78P3sAhwL,400000000,1,2022-04-03T20:02:00.530Z,2411.36792
17SVFCf2wHNAGTPeuySZuhY76aWYEz24Xc,300000000,1,2022-04-03T20:02:20.022Z,1726.415955
17Rtgv8i7jYSBXWmFqugBJLRZVN8qVPd7b,400000000,1,2022-04-03T20:02:19.187Z,1671.839964
17T6udH5Bs8KowuVE92HLb3qiMCMTGFh9h,400000000,1,2022-04-03T20:02:19.223Z,1820.38794
17mMo58bwf9QQGd5hcGFr2vdGkjY5xScqn,100000000,1,2022-04-03T20:01:59.606Z,446.721985
17R86Jai469hckfupjow7dEVo3uyNNwEFe,300000000,1,2022-04-03T20:02:00.580Z,1824.936036
17oJCKJxPZBjByy9Ub9mU5eERU5zoA1bQX,50000000,1,2022-04-03T20:01:59.621Z,204.774002
17tPURRFsh1wyNT6zDAhjJGm2pn6AydcWk,100000000,1,2022-04-03T20:02:19.242Z,420.735992
17NRKortikwJe2ro9Sjciv9vySv3ZDv3m,410000000,2,2022-04-03T20:01:59.685Z,1713.9680385
17SfYEra8Qw98mfqJbunbKTR9eG3VYqEFF,300000000,1,2022-04-03T20:02:20.075Z,1750.244934
17qtMMoXpWtf99jUfx4ZneAjoV1KUADUJF,100000000,1,2022-04-03T20:01:59.701Z,418.040985
17rHeKzC26eQEJrM8Qh2EGJ5nc7RspUHJz,1000000000,1,2022-04-03T20:02:20.166Z,4321.52008
17Q5WqskaTZcnjzQeGh8NZppvkgvYGdxat,410000000,1,2022-04-03T20:02:00.646Z,1700.745641
17UL3ekRCgHNh3Eets8TcfK8THjX837bmY,500000000,1,2022-04-03T20:02:20.091Z,2367.319945
17TubDswcDZSXjekiT537jwtVqFUMPtMMe,250000000,1,2022-04-03T20:02:19.290Z,1469.4450375
17Typf3L9TAtj8WTwtRaz1ZXnDq8oq3Xxs,101990000,2,2022-04-03T20:02:19.255Z,426.40895988110003
17uyXJiUzoUZJgPe3wzYpCFgANrxxrxrYc,150000000,1,2022-04-03T20:02:19.325Z,682.6454775
17SJRKj3Q5PnHvKyUoSM4o9tLMhv5e8T3s,400000000,1,2022-04-03T20:02:19.359Z,2311.043944
17p4AuJAcqkXe2UHhijVdiV8JQfn5x2npJ,410000000,1,2022-04-03T20:01:59.836Z,1848.6694549
17pqJ8VexiL7iKYW8FxrVtG6tbiZCCaTbG,50000000,1,2022-04-03T20:01:59.818Z,211.186493
17PaCVP8hppzfHx9tVwiu2tnc2BNTKbF5E,200000000,1,2022-04-03T20:02:00.682Z,1345.728028
17oznpfDUjS4NKYixZBtgd4uUo9hUNAPk5,100000000,1,2022-04-03T20:02:00.718Z,606.973022
17smC1JSaGvdx7JzCsNhfLdDGZV1mnpoBA,150000000,1,2022-04-03T20:02:20.182Z,689.4044955
17QGKyFbeNuqdRZXeQF2NvSP5j8msgfrco,200000000,1,2022-04-03T20:01:59.804Z,1155.521972
17u5AmzNzYv4in85rjEnAY8vo6vTJ8bBK,50000000,1,2022-04-03T20:02:20.212Z,204.774002
17RgUw1S3yScMiH44ZbwVTjczMKNHLWUs4,250116300,1,2022-04-03T20:02:19.425Z,1418.7596751083702
17o3NYxUb1JbYid74pZgVcTvcTc6HH1ysS,200000000,1,2022-04-03T20:01:59.898Z,1308.936036
17QkFvKkuKKN2eLXb9acZWTWAYtft7Fce8,300000000,1,2022-04-03T20:01:59.882Z,1851.362916
17UCJxNbd1TVsTmXQ4cmi2MW1DAatNKnFr,400000000,1,2022-04-03T20:02:20.245Z,1685.776
17PWweG8kUXgnZML3WpEjr9CJ1DkQE3YGz,50000000,2,2022-04-03T20:01:59.868Z,208.505493
17t7F216L4h82J54YkGQaMYie23E28E8uk,34988823,2,2022-04-03T20:02:20.261Z,291.93064565297294
17QDsed1drQAJoYmCiS8KhGYYpj1xvdDFh,100000000,1,2022-04-03T20:01:59.959Z,414.81601
17NNXDpPBtvUtNFVXwTDfG3xZoWTJdKXdF,50000000,1,2022-04-03T20:02:00.806Z,204.774002
17RfsDt1irTtpTcgz5fXqYN1DSQzWVpY8r,400000000,1,2022-04-03T20:01:59.932Z,1672.16394
17tpvCk4YDU3Pm2kRWMjVSAgjRRGZVBUa5,200000000,1,2022-04-03T20:02:20.295Z,1354.661988
17QMXxXfTNtyDPfUnmh7YuhMmpSwsMqsmt,100000000,1,2022-04-03T20:02:00.770Z,437.164001
17TkyqnkbTBstB4dj1pvt6GK8WciTL862s,50000000,1,2022-04-03T20:02:20.277Z,208.505493
17rsjin58zVyoGUXKSFhyt6DHeNbazoa6,300000000,1,2022-04-03T20:02:19.488Z,1732.317078
17nUrWtZEGndni67FnNrKz1BhbycZaXDaN,1000219,3,2022-04-03T20:02:00.838Z,19.6348587925743
17PgHUfiD8RgHuTaDQuydB5hzcEvuqf2Yi,200000000,1,2022-04-03T20:02:00.012Z,1333.04602
17Sr9gXEeaDjBYeCW183yBGr6VjQfD36vN,510980000,2,2022-04-03T20:02:19.506Z,2127.6901225176
17SyDqNucZUsyM1XqJbEnB9p9SWecmxqqa,300000000,1,2022-04-03T20:02:19.538Z,1613.915955
17r7mzEVTTj2fuSQzNvh4ubXwHvtZGRo8G,50000000,1,2022-04-03T20:01:59.996Z,205.222
17tnMeCxDXn8QDG6PPZxzsSNNh9JYrDjA3,100000000,1,2022-04-03T20:02:19.552Z,433.503998
17X9WCNRnGqpctvqwvRdUDAfXmKxTsE9P9,100015000,1,2022-04-03T20:02:18.620Z,665.1117758036
17ZjE6PZKvsHoGbxjv3WjnsBNyRKaZrwA2,300000000,1,2022-04-03T20:02:18.641Z,1250.489961
183H7Uc5KoZP5YuCk1bQMpAfAmeGSJRuab,410000000,1,2022-04-03T20:02:38.904Z,1708.5889163999998
184Z2cX72MXSqfx2aCiroV6V9B72pL5YpK,310000000,1,2022-04-03T20:02:38.843Z,1281.2517217
18286XPM1QjHsRa3N7EE6qjXxpG5iUkpJw,410000000,1,2022-04-03T20:02:38.078Z,1710.4257082
17YPhHNHtcaVQkpNNZY64K763HdydbBVPP,300300000,1,2022-04-03T20:02:18.671Z,1853.2142789160002
181KHLGoQRPBMsXSwV2tzbfLedSHt6KfKv,400000000,1,2022-04-03T20:02:38.112Z,2441.743896
182cmSE9G3uvs5Vd7m93HP4VKyJR1naE9a,100000000,1,2022-04-03T20:02:38.807Z,416.321991
17YCcEp7eZeEs1WdjyqEKS54gXgaMAvGVY,1100000,2,2022-04-03T20:02:19.586Z,4.733366
184yt1TsQ28QGyc9xptRwK2pY9xaVCY1aH,410000000,1,2022-04-03T20:02:38.934Z,1708.5889163999998
17wfmG8XkdTq4VYhwDz3whMQg9xaLx3Bp5,300000000,1,2022-04-03T20:02:18.727Z,1254.1229549999998
17Zh2n3nDYVKwW8zxbJUjt4npQL7UuWWJf,500000000,1,2022-04-03T20:02:19.614Z,2266.920015
17WES7psPRH7V3UrUmJcUBeo9EnUvnSV6R,50000000,1,2022-04-03T20:02:19.633Z,216.076004
1872DyPBJNj8fCZ7P5Mhu2X3rtnWsdA1yb,300050000,4,2022-04-03T20:02:38.161Z,1261.689241754
1816VhTDkXvL8wE2HKYUMbXh3L9UZpiiM3,100000000,1,2022-04-03T20:02:38.998Z,422.372986
183RzpD89xQKPbBnn48E3yce34prvJUp8x,50000000,1,2022-04-03T20:02:38.144Z,210.845001
1837T3673CUBBb4uTLwfuCbwEczpE3Es8N,50000000,1,2022-04-03T20:02:38.968Z,208.4149935
184kv7rfXNHDWWSV5tEHQJC634Xdzy9XgW,100010000,2,2022-04-03T20:02:38.256Z,432.19581739640006
186tYttbPYuKBPP5prQCAc5gptJinDtiph,50000000,1,2022-04-03T20:02:39.074Z,208.505493
17zzyoDhSTkLAyt4P7NEYrcgXvwsR1uBin,300000000,1,2022-04-03T20:02:39.013Z,1244.579955
1829E8cSNGMWJ8yjNcGKuMfqPXhQVvNhGW,410000000,1,2022-04-03T20:02:39.028Z,1710.4257082
17wY3u9KSqVasQg2HtmwQg2zAAmWbZ5kYT,50000000,1,2022-04-03T20:02:19.647Z,208.364502
187GEa3Gwwk7cpvjcboA8AhsLFi5bhbTq4,200000000,1,2022-04-03T20:02:38.240Z,1367.323974
1841yVHpbbKugxLjYHKpSYMAJ2UwZ3Tda4,100050000,1,2022-04-03T20:02:38.178Z,417.38559050099997
17v5ZN3vaDM8DjvpMxSeSr7iitBDBUuQXX,100000000,1,2022-04-03T20:02:18.836Z,420.785004
17YfLHqJkdPnpZbD3YAtW3LiNRszpmv2j8,550000000,1,2022-04-03T20:02:19.678Z,3147.6663845000003
1874qZ6iWT6P6AJsuZWsaXH3CfdTjNcVY1,410000000,1,2022-04-03T20:02:39.093Z,1735.9932754
17vFLFLx9nkNSQWqrNm3bs1hb8HNr7f1Rr,100000000,1,2022-04-03T20:02:18.819Z,418.040985
181FNT6LLT12pPh4asbssaRqhb4U7LWiaf,100000000,1,2022-04-03T20:02:39.205Z,417.177002
187PYKu7Xr1nsxt9vojynztKCiwWd74CTr,50980000,2,2022-04-03T20:02:39.137Z,222.74126975930002
187EUPEbTYerR8ckvK9aB2MgK8KWh6YKxd,300000000,1,2022-04-03T20:02:39.167Z,1249.313964
186bWqwLKjxTprSaUwecSWtuhio7jDE3oR,150000000,1,2022-04-03T20:02:39.106Z,632.166
17YfKubCNB787RFfKSqjVNNx6yKm1bvZ8K,50000000,1,2022-04-03T20:02:19.712Z,208.4149935
182EndVqtHMxGdzM8XCmoX2PTG1aYB2qWJ,50000000,1,2022-04-03T20:02:38.281Z,203.7440035
187vZJbbrvXgNhFkf544bzbrxN8s6huLhc,400000000,1,2022-04-03T20:02:39.253Z,2350.236084
17W7Ffe5nTPbTF96WJt5G8QXKFfwwz538T,1009693,3,2022-04-03T20:02:19.741Z,12.635227886979479
17zTPYhozpeWjsTJazjFEDT4JuhgiVGEPM,300000000,1,2022-04-03T20:02:39.239Z,1807.875
17zWi8i37RUWTiCtnPquHFeBgfYVpWYc92,250000000,1,2022-04-03T20:02:39.268Z,1690.7400525
17vobZtPyGQ4qZuhvRNdkYTtvcwCmcMp4A,550000000,1,2022-04-03T20:02:19.773Z,3435.745665
181tmaDA4gvG929X3cgKAzvrYoKUuRxYH8,51304000,1,2022-04-03T20:02:38.313Z,224.58222673744004
182TicM2Uhjx439tqJC2aeQw2zh2RBZMom,50000000,1,2022-04-03T20:02:39.285Z,208.505493
187Co1SJysvZNLzPRjU4TMc1mEaTtPZ17N,400000000,1,2022-04-03T20:02:39.300Z,2556.771972
187EeTKcgT6aL6tGUDEtRBWPHRczBJU138,500000000,1,2022-04-03T20:02:39.330Z,2845.9698500000004
185vr6Q3wyFYVH5CtoPbkfDLh8MHHPxfe5,100000000,1,2022-04-03T20:02:39.348Z,414.81601
17YhFKWwMaG61f6k7H6AmHsy6s1exKbpaA,250000000,1,2022-04-03T20:02:19.755Z,1626.5475474999998
17WeuCbRAz4n9DwHvZ7sWajubQE3tGruHk,400000000,1,2022-04-03T20:02:19.819Z,1686.760008
188ePTfY4Z8B4iMWQeb5YPbodnTLDmz9Xi,50000000,1,2022-04-03T20:02:38.344Z,208.9799955
17xDvdSSDBGHGf2wiQK3EPXXJ5YmtmemW7,100000000,1,2022-04-03T20:02:18.899Z,416.321991
17XYeHBUVGnfSMmU1kPD1CWDVqAtqNfAU,50000000,1,2022-04-03T20:02:18.888Z,207.4299925
17ZeZuUKkmShGaWZM69bacwgNGYXKTEps,250000000,1,2022-04-03T20:02:18.939Z,1542.8024300000002
17WMpvAFKXNjTLWc61s2tvfHbRwvETgAGv,13985323,1,2022-04-03T20:02:19.865Z,58.280897244082915
17YZAnYgbe452reXjVEPovom6K3am2A8w8,50000000,1,2022-04-03T20:02:18.968Z,208.565506
17Yqh3mHsbc8qFnYmdYMGRdqdDHKA2byQE,100000000,1,2022-04-03T20:02:19.880Z,446.721985
187TekoGrMn5stsKWDj7dPvh5EnBSxfpeD,50000000,1,2022-04-03T20:02:38.392Z,208.4149935
17zuLgMDUkypWRzFC3WpBMoceZj6961eRa,50000000,1,2022-04-03T20:02:39.400Z,211.994507
17VEUqmfGQ65jonRoefUXYxzhUS9Fm1UZr,50000000,1,2022-04-03T20:02:19.071Z,204.774002
17VJP4kbM11YKZzM7zVEFPYiC4hQQ6k287,50000000,1,2022-04-03T20:02:19.918Z,208.4149935
17VqecM1XN9R9KQ46fgyhw5sxNqHdYt6Pm,100000000,1,2022-04-03T20:02:19.045Z,421.444
184jojrkj5bDDiCRDCNwgyXUktVTFdg71z,1001413,3,2022-04-03T20:02:39.430Z,12.754316600414342
17w8JNLgJTuF5LpfDzfcjn48tru4Ca2qwq,50000000,1,2022-04-03T20:02:19.169Z,230.7129975
17WZXL1ZYjK3ABJBEGXbV2F2QjXc6PwoUm,150000000,1,2022-04-03T20:02:19.971Z,670.0829775
186rDVnn8EENxirddvCNCPikeRr8NPJcRG,50000000,1,2022-04-03T20:02:38.488Z,208.505493
17vvULqVY9LyEubm9yGpFQ7akGbz2Nj6Xj,1109731,3,2022-04-03T20:02:19.988Z,14.096235757338423
183UzpVqaYzNdWqiTTwez34TAcQJiredrc,100000000,1,2022-04-03T20:02:39.456Z,421.444
17XkBazcV8ZEV8EofEDEnx6Cg5aR86UAyC,400000000,1,2022-04-03T20:02:19.139Z,1686.604004
17VBaBNQ5jxhF9jdMFMuaiavBF42qPCgbp,410980000,2,2022-04-03T20:02:19.204Z,1888.8763970706
188bH9TgCZ1zWL2FzDwXjDC9XWzukJthUG,200000000,1,2022-04-03T20:02:38.506Z,1316.156006
187WDswia67ptUH4PawzF4MA5sPaTi13JM,1288264,1,2022-04-03T20:02:39.470Z,5.47756972736528
17xnSX6TPJfUWBtLhqKtzcaSAv8YCtFQYp,1004940,3,2022-04-03T20:02:19.152Z,18.035014264695
183N9sqdCBCymoVx6gACWEDnxpXWgzc1Wk,50010000,2,2022-04-03T20:02:38.521Z,204.81495680039998
17xbU8qSDf7LxFNRMwrX53JX4PgjoupM68,100000000,1,2022-04-03T20:02:20.058Z,416.394012
188Cz5c61at8nDjGhVKijuocBgpSP1jSFS,400000000,1,2022-04-03T20:02:38.553Z,2426.360108
185toApCeTjYXYKgFaY5ZyqQnHUxJfC7ZE,500000000,1,2022-04-03T20:02:38.570Z,2054.694975
17yNZP4GqjSG5Dt6p5CZC1gp1UKGZTQAL3,250000000,1,2022-04-03T20:02:20.042Z,1433.0400075
17VbK7KABxqDDxNYnr4V9VAkJ2dZ7QZw4P,400000000,1,2022-04-03T20:02:20.151Z,2491.444092
183mkUeEaDCSXCFPzMQ8PLaXCk24WY8Ws1,250000000,1,2022-04-03T20:02:39.525Z,1658.1375125
17yeKQXdGpFBCfksdWTESEAD16iUrsAryi,300000000,1,2022-04-03T20:02:19.273Z,1837.532958
17Yn4CqhoMdR2zqpAddP6GZHT6DzjDYh4o,100000000,1,2022-04-03T20:02:20.114Z,418.040985
17w5VE6ehthrY2ds1vWrzGodDWAUfe5psA,300000000,2,2022-04-03T20:02:20.135Z,1263.4429930000001
187T2C2xtah6RHAKdzPWAKsAzGu7gaMib7,10000,1,2022-04-03T20:02:38.628Z,0.0694468994
17VKK6YNroBWiQYnAGyudn2g98TvHewh3p,50000000,1,2022-04-03T20:02:19.307Z,212.272003
181mCvYiDfqiBj8fWggnkwxTB7Fbh1FdUV,50000000,1,2022-04-03T20:02:39.577Z,208.4149935
183saEU7pBj7GV8WX9tzoMiExsmjajAW3T,104833758,2,2022-04-03T20:02:39.594Z,441.24947238561936
17YuEVBcXvuHufAysfnjRbuh6zn2tNmmRq,100000000,1,2022-04-03T20:02:19.343Z,416.729004
17VrgL4JzLuMJ7B4c1M69igKit3WmgeiZZ,400000000,1,2022-04-03T20:02:19.374Z,2564.288084
17vaB42Gk1h1Z4wkL9fipXZuC2YbfK9tfX,400000000,1,2022-04-03T20:02:20.197Z,1819.063964
17yTcXRQ7JvoRWgn5Yn3nyKPK2Vw9DD6Rs,400000000,1,2022-04-03T20:02:19.444Z,2495.90796
17yieVstAsWWBGVPHkG4fLUDk3RCvzEmsZ,50000000,1,2022-04-03T20:02:19.395Z,206.9859925
17YuQawJwm8RLuCpVxm6V7TbRjwa7HbCfN,200000000,1,2022-04-03T20:02:20.227Z,1326.51001
18292gWcY9PwSzJR5CNzRLDxeL9fmBqQKh,300000000,1,2022-04-03T20:02:38.696Z,1825.9019159999998
185XYhBeiTwqj8FUMFsgdz1VVTWoMCnsg2,50000000,1,2022-04-03T20:02:39.642Z,203.8535005
187X8mScvBdmfYDUhuqwv4C9BvPCJzdCgq,100000000,4,2022-04-03T20:02:39.676Z,437.74798599999997
17XeUcbdAUJs9SZuaPr7wwYoVDJpU3sCDD,100000000,1,2022-04-03T20:02:19.474Z,420.785004
17ZdXBb3CHPwXpiabjQtqkojvxRR1eyFEF,100000000,1,2022-04-03T20:02:19.458Z,454.765991
186RRHMUsw9AKGm6GpEpr2ivWV5F17tHWx,100100000,1,2022-04-03T20:02:38.747Z,424.15774300899994
17Y3A55sPEXQDUUMXq2xtEJ91yLnQLzLCJ,50000000,1,2022-04-03T20:02:20.327Z,204.774002
187wprVoCRcAsqQq6iTiM69zhhbqQZTCwN,300000000,1,2022-04-03T20:02:39.742Z,1830.6119370000001
17wxYPBkz68iVYF53cFYt24cgY9RCzNTMc,400000000,1,2022-04-03T20:02:19.522Z,1682.484008
181yZmEp6n5hxDkdvMJzvYNRi18G7x91zP,50000000,1,2022-04-03T20:02:38.776Z,210.310501
17x7stEHuAw2kXQyhnUnxEzcchXMeRw7VR,300000000,3,2022-04-03T20:02:20.309Z,1358.183991
18AZ1n68VSjzNPd59GXWG6StGFA4wP2vto,200000000,1,2022-04-03T20:02:38.097Z,1150.08606
18bx52oiDVSUcfFhHENTWuqvU9uN2qT1UY,300000000,1,2022-04-03T20:02:38.860Z,1851.362916
18AgtWoVw9USavWoRFwX8AZWvUGK3n7VBX,100000000,1,2022-04-03T20:02:38.021Z,636.192017
18cyCdZ38d7xHKHCPjB61xKdAzerrdwoF7,400980000,2,2022-04-03T20:02:38.129Z,2439.2095057175998
18bsvym8pEQL8admLr6Y3dQo2bxQNcCnUE,200000000,1,2022-04-03T20:02:38.874Z,1218.482056
18bELcqVGQcDTxb5AcMssGEgXfvJkQ4P2N,400000000,1,2022-04-03T20:02:38.827Z,2432.971924
18Bf7kD8NeJfmsBbKt8aTMi221R9PkSnyX,300000000,1,2022-04-03T20:02:38.888Z,1228.644012
18eqdPJTwpS8sdZfjdsLrtzwsY5qA46jxU,410000000,1,2022-04-03T20:02:57.132Z,1733.2544795
18A2Qfey4isP4XHe5rtHaJyo8wb5BzGnvE,150000000,1,2022-04-03T20:02:38.065Z,631.355988
18e2gSKUDq49UVMJUCgsg3wMKpqkWTGcZx,50000000,1,2022-04-03T20:02:57.969Z,210.310501
18cswDz6cGhVq8PYVBpXbREzY3hhtQQDMu,510000000,2,2022-04-03T20:02:38.918Z,2267.8119306000003
18FkEyFQDgaEXmnoBG9YRgP83kFUgtMrFA,50000000,1,2022-04-03T20:02:57.922Z,206.6535035
18DgUSMUA8BzjpYN4Jdj4AhknhMSho8axA,301000000,1,2022-04-03T20:02:57.081Z,1825.8359812699998
18i4Rrp7JjGyFd2qdDNmNRMpn5PH2SHiwA,1001339,1,2022-04-03T20:02:57.117Z,5.80427153690339
18hEvKtYMQweVbQhSFxHMZFn3qbktyXszU,100000000,1,2022-04-03T20:02:57.937Z,416.515991
18GaX9ZRy7Jh6qhwZGUXrj3FDKiEnbXY7U,150000000,1,2022-04-03T20:02:57.952Z,625.0935059999999
188yKN9kk3AHreVn7PF16svvW29UpNUp9P,400000000,1,2022-04-03T20:02:38.951Z,2268.95996
18HuVAzwr8s4w9CcM1AqMMerJTvkuuCPYx,50000000,1,2022-04-03T20:02:57.145Z,210.310501
18cNYYyQ95fDgJ8a6BgHzKW8hmv71RWar8,50000000,1,2022-04-03T20:02:38.983Z,207.032501
18AmpbGKuDsHSdJ7Cgz3kvcteAhpfedQWt,410000000,1,2022-04-03T20:02:39.043Z,1713.9680384999997
18b4GasoSWa91s56xpasYJrAeDm4yb5xLa,50000000,1,2022-04-03T20:02:38.199Z,207.032501
18iHC7SbkKeXdGWrzzPBqMmHpKtjfoX1U9,100000000,1,2022-04-03T20:02:57.205Z,422.372986
18AF9X6xZ4j35KkUyoJdDwTzA6Wn9zho7U,400000000,1,2022-04-03T20:02:38.216Z,2692.424072
18CL6ioD8UFcpQ6mu5qMpmHn51CnyX6j2,10000,1,2022-04-03T20:02:39.058Z,0.061398297100000006
18hNCx9cnBPSu6mNRetHnZCG9eDf7fVP3g,400000000,1,2022-04-03T20:02:58.002Z,2385.191896
18EbZTzrWoKjvEZFP2nsuaxZXk2DncTQ1n,50000000,1,2022-04-03T20:02:58.110Z,217.561493
18ihEH86m5jJRB5rDkYGZrCetgoWxdXuwj,300000000,1,2022-04-03T20:02:57.221Z,1821.465087
18CS1o2XNjD9NhYEpdjfYprqm9ioCMds8u,250000000,1,2022-04-03T20:02:39.122Z,1536.360015
189ejZ21Py3cVu44tvtiLZYebX7tdEGnv1,250000000,2,2022-04-03T20:02:39.153Z,1437.6075750000002
188Qw1co2YQWgPw5yqoLy5GWdZRaPQnFkn,300000000,1,2022-04-03T20:02:39.224Z,1244.579955
18h7SFkU97c9tWturVbLdGM3UzFQZfxbto,250000000,1,2022-04-03T20:02:58.205Z,1443.597565
18gvQz8hXwdzkMGVXcArcE7cvVc2TNBhgA,100000000,1,2022-04-03T20:02:57.306Z,409.548004
189yg4yc9oQ48x91nuHfqx5ERvYkhf1gyc,10000,1,2022-04-03T20:02:38.297Z,0.061398297100000006
18eEb4ouYkd4zqXCM5g3nUCTt2G6NyFzy3,400000000,1,2022-04-03T20:02:58.288Z,2356.47998
18cfEL3DrbY5S7xdHyf8sZ462kfgSd3PwR,250000000,1,2022-04-03T20:02:39.313Z,1601.40503
18GG3uBSrDeMUbME6vgjQA3JsRTJzckVtQ,100000000,1,2022-04-03T20:02:57.344Z,416.321991
18BNz1XtbwhvC34VchWb8UdbCwHq9ZdW5t,250000000,1,2022-04-03T20:02:39.373Z,1437.607575
18etKT1Wepp2XAgRt2GdaYReuN7wgjwWLV,150000000,1,2022-04-03T20:02:58.255Z,626.9399865
18E2KPc3Qsz1QntouPod3wzUwstrj9vHxF,100000000,1,2022-04-03T20:02:57.361Z,420.785004
188gHNsK3Xki9J8caKENGeU3SrWRMKXEVW,709990000,2,2022-04-03T20:02:38.327Z,2959.8303262013
18fCkPf85UbQzfVWZNtUZY3e3X3Zi15NFy,150000000,1,2022-04-03T20:02:57.376Z,795.059967
18hNwiTYzwACBL5aKVvFWkcCGjcDE7XiGv,200000000,1,2022-04-03T20:02:57.408Z,841.570008
18coVZ96kZ29G66GwFyjjeBb5vQxxfAgjY,4985681,1,2022-04-03T20:02:38.425Z,30.749287979115344
18A5UCq9aqoTQCy4YrpUV96DTzcaoXGxh4,400000000,1,2022-04-03T20:02:38.357Z,1730.076048
18BAwRcCjCDEM7mXx3gDyUsLTgQrPm1x9J,50000000,1,2022-04-03T20:02:38.443Z,211.186493
189CKKQHnpn2uGT4giNgKqpDzr7y2i5fyJ,50000000,1,2022-04-03T20:02:38.374Z,210.310501
18GKDTpZnLjpMMLgXvbuShGpL9xAY3FXxt,50000000,1,2022-04-03T20:02:58.304Z,208.197006
18fTYcQEAsi8A5Sq58e8JWG93pLezVedwU,50000000,1,2022-04-03T20:02:58.337Z,210.310501
18G3qau5eoFPUpwRoiUgfve17WcCdF9VQ8,100000000,1,2022-04-03T20:02:57.477Z,424.954987
18e27uLpVAmLnDqW8Fpgcf8ZmEdsDKgx7J,1001647,10,2022-04-03T20:02:57.494Z,41.864837110517705
18eoLXfCmYNY3xrvAFU54fVJcv6aTZRJjL,1000538,2,2022-04-03T20:02:57.513Z,8.21329637744
18dNa61DhhxjhFYm2UVPa9vZwqycmjLL6a,400000000,1,2022-04-03T20:02:58.321Z,1638.192016
1894kdwkZcrrgU5AjdPqapLZg6Spgswg3o,400000000,1,2022-04-03T20:02:38.409Z,2302.147948
18Cast5Vn6KYdBeG5KtpM6r4UNqV9uKtDE,50000000,1,2022-04-03T20:02:38.459Z,210.845001
189gkNUsjHrgok33vgZ5Aure4EzE1Z44BF,400000000,1,2022-04-03T20:02:38.475Z,1698.176024
18FHRigQhymbo6YhUCcXNzBh38VsBReVWW,510000000,1,2022-04-03T20:02:58.367Z,2123.6094611999997
18iyj2BNWon83XcsLEafrKeQTJqjGJBXim,100000000,1,2022-04-03T20:02:58.380Z,416.394012
18AA3bhjET4SsYyb5o4pEekVQv2VNuap14,200000000,1,2022-04-03T20:02:39.416Z,1155.005982
18Eks1DNpXWX9BAuLyhfQG1MAFB3Y4wZ8a,50000000,1,2022-04-03T20:02:58.352Z,207.4299925
18iGUUoi1iwdyK5LSF6xkdEvoNXKWeyhGm,150000000,1,2022-04-03T20:02:58.397Z,625.0935059999999
18G36LpdWxaPcSSASYkxBMU6FaTJAcCA67,50000000,2,2022-04-03T20:02:57.546Z,211.994507
18Jbd3ZeDSZ7hqAYXQk6c71YfJdLRApcGJ,300000000,1,2022-04-03T20:02:57.575Z,1242.9630419999999
18CDYWhrZGM3eSaCRqmt8JgoqBLvDGfEfV,50000000,1,2022-04-03T20:02:39.442Z,208.218994
18iz7qpRphLsMfZdRQNtdTtgghUtL5QnFE,150000000,1,2022-04-03T20:02:58.426Z,710.1959835
18J1QTQHyyZ9JoUfhczx1ryCdMB7hoMhVR,200000000,1,2022-04-03T20:02:57.561Z,827.94397
18gGwoyKzegnZ4QZxE1TJDtKLgs38Xsjn9,300000000,2,2022-04-03T20:02:58.412Z,1726.6109609999999
18gpFDSgxJfAnkAa5BrBBz4ekmd3deE3iq,10000,1,2022-04-03T20:02:58.442Z,0.0596297974
18j3rHkR9MUSwEm93kRRDHoPggQ8Gi76G6,250000000,1,2022-04-03T20:02:58.476Z,1040.8049775
18FPSenSW48KwZHDnjAtEjca1kJW2f7UWZ,300000000,1,2022-04-03T20:02:57.606Z,1827.68097
18bAv5fZUURZxG3f4xKmL8vjrfafPPc8UF,50000000,1,2022-04-03T20:02:39.485Z,211.186493
18EudTbuTyZ8uygCufkAvbC4Xds9PNZvEN,200000000,1,2022-04-03T20:02:58.456Z,1150.94397
188wDM35nxASdcyHXptLYBQVhyLBSoUM37,401771212,1,2022-04-03T20:02:38.539Z,2361.615302290923
18gJN2NVcKXwU5dbeEQCaeSm5CfzoA5P1E,510000000,1,2022-04-03T20:02:57.620Z,2123.6094611999997
18f6aiiRv3HPYKnVaFwtjaGrQMn8RRUCZK,200000000,1,2022-04-03T20:02:57.671Z,875.393982
18AH3qk6wmnKMim8qBXJAUZuzUZySKdQdk,400000000,1,2022-04-03T20:02:38.650Z,2320.728028
18cwh1jo9uKAbCEv7hy1UcXreaupnrmhZf,100000000,1,2022-04-03T20:02:39.543Z,435.122986
18fw4rCSDW9wFeYg5pdHmntcYJkcVtrK3N,51000000,1,2022-04-03T20:02:57.654Z,211.57859235
18cWfBT34Qfc2LCa1Tb2M4Xgz31Uk5pPvG,300000000,1,2022-04-03T20:02:39.559Z,1824.1290900000001
18aPAWUjzRuFiNJTSLPgewpbtUMoobWyPn,200000000,1,2022-04-03T20:02:38.583Z,1346.212036
18C96o7y1MoHKSh7w8FNveaPR34VJRt2GR,410000000,1,2022-04-03T20:02:38.599Z,1884.3722877
18AMTTcBKpRkcHeJGx6ZZ8F8yALzzpVPQH,490000,1,2022-04-03T20:02:38.666Z,2.0597100951
18GoJJpp7V83rN1exSth6xuEY6AmD1UHQn,50000000,1,2022-04-03T20:02:57.750Z,211.994507
18GfQdktHrK9Bg5KAfCaLZ3uB9Xu94KEbY,200000000,1,2022-04-03T20:02:57.734Z,1303.567994
18iJYJE51UifGdLqT3U1LgzkdLsThEwhYQ,300000000,1,2022-04-03T20:02:58.582Z,1280.295045
18Caoso5Sx7G91VTksxfQakqPwRKsWEUJK,1000050000,2,2022-04-03T20:02:38.682Z,4479.9841180065
18aonFaM5R6Cj7LPGyRDZrQtFJJS6oftfg,50000000,1,2022-04-03T20:02:39.625Z,210.310501
18hDQSqKsRWnGdNe7NhobQjCpfaBdTQywb,400000000,1,2022-04-03T20:02:58.594Z,2411.36792
18b36BzHYbuR7d8LvsdWjpQpJf9DtS3dPa,300000000,1,2022-04-03T20:02:39.608Z,1272.846039
18HU6fyvbmAbcPQnGPKTcjHxyxCg7Kb75y,150000000,1,2022-04-03T20:02:58.607Z,673.516479
18cMK9w3NtszQNNyfA1DPVXRPFtG7fv3Pa,2974745,1,2022-04-03T20:02:38.712Z,20.03005799696375
18dhR39BMsCZZu93GM7mZknwsPo3rFK53A,300000000,1,2022-04-03T20:02:57.790Z,1908.576051
18BP6g8bQJoxU7HGFTxP8uhvNmDF7bAHhj,50000000,1,2022-04-03T20:02:38.728Z,218.873993
18D13z9XVbvnqk8CaTkQWUs4Wf6ktMM3zX,100000000,1,2022-04-03T20:02:39.661Z,423.412994
18bW7gb1ryZehUZE513yW7DCTbWkFKwAC9,300000000,1,2022-04-03T20:02:39.693Z,1251.032958
18ggADNkHbmRJ7CLcoPFt228y9WoPgseSg,400000000,1,2022-04-03T20:02:58.679Z,2666.09204
18BJ6LsWBm1pUa1rerEwWnFfPSphnNDtpo,300980000,2,2022-04-03T20:02:38.761Z,1253.3950562824002
18AbtNthj7gXrgcYUgaVA6zhacpvN5RWS6,50000000,1,2022-04-03T20:02:39.721Z,210.310501
18FH5byKV1eLhuhZ13uCzM2ziHWLCKHEwf,50000000,1,2022-04-03T20:02:57.902Z,216.076004
18fzni89q8QQrf7NsnbfzwmPawUba3j4GA,100010000,2,2022-04-03T20:02:57.869Z,407.52875580069997
18B5hQ2DuxGzTCxNaXL2J3AsWX3FPPeMup,300000000,1,2022-04-03T20:02:38.791Z,1738.9530029999999
18jg1PCSm5nQxqucMdCR5SGuxHZt9mV9mE,510000000,1,2022-04-03T20:02:57.102Z,2267.8119306
18o9XkkPf7mBxmxAeA8SvrwvRnLYDUrX3x,400000000,1,2022-04-03T20:03:17.103Z,2313.156004
18ttuTbGesBS8MBTmFdf9P5KCX1m5nxErs,400000000,1,2022-04-03T20:03:16.038Z,1666.916016
18riKRr3T5G26ipeyRjYUhdco6pZEwVXFc,100000000,1,2022-04-03T20:03:17.090Z,418.040985
18jSqmnJrQzwTjEJ3C3CGiVnHMJhcxw94d,50000000,1,2022-04-03T20:02:57.176Z,206.6535035
18ruFhyPCUu3eJQJdsNfmvnoRtyQd556Dv,510109482,1,2022-04-03T20:03:17.133Z,2286.9125918050963
18p5ifEFwrgZGkUU3uRzKiJ6qdhF3Aaieb,50000000,1,2022-04-03T20:03:17.119Z,211.186493
18kJ3rBRm2MwsZHLxPxHdpuSqsoKboh2A2,200000000,1,2022-04-03T20:02:57.161Z,827.94397
18mCkYsN9yQu8woWWvEPbed7gip35uftKX,1000000000,1,2022-04-03T20:02:57.192Z,4249.54987
18JFTTBV2iXqCbYdJr1CVWpDA8HXFQnTDk,50000000,1,2022-04-03T20:02:58.021Z,204.774002
18Rn538JwT7KcjAnU65w5B5nAM12X2QjNL,200000000,1,2022-04-03T20:03:16.132Z,1279.78003
18SgJWBsaQXRs7M1FdAnnoq95VBv3Ykii8,300000000,1,2022-04-03T20:03:17.203Z,1343.9280390000001
18LmYhtBkDzQPemy1aRe3FveXNtbqB9Pw6,400000000,1,2022-04-03T20:02:57.987Z,2301.88794
18tj1kmmN2xuE6vAKECbfCww4agXSoPCnD,150000000,1,2022-04-03T20:03:16.055Z,682.6454775
18NznwqnT9y8eV7ysqoYQ89PLmiqNXhXPP,50000000,1,2022-04-03T20:02:58.045Z,210.8255005
18NK3QrUxr726ZhmagAQdpX7obUjV9JWD7,300000000,1,2022-04-03T20:02:58.081Z,1250.1870119999999
18mswYMdzKsizmoPAe897iBr6kR3SzUZRY,5911259,2,2022-04-03T20:02:58.063Z,49.320826153310364
18r1gj1jC1DC3cyJrxmxPxTEVDg7DYoCP6,400000000,1,2022-04-03T20:03:16.163Z,2147.679932
18QWo3hT78vAzYsJpf9v28kGvvPeV8ymJM,50000000,1,2022-04-03T20:03:16.146Z,209.0444945
18jT1rnEy3fyb9voiBQCpySVXp6uG5CdpV,150000000,1,2022-04-03T20:02:58.125Z,625.0935059999999
18QpqxTwepNFT339N1WqHp2phPZ2p8kpFF,150000000,1,2022-04-03T20:03:17.221Z,625.0935059999999
18PYtv92LH48DuPdWTS9pT6dE8smsrTfD4,150000000,1,2022-04-03T20:03:16.178Z,671.9640195000001
18MGMyTsWWt8FCLEqpwiy11Q1cBC1mMjkM,410000000,1,2022-04-03T20:02:58.095Z,1707.2154491999997
18Ln4prDxBQE3Pn9cfvaSYwZ2c9pWW65ur,300000000,1,2022-04-03T20:02:58.138Z,1824.936036
18ma8XS2Y3vXX6rSAUDxG2WU9xMZb7KGdH,400000000,1,2022-04-03T20:02:57.240Z,2424.664064
18tiWdVPi5DpdtXfvdfnUuzFLm4HFeB6qC,150000000,1,2022-04-03T20:03:17.256Z,664.0139925
18qq2kdeWcTkugWNFtn6V8CojVvw77LiBd,150000000,1,2022-04-03T20:03:17.240Z,690.724503
18nYi7tFNRYhyLgWwYgKSrH8KTHFcTm1yx,50010000,1,2022-04-03T20:02:57.255Z,217.60500529860002
18KPuR36RTsuyYmgF932SDk8Brzryezx5H,50000000,1,2022-04-03T20:02:57.283Z,204.774002
18jH9Hj5Dun2RjMUQe5qcVCcDSuJQyhdbW,100000000,1,2022-04-03T20:02:58.156Z,414.81601
18u1hx4tqFcXMTmDite16zcSGB7yKLwQDG,300000000,1,2022-04-03T20:03:17.324Z,1814.1840809999999
18jhnnnfhku9JJZ2poMqLA2JSswH935Ei4,515000000,1,2022-04-03T20:02:58.187Z,2148.2247118
18nZpYvxU4QzW7cDtRJhzBq6erSrfxNSmk,300000000,2,2022-04-03T20:02:58.170Z,1271.967042
18JuJbNfDTWJtHt9mKhQNXCsgSMqoub4k1,300000000,1,2022-04-03T20:02:57.324Z,1272.692964
18Px21tjrgXjbjuMQYrNLRZcPvEuRnUWrP,300000000,1,2022-04-03T20:03:16.308Z,1824.728943
18qWtB4EaUDoqYQYpwkoMXXJcps3JVogaV,50000000,1,2022-04-03T20:03:16.342Z,210.845001
18Pm4PNCBbPi7Wix1jvBNRbD3zCw71pYP8,1344479,6,2022-04-03T20:03:16.324Z,49.14557365729259
18QC24pDnSHB9mvyyUh99ix6KLAupvKixE,200000000,1,2022-04-03T20:03:16.358Z,1346.212036
18qfiVCQzRmRudEtec9xfBxKmB9EhVdVTH,51419293,2,2022-04-03T20:03:16.257Z,214.5102353542874
18QTXYUJiBRuEah4RXnGZgHSey6DEhzcio,400000000,2,2022-04-03T20:03:16.382Z,2433.246129634154
18K8mzhJSvQcrRk2mWSVpcKWpszNq5si46,50000000,1,2022-04-03T20:02:58.225Z,208.505493
18nGMJn9e614gk7LcTn5sbQYMAKx6rfrav,410026369,4,2022-04-03T20:02:58.272Z,1714.0782717273346
18RBK1k1ooeaTA4cyqMvc5Ln2S1tFsPRko,400000000,1,2022-04-03T20:03:16.272Z,2385.191896
18s4zBf3eBrDRNTQrsn83mrC85f6zJJASP,50000000,1,2022-04-03T20:03:17.376Z,216.259506
18TNjy9ugJpkp7QWUy5mdpPPQXK9SMfZp5,500000000,1,2022-04-03T20:03:17.425Z,2981.48987
18oPig6UZRkHQoB7mfm2J9E7AzWgPt3JdN,200000000,1,2022-04-03T20:03:17.394Z,1160.364014
18KU9qnTPGH4Q7Vw3RweVikkRNSeeNXqD8,51000000,1,2022-04-03T20:02:57.441Z,214.51671102
18LPXP4XKSUD6vuqKJaPDJWUyRdksrZ7uw,200000000,1,2022-04-03T20:02:57.424Z,1192.232056
18o5JTAXwrfKvuiamk6ifdCANJbnYw1h2w,400000000,1,2022-04-03T20:03:17.408Z,2300.17212
18McEmDPuNS6X6od3ZXH5QLQaS62i9WtYR,150000000,1,2022-04-03T20:02:57.391Z,631.355988
18NcbSWtr4ubtXzZVA1vSk63zcMjMPwy2E,200000000,1,2022-04-03T20:02:57.460Z,1155.521972
18pSab3rAwVbFHuwQJKyPxDnZyANpiNLCK,200000000,1,2022-04-03T20:03:16.433Z,1151.073974
18TWN1w5WtyVo2xsnkNhjUJnMeX5V7Dr1x,100000000,1,2022-04-03T20:03:17.473Z,416.321991
18o2G1Xs8GHeQJHgSKquB7gFturYH17iPq,400000000,1,2022-04-03T20:03:17.456Z,1845.70398
18piQW88Q6pqw4wbqN6gsGLRd9zp9mySxz,50000000,1,2022-04-03T20:03:16.519Z,212.4774935
18UgbpqLZtjFCr6DBYXU37hLVz6ZatNhKZ,150000000,1,2022-04-03T20:03:16.487Z,690.724503
18nJt94tm4LKrUnWNpM8qXD5oXDQBF4thi,50020000,3,2022-04-03T20:02:57.529Z,212.6800390004
18SFPhDcnj5HvkotoCVk9nfPpS8nrcHCdh,1223952,3,2022-04-03T20:03:16.601Z,16.402988009541602
18qvDMhjYMRNpux2APxiwk6fwt7w3Bupyb,300000000,1,2022-04-03T20:03:16.563Z,1839.062988
18tGqVgwerCNBRmNhs523p9FNnXFuksVRf,100000000,1,2022-04-03T20:03:16.670Z,414.81601
18Q8yCnGxg5eAckYis2jXECfHphu9PWiYH,100000000,1,2022-04-03T20:03:17.537Z,416.394012
18TQ71ta2kUMcWk2YUucv3BeWTBjqZaacX,200000000,3,2022-04-03T20:03:16.686Z,1326.4251071672
18KCTp2sjbQ2CTFdksmjVSkz7FaP7gPnfW,400000000,1,2022-04-03T20:02:57.589Z,2309.879884
18SBUyZJbK6YedMWhjUV1cG3PNJM3oTzqn,250000000,1,2022-04-03T20:03:16.705Z,1683.3424375000002
18sssBv4M8seGp79pBJWQxnqEFSsDBYxKz,100000000,1,2022-04-03T20:03:16.735Z,421.444
18jTF1jajZAmyqt39HXzQsbDqABX5Z1dEh,100000000,1,2022-04-03T20:02:58.491Z,416.321991
18n1uKbEojgJK4A4vEUjtQJLVBdRsqdFn9,410050000,1,2022-04-03T20:02:58.536Z,1749.9499440075
18TCbhdsicbBCSg2HUNBfWi9Z5W3s6nfvH,150000000,1,2022-04-03T20:03:16.768Z,1025.4929805
18mWD2NjTryQpbK8sjmY8ovGFEv7hKsZys,400000000,1,2022-04-03T20:02:58.504Z,2392.8479
18LRwVXCuD3TFXbSUX4gJi4zogwf5fS2N5,500000000,3,2022-04-03T20:02:57.636Z,2629.697557
18ND7eMZX28aQmrjWv1C7s92twqM9uYXeZ,100000000,1,2022-04-03T20:02:58.520Z,416.394012
18MU41arvT7XKQCpThdb6RWWK5kuXt4ZHB,300000000,1,2022-04-03T20:02:57.687Z,1819.770081
18tbXGGkSrZRtJTpFzcnyaSaSvVzEPACDz,100000000,1,2022-04-03T20:03:16.829Z,417.177002
18oFFfNPqnz2yzr6WVYL9MwAbBWGpBFs3G,300000000,1,2022-04-03T20:03:16.812Z,1228.644012
18NKZFiwMFEkkth5UN5X8sXCqZjgopJU8T,300000000,1,2022-04-03T20:02:58.566Z,1228.644012
18ShJqwMsG6C54eUYmBdeqyNtxFCBAx6pJ,50000000,1,2022-04-03T20:03:16.882Z,204.774002
18oDnco7vqvCKwLXY7g5L7ZECyK6aY5TSB,100000000,1,2022-04-03T20:03:17.617Z,418.088989
18jqpjR6q78E4WGEMTktZeLd2r8Skvg9yB,200000000,1,2022-04-03T20:02:57.703Z,1279.78003
18JBZqCcMxJL8pNZ2doPmYcJs1LygsZqg3,410000000,1,2022-04-03T20:02:57.772Z,1707.7155630999998
18jF1E1t4FB1i3QoSHRhTr8F3qbiYnSkUe,100000000,1,2022-04-03T20:02:57.720Z,454.162994
18MUDcTHXNR6QzTJbQo5xFfdgTJ8YuMcje,100000000,1,2022-04-03T20:02:58.550Z,416.515991
18qjcEidGoEBqg1y464gQrqXxymZYmw4Sk,50000000,1,2022-04-03T20:03:17.750Z,210.310501
18m8d4xNv86U9ehNPDFDEe4pvYwh1cHGYF,200000000,1,2022-04-03T20:02:58.624Z,1330.024048
18tDqHGRmcFxoovByTYDZh9rqusDUxuMDD,150000000,1,2022-04-03T20:03:17.704Z,636.0449985
18kzdteS5PLdn4ewsUQjH71XEEH1cApcdP,300000000,1,2022-04-03T20:02:58.644Z,1324.1670239999999
18p7h7PFPTQK3XGmK1b2db8yHZSXB2yJeB,100000000,1,2022-04-03T20:03:17.684Z,414.81601
18towCHSNLiDsRnrFyqfREvGCRFXaxgJ6T,100000000,1,2022-04-03T20:03:16.935Z,437.747986
18KhTbDj4YfFwohY6UQ6SXLsQZ7jDsYjw9,1103469,1,2022-04-03T20:02:57.807Z,4.57190394997566
18MhAc2jvX5qBstufeCXt3SXwjihq45q9L,100000000,1,2022-04-03T20:02:58.660Z,422.372986
18NpkzxvzviMWGYXJn9MCPUuRKiLKSjutY,50000000,1,2022-04-03T20:02:57.839Z,217.561493
18JsL8QTYTMnaKBQBr63Jmwd2PLCKXQt2W,150000000,1,2022-04-03T20:02:58.694Z,689.4044955
18ozKKZFHHfwJem2cmnpBiKRvnhLvqjY3y,300000000,1,2022-04-03T20:03:17.785Z,1824.936036
18nSqEAPvG2eBUhdx3rUnR7AN1PVjb6jq7,50000000,1,2022-04-03T20:02:57.824Z,227.5484925
18S93frGyBWgUHnEpK2TibYC1h5dVKmysf,50000000,1,2022-04-03T20:03:16.964Z,208.505493
18MezVcSS99iB1ZAowjT4zNApRJau1tCDy,400000000,1,2022-04-03T20:02:58.710Z,2318.604004
18n34d5QPRmjvbP3tTbd69LqUDKbdAjTo,50000000,1,2022-04-03T20:02:58.730Z,206.6535035
18kUfSLATDf14o5yzP6BLunBSixhQgTQgo,300000000,1,2022-04-03T20:02:58.754Z,1275.570006
18pbiFBq8rAZoGiD1Y4Bc7KVXtQ2muWq2A,50000000,1,2022-04-03T20:03:17.010Z,210.310501
18kqUMigE4iQFUWivsHRZfNXbR343LaZTf,29544440,1,2022-04-03T20:02:57.854Z,122.568059352334
18rmyYUSaDv1murJDLDJ4EaEz8NPzNrMUG,300000000,1,2022-04-03T20:03:17.044Z,1296.456024
18WGAUz8x9Bzhexp21Zp51Uer1p8JHajBV,410000000,1,2022-04-03T20:03:16.005Z,1713.5745286999997
196rh4vNV34BbQq57skysLc7qvETttMvSQ,50000000,1,2022-04-03T20:03:35.089Z,209.0444945
18WjXQg9Hy6GRfbdz55NyZMnxur9VJ2fjv,410000000,1,2022-04-03T20:03:17.073Z,1865.8976384999999
192ApTrkMhkf5DFT5yL43JyCu8x6PWkXmq,150000000,1,2022-04-03T20:03:35.921Z,894.1740420000001
194bGcMtxVykpGrQu8uvp6bJm8WgcHP2pf,300000000,1,2022-04-03T20:03:35.150Z,1839.062988
198ydM7h954kk4za9wFr594Kc2bpZjsJMa,411000000,3,2022-04-03T20:03:35.215Z,1843.10849742
194pqh6VJx5gkbk5fbwP8Y6Syyr8NZaZdH,100000000,1,2022-04-03T20:03:35.166Z,441.389008
194XrevAQ1SrVVA1zYMweoag1yWAoRhyt4,50000000,1,2022-04-03T20:03:35.263Z,204.774002
19a353oL2zEiVPqTZk8n67hH4MuvNug5t8,100000000,1,2022-04-03T20:03:35.949Z,573.911987
18VRU5MLJASmUTc8QdydnDXaewnD9thbcA,200000000,1,2022-04-03T20:03:17.148Z,1279.78003
18vj9SNZAzt4Rb46kKVHRzRx6uuvk8WfXV,510000000,1,2022-04-03T20:03:16.103Z,2132.0090235
18wzRPdZzpLT2b4xFNZawDDziUcesVT15j,504990000,2,2022-04-03T20:03:17.181Z,2713.0059215017
192Zktbc4cNPhKs9rUavgNJjH6Rf7NXBqh,50000000,1,2022-04-03T20:03:35.320Z,203.7440035
18VYCZqyH3ko26L6iaAd2ftV2DqSwF6giQ,50000000,1,2022-04-03T20:03:16.116Z,210.310501
18wentpyA5GwGGaRvsHfGFAsQrrmKFGUWa,50000000,1,2022-04-03T20:03:16.085Z,210.722
18Zk85YUvnudGKBbMfvUxm3ydtbTAhPbot,200000000,1,2022-04-03T20:03:35.964Z,1316.156006
18xpMTWcjpaiQwMUTVcsV8KET1NRERUrcc,400000000,1,2022-04-03T20:03:16.071Z,2268.95996
18WUkKkyPDkQWRC29SN646enQkMAiqnDcX,100000000,1,2022-04-03T20:03:16.226Z,417.177002
191gZcpXrNyxdnw7unhiGMNJnRSywLzp28,300000000,1,2022-04-03T20:03:36.030Z,1254.266967
18WxQCBHgPVmKeEZ3b1GFETuaPUrXoiVzG,33063267,1,2022-04-03T20:03:16.195Z,192.8960518941313
195gwSCCy35erABS39pqKGQMQNEaHQxWDc,450000000,1,2022-04-03T20:03:35.999Z,2602.3005045
198Pwdu8RzV8rAKA9Dx3P9mXECyQ8qBvuU,50000000,1,2022-04-03T20:03:36.047Z,209.0204925
198adQNQqqjs4Rk6kZSvfbLAvt7spGhbxu,250000000,1,2022-04-03T20:03:35.979Z,1690.7400525
193R2mxqpKcSseNJTmhWZ4ta75Cqw7LnCR,50000000,1,2022-04-03T20:03:36.013Z,210.310501
18ut919B2R3e1gaEH4BdKh8voCs4cngdmj,300000000,1,2022-04-03T20:03:16.210Z,1851.362916
18x1tYrUfCdTRaAk97V2XgfKhokBH35gfi,100000000,1,2022-04-03T20:03:17.302Z,429.713013
191LXh2dTgPGYDk4Htofhebnk7ReiGVT15,400000000,1,2022-04-03T20:03:36.063Z,2368.412108
18uYMTeZxNLoANKv483CQUtVqx7g46fZ18,400577775,2,2022-04-03T20:03:17.352Z,2550.823234375055
18wemVQzkotQu1hCCpVbpkiUnyfEAyNn35,100000000,1,2022-04-03T20:03:16.240Z,438.798004
18wYATuao3mrfPFwVwf3qfPnzz8wxadx7H,50000000,1,2022-04-03T20:03:16.289Z,209.0444945
1914Zr5FFSeegGCX4umZYp8nmnsgAbDzyX,400000000,1,2022-04-03T20:03:35.388Z,1819.063964
194Uv9NymH7DBx2AfKkPcJqtXSYwaiyxFh,50000000,1,2022-04-03T20:03:36.216Z,204.774002
195E6K8iTNouHFB3M9BkCsAY7ix4jBaCGN,1315504,3,2022-04-03T20:03:36.253Z,23.93914820635824
196WgHAry3M4Ywoj2CVzkvEVAaLDsDzKN1,50000000,1,2022-04-03T20:03:36.236Z,217.561493
18XyBC6Gfz5okP8Rpj84XJeumq2wBJwFdg,200000000,1,2022-04-03T20:03:16.416Z,1316.156006
196jQrKuEEL2NsEkEjoE3SaCVNUwjmM7Mm,300000000,1,2022-04-03T20:03:35.449Z,1305.368958
19A2tPXNK3JsCsX5RrTGEZ9rb3vYQyiojV,200000000,1,2022-04-03T20:03:35.479Z,875.495972
18yJxJhVf2uAqyAPY9nAMScMySWDnoP3sV,50000000,1,2022-04-03T20:03:17.438Z,230.7129975
196LkLwKm8kCypYmAXh2e8jsRNBpLrH2U6,50000000,1,2022-04-03T20:03:35.494Z,208.588501
18WLrWzUeggYpmcn7qjo16Hnhzaev6fkG8,50000000,1,2022-04-03T20:03:16.451Z,210.310501
196XpPeKbJ1YsMCtScEKxpwPDuCxusTiy7,50200000,1,2022-04-03T20:03:36.276Z,212.031238972
199iLrHzHsZZX91b6hpRLBGFYkFn6D2xsM,50190000,1,2022-04-03T20:03:35.509Z,206.25028159049998
18ZoKKJNDqWSrpVdKSfGVGL4kaYC5boH5n,100000000,1,2022-04-03T20:03:36.290Z,424.230988
18yno1McpTWto9PxR4PUH4Ly9sfUymp6UR,406600840,2,2022-04-03T20:03:16.470Z,2364.1351704317703
18wj1kF7HtskRNtMsLSnFW7noJWr9SvVoQ,300000000,1,2022-04-03T20:03:17.490Z,1251.032958
18UzFfT35Y2Ky2E4Gpms8SX5v4dNVXEmhM,50000000,1,2022-04-03T20:03:16.502Z,208.2579955
193KQZH8KrGoJXfXuY1ajFnjZZ9RbYX7xj,200000000,1,2022-04-03T20:03:35.574Z,1308.19397
1971TPwRsEf83WQtjtYC74NHTMis6KMbvY,50010000,1,2022-04-03T20:03:36.330Z,212.05740249989998
197dJGTbMvbVa49TLWs87SMG2d1xMC7q9v,100475399,1,2022-04-03T20:03:36.381Z,419.160257295738
18YdWiW6grSK3gRkWXmbCfdeZ5Gy6kF7sw,50000000,1,2022-04-03T20:03:16.535Z,210.310501
1923x3y5ptnqEwh8toFiRUszqNUdRXTCC3,100000000,1,2022-04-03T20:03:36.365Z,418.040985
18YtwBNgATFqc3rio4JnFVu4qBPp4zq8Ly,50000000,1,2022-04-03T20:03:16.584Z,206.9859925
18Z6YbqbMCcAFhz2jtTGfMxHAutiY3REXz,300000000,1,2022-04-03T20:03:36.415Z,1831.307922
18YDDVvkuariQyAdtpJxToSC1Vvh3SRweo,100000000,1,2022-04-03T20:03:16.619Z,423.989014
18Wc6DnCRwWVjVnBKqrNeJUxtQhVbHKZTC,20880007,1,2022-04-03T20:03:16.638Z,120.05523576038931
193mQAmGKaV1cegv2RW3DroGy84QEywJYH,800000000,1,2022-04-03T20:03:35.593Z,3366.280032
199k4S9SGfrHHebmT8VYRu8gH4eNpLJhnk,410000000,1,2022-04-03T20:03:36.400Z,1884.3722877
18wg4VfQXcphjuMxjSBCv5EW6wFiidtN4K,100000000,1,2022-04-03T20:03:17.522Z,420.735992
18VS8DJRFZZqmFRzQ19MxgYogmcotXJ7NF,150000000,1,2022-04-03T20:03:16.655Z,626.9399865
197fpkjfeStKqnf8Um2LWYDAoikqcyPj2R,510000000,1,2022-04-03T20:03:36.430Z,2251.0839407999997
18w6AWzin5J2kJXghumK4nfBnAv7f5F5KV,50000000,1,2022-04-03T20:03:17.507Z,208.505493
18VxZoByicdAXudyFi6PRNTuaBJ7LBZD1Q,200000000,1,2022-04-03T20:03:17.554Z,1140.946044
194Fy8MXiRcYsWWuphxaQx1NeABD3xVbe1,410000000,3,2022-04-03T20:03:36.464Z,1713.6363115009
18XkQF67SbqUQeMpejxTSYcuwQkRp8Q2H4,400000000,1,2022-04-03T20:03:16.719Z,2452.083984
18wRgzdhkTxgerhAdzJ8fT6Syy1mBm5eBD,50150000,2,2022-04-03T20:03:17.570Z,210.941432503
18ZqfMcowNRePeSakka6nqMjvyri91W5Cb,100000000,1,2022-04-03T20:03:36.512Z,414.81601
199oCTqW3qoDwnidMN68QK25FwvFdU22Yw,700000000,1,2022-04-03T20:03:36.482Z,2967.923098
18xR9zUK9eTK2y9kAfaiNvnhq5F1yn3Mb,100000000,1,2022-04-03T20:03:16.749Z,418.040985
198YLDtdF843aPyJSpLqtM2EyKdi1YXSn1,400000000,1,2022-04-03T20:03:36.561Z,2301.88794
18vcsFHaStHa6cKiUuGheUikdLhvATdaJJ,300000000,1,2022-04-03T20:03:17.585Z,1851.362916
194H2LwPei9WsyW77H4NpdKMjhrXPrDYKu,300000000,1,2022-04-03T20:03:35.686Z,1836.3989880000001
18y7sboVQRYozpABEBRKUtN16TmQVu4yZJ,1000682,1,2022-04-03T20:03:17.601Z,4.09827315738728
18wWnFTuoREbVVJpu7P17QLXiKL3Spht32,50000000,1,2022-04-03T20:03:16.792Z,210.310501
18uNCVbJa5H7dFhNC4MdWeNvuwRsLVBcBY,300000000,1,2022-04-03T20:03:16.845Z,1788.8939219999997
1916afUT8oN3VuvF5N9SLQMcHQsLi7DY4q,150000000,1,2022-04-03T20:03:35.720Z,916.3380434999999
18YdHKFGc8irmrnm9vCKq2QuDmE2RNJyGK,50980000,2,2022-04-03T20:03:16.865Z,210.7039121686
18YQ6fb4GMHbZrHSud5VCGmRpKLv9XgxqG,400000000,1,2022-04-03T20:03:17.639Z,2151.88794
18Z3igezASVF6TYWCTLWMdRzSgV7MonyS,50000000,1,2022-04-03T20:03:36.632Z,208.505493
18ynoiRdvheXGSZkGxRmQBJe8FX2ZZSNuW,402978723,1,2022-04-03T20:03:17.654Z,1654.0019898301202
18zV1WGWCbqb632n4dPXWjUJTHymxFc15Z,400000000,1,2022-04-03T20:03:36.577Z,2318.604004
1925x55HDrBoPaj4zVJUzJXMnZs72HSVdE,50000000,2,2022-04-03T20:03:36.616Z,208.19700600000002
18XfBiib3eJmcfW6NqK8j3fPdZVvQWEroN,400000000,1,2022-04-03T20:03:17.671Z,2505.263916
18Ww3iPHYdouo6B8FwLLexpGFH91PBR97U,50960000,2,2022-04-03T20:03:17.720Z,214.4320380384
18yUrNehd5hDJ8rskRHGvQSWtDhP6iJLiJ,100000000,1,2022-04-03T20:03:36.664Z,416.394012
18zPy3yxZRHzoZiv9qGgJpReLP9K3uie12,100000000,1,2022-04-03T20:03:36.648Z,416.394012
18y7Z2eAEsZkK8M8W7wLjEedZrFmYujds1,1060520,9,2022-04-03T20:03:16.897Z,50.59061977217041
18XfgMXoPHdu16GdwPxAFX1zpoXgJ6DXWb,410000000,1,2022-04-03T20:03:16.917Z,1831.5601385
197jzVts5wjRXuLaBwGFnWrDVetDGfpxq8,400000000,2,2022-04-03T20:03:35.738Z,1655.8879399999998
18YuqSfgf4RHkMjfqk66Dk3StNz9XYGrCA,410000000,1,2022-04-03T20:03:17.768Z,1707.2154491999997
19131LTwMfi5gornSEH8gtyzx7p8CJEuH2,400000000,1,2022-04-03T20:03:35.806Z,2296.42798
18Yhxe5YZiKQWEDxnHF1X4v2VtGfUwKy33,300000000,1,2022-04-03T20:03:16.950Z,1273.632018
197cycQmWNHMDjMoAS7essxc6eZd8kWyUs,410000000,1,2022-04-03T20:03:35.822Z,1880.0468164
195bxy1iEDMKFXob33WQ1iaCtE24yKbaFK,400000000,1,2022-04-03T20:03:35.776Z,2311.043944
199EQGiswbB1eRaYcpECS7nDrzThhKab4Y,150000000,1,2022-04-03T20:03:35.837Z,673.516479
18uKj1EZAatgx4T278zpJHNyfuhJsQ8sgP,300000000,1,2022-04-03T20:03:16.984Z,1251.5310060000002
18uGZmYdnAG7AQ81Eiojb2awpabvMWh2R8,50500000,1,2022-04-03T20:03:17.799Z,220.767820505
18wLHSxLdMaEBVnFSarUCxHFwNC1guW1oY,100000000,1,2022-04-03T20:03:17.029Z,423.734009
195DBZQVK3iuXqWLiP6SgaERfXyw4S6Gr,50000000,1,2022-04-03T20:03:36.778Z,208.218994
18yRbTGzt1iACQm7FbTVSJJvUjVUCUtfjP,300000000,1,2022-04-03T20:03:17.058Z,1740.546021
1916Lg5Vs7TucomotWQvh3iDLp8AJRm4vi,150000000,1,2022-04-03T20:03:36.830Z,673.516479
19D3gLzn1Vvvehdhca7w3qecEa95ywFduQ,510000000,1,2022-04-03T20:03:35.892Z,2343.9752847
19Cic8kcKMskWmfijSb2ZKddUQxtYKhE6d,251000000,1,2022-04-03T20:03:35.135Z,1700.10079494
19hoRDfUkytiAiFkaWFrcyxpLTkGsK46je,200000000,1,2022-04-03T20:04:00.595Z,827.94397
19DQBDQo4T5DZEHiRNdiTR8unK69UBYxQT,100000000,1,2022-04-03T20:03:35.907Z,452.727997
19DQ3hN6U1FVuj1zQqreqPA3frdk4CoCGK,1000682,14,2022-04-03T20:03:35.235Z,58.56565245324777
19Cst9GXRKSELRHdpe1x31xNhsGemZdf6F,400000000,1,2022-04-03T20:03:35.185Z,2448.531984
19Gpgv44ftuBB3yG3xRSriAggF8ajxL4F7,50000000,1,2022-04-03T20:03:59.704Z,208.4149935
19a65oPJLYCtvgVyQzNdB2xszhPAjJTZ7k,100000000,1,2022-04-03T20:03:35.935Z,407.488007
19FjueJXMeZGFtRAJZEhot4uXnKj8MJ6uo,150000000,1,2022-04-03T20:04:00.671Z,935.965485
19JLWf6bx5YwPFAeLQURj6VQs6zn3rUEyK,250000000,1,2022-04-03T20:04:00.684Z,1480.2575675
19F4euspeSnykW3zyLAh7aXrvbWw4PwJ9U,410000000,1,2022-04-03T20:04:00.611Z,1713.6359630999998
19fjSQR2qmMerHBafcu3n7hwgeFiVmU9RT,300000000,1,2022-04-03T20:04:00.699Z,1365.290955
19E5WeYbvkeACBWCibjoE2eYxHFEr1DHQx,1044370,3,2022-04-03T20:03:35.284Z,20.7805088871555
19CZSTJvCt8MapFiNskYYnfLdL2CaYm449,50000000,1,2022-04-03T20:03:35.336Z,208.4149935
19fS97VT4E7xocAS7RphLKQ6qr8teSc9tC,300000000,1,2022-04-03T20:03:59.747Z,1827.68097
19Jcy4cscK2kjrEw3LkjbHMAVjaLfwjjEQ,250000000,1,2022-04-03T20:03:59.729Z,1469.5025624999998
19gXg8eqGmN8bekrSdVwR5c8QXHTUoW4p7,250151823,6,2022-04-03T20:03:59.780Z,1602.3775504634787
19dLzMkF6UwZRg2udtGs7L3EDXcenWRjFj,49966540,1,2022-04-03T20:03:35.349Z,308.3539973227688
19fSjb1TDxzBnUjNEpCMAJHRF72utZurTF,400000000,1,2022-04-03T20:04:00.729Z,1671.839964
19G2yZGG6tQBbqxadidWDrtGBUimSm4ozi,331284523,1,2022-04-03T20:04:00.760Z,1381.4928558276968
19HnvoJ5UuCU9nZRbE62gLa7X6mMCPii6S,100000000,1,2022-04-03T20:04:00.745Z,438.798004
19dRNfg64fY9KAXtydDnxv8Pzz92yc3hSd,150000000,1,2022-04-03T20:03:35.361Z,658.072494
19aQb7XCc2GZ3Eia6mBGEUMS68Nu2WZNVs,50000000,1,2022-04-03T20:03:35.375Z,209.0444945
19gNin1xuuPijaaNe9rTUV8sw72b63Xe8H,400000000,1,2022-04-03T20:03:59.851Z,2662.739992
19jF38eAZYepJV3YT1Gjpyncym6GtKA1Sr,300000000,1,2022-04-03T20:04:00.789Z,1726.6109609999999
19DdA9psrLfeLm5RaArdQjRTLeadUQSZEA,100000000,2,2022-04-03T20:03:36.077Z,424.029999
19Aq5gHhdTtNeEpi9Ntdnn5j47Q7PK15ac,51460000,2,2022-04-03T20:03:36.127Z,214.23929656860003
19crBtESUWDhoxKAUixfQ1aDkYk4LG99Jj,410000000,1,2022-04-03T20:03:36.107Z,1707.7155630999998
19barYsMkFNfMhAPRvt8EwqjtNADGzXe1F,1356938,1,2022-04-03T20:03:36.093Z,5.6287960697738
19CJfHnNZGJ9zjd7VuMVdeRvPQjNDPXGL4,400000000,1,2022-04-03T20:03:36.145Z,2442.736084
19J5etxY9rEcPkML16DMA3f9VKW4U5Su2x,450000000,11,2022-04-03T20:04:00.807Z,1846.5648064050001
19fuE8ikuZLPNZKbkyTEQ5UifKsBMLzTWd,150000000,1,2022-04-03T20:04:00.857Z,935.965485
19iMZKc2yjL9GUHSY177m9pEVm8t1fxVvW,50000000,2,2022-04-03T20:04:00.827Z,209.0204925
19HEyAaJgwC4TgW6J5QerqM38gzTmqrBji,400000000,1,2022-04-03T20:04:00.843Z,1653.228028
19EqgAiYXBGwtuSKZt4G98zWQt28s5hTjv,550000000,1,2022-04-03T20:03:36.182Z,3619.4290164999998
19C9rBUVBUWTQfgTXAbromRbDeVCA4HWRB,300000000,1,2022-04-03T20:03:36.161Z,1223.121003
19CynrkVZxT5DUre6u3DASBsK2svSKjUjV,150000000,1,2022-04-03T20:03:35.404Z,631.309479
19cV7wRyZxv9Dght6QTz5kQK3pasjbvaWi,410000000,1,2022-04-03T20:03:35.420Z,1707.7155630999998
19CrjCEHqFicHftvyfUp13J4Aox3hP99VP,200000000,1,2022-04-03T20:03:36.199Z,874.328002
19fRjMx11Vy4zpeqoeUVyb5fScaBkZRNv3,50000000,1,2022-04-03T20:03:59.949Z,210.310501
19HG7kzL26rH7SWAXEDDHkNnHi12nJbutm,100190000,1,2022-04-03T20:03:59.966Z,417.18516062279997
19fE6t4yCL35nEzkgS8fxtc8n8Z9JfXTBK,400000000,1,2022-04-03T20:04:00.887Z,2301.88794
19jdj5dtLUwYbcVVD3EHRmmTJfd2quhayd,410000000,1,2022-04-03T20:04:00.903Z,1700.745641
19bczkq9btni9VZmrnnt1D2bbHFYC5A3EU,200000000,1,2022-04-03T20:03:35.463Z,1151.073974
19AkKwyCdntewxNrQsryBeMC46ZZnDTbba,410000000,1,2022-04-03T20:03:35.555Z,1733.2544795
19bvpHppLvfB5H3tnbqDWW2APgacvzhu14,200010000,1,2022-04-03T20:03:36.305Z,1308.2593796985002
19DvvMPLva9RQ9ArMwLHPtdMM8pRcM1yjQ,300000000,1,2022-04-03T20:03:35.524Z,1250.1870119999999
19A9Gm3CVKrFzk5E7BuLDopHf4mNQ2tb2D,510000000,1,2022-04-03T20:03:36.348Z,2127.6027102
19feFZPANADLrP9CEsXymFMByintg7eFdo,50000000,1,2022-04-03T20:04:00.047Z,218.873993
19aWnyj6KotyWDh9cbSzamkxDEyGkdBuL9,400000000,1,2022-04-03T20:03:35.538Z,1813.536012
19FUY3WbSdqggQjUe6XK6TUc9RiGjZjTFQ,300000000,1,2022-04-03T20:04:01.011Z,1827.7230840000002
19FNj2Cd3qgPb6cLaz26yVsugxkgd72smD,100000000,1,2022-04-03T20:04:00.083Z,445.737
19ApovY9DYaafLTLqVPeboFbqd8WqUCeKS,250000000,1,2022-04-03T20:03:36.445Z,1623.3999625000001
19ftNTqQ7BNgRuVR4jTQcqYyPFtBgbGi9y,300000000,1,2022-04-03T20:04:01.029Z,1253.879973
19CeLcCgWaryV3sQujeYQdmQnYctEPjJHH,410000000,1,2022-04-03T20:03:35.610Z,1739.3470508
19eVCWHs9A6PdwmfbFfh89oMPbhgrNJesi,300000000,1,2022-04-03T20:03:35.626Z,1814.1840809999999
19Eia33Rgh9tw2qmm966VkRkCJM4oQZGan,100000000,1,2022-04-03T20:03:35.646Z,433.503998
19fQyzdgJY2ZGjkjbaYJYvy3NTGrtGgJGT,400000000,1,2022-04-03T20:04:00.150Z,2559.56006
19h47gtSNp3uoWFJTY53iG9PDMcLtCdX36,100000000,1,2022-04-03T20:04:00.185Z,418.040985
19CsjCvFbtvtNdGHNdpUS7ekzCiBSiZkYk,300000000,1,2022-04-03T20:03:36.496Z,1250.1870119999999
19H6ToAWcwnPDDCSafnuiuVs69ehAAk2P7,200000000,1,2022-04-03T20:04:00.129Z,1329.10205
19ewUrxrExhtPBifAyVpftFcjv35dr7zij,50000000,1,2022-04-03T20:04:01.061Z,210.310501
19JAM6eBnHhTBaoFvfi6XjTweLSzQdhCMT,200000000,1,2022-04-03T20:04:01.094Z,1245.722046
19hdHepimQTpTknwQu6SiLweb9DJAbLA43,400000000,1,2022-04-03T20:04:00.216Z,2666.607912
19CjZ8dLY1x4NjimtiqzvBAeCQLHXQRJDe,400000000,1,2022-04-03T20:03:36.528Z,2147.679932
19a5SwxMYT5om9HDoUadLQXStdGWDMGotx,150000000,1,2022-04-03T20:03:35.668Z,666.2324985
19e68snjSM8hNVhMwGDgS4hd3rgqZJnRgW,50000000,1,2022-04-03T20:03:36.546Z,218.5820005
19GeG5EcLQ34CKeKoM1koabGiLRLUsRcCz,200000000,1,2022-04-03T20:04:00.252Z,1321.534058
19bPJDBhX1H8bFNEmE1sd24CVQugZAMDBm,300000000,1,2022-04-03T20:03:35.704Z,1750.244934
19fwvPx2Q829Yg8AeQQSPYwi9m3Q1roPA4,300000000,1,2022-04-03T20:04:00.306Z,1818.498048
19HP4WhwUc3Hy6pqfNZiJfYPrhBD2xvtNA,400000000,2,2022-04-03T20:04:01.117Z,2475.95734553
19bp3ZGwKh2X5vqXpMEvFDeaWDQsc4BHw,50000000,1,2022-04-03T20:03:36.597Z,210.310501
19h6upg6gR7TmWNXstFbWGfhjqPd8Zix2s,100000000,1,2022-04-03T20:04:00.340Z,608.242981
19hW8VTHokw69Gr1f7HqMVUjr6JPWzem4p,400000000,1,2022-04-03T20:04:01.153Z,2660.048096
19FmK3uUQPvVB1beNvrXATdajNZKhdvBQ9,50000000,1,2022-04-03T20:04:00.288Z,210.367996
19bfzDvaHYwV9Sm7tnxVZr38XWin74whZr,400000000,1,2022-04-03T20:03:35.756Z,1666.063964
19HS8CwutxCUgbrUaLTZBFTwiijYKuSCte,50000000,1,2022-04-03T20:04:01.185Z,205.4694975
19GMxKmgba5e7khn4AqoRi1nGKQjiXvZx7,300000000,1,2022-04-03T20:04:00.376Z,1381.449006
19ga8acNeT7fCZcUq5aR72PmMx17kJkBK4,400000000,1,2022-04-03T20:04:01.218Z,2661.196044
19dcbUi5Kvm8uGaQKTrKxjFGQV9cdWkLRc,100000000,1,2022-04-03T20:03:36.682Z,420.785004
19JjMKEdMiiWPfwNbxf17SJM3ppujM2ZYf,300000000,1,2022-04-03T20:04:00.453Z,1832.052063
19e7kLTBwzm7bawr5jkSNqhkoRkhkgXkzb,50000000,1,2022-04-03T20:03:35.792Z,206.6535035
19FGfgF8a5FfJoNj2PykUZ4MoRnF9JzPfX,300000000,1,2022-04-03T20:04:01.282Z,1300.511994
19CGMnLHT6DowEmEGNUisX726Lx3gcVKwp,300000000,1,2022-04-03T20:03:35.858Z,1923.2160629999998
19D53JAJkVmYWrSaWCtZCm2r7huoACQ9eB,50000000,1,2022-04-03T20:03:36.716Z,208.505493
19JfmHswm5KSdFG8PejWbsVysCKkNT6yUA,105900000,1,2022-04-03T20:04:01.297Z,450.027331233
19A4thzhK8Eq6PHbR6eik1cDqH9HVjrYA5,401541640,2,2022-04-03T20:03:36.731Z,2574.171106704544
19aZB28vFJ3SBtqXVYebk2FPiort1CaXab,709655,1,2022-04-03T20:03:36.746Z,3.0047714825707
19dcB9pihsJPLbEDjbV5fVTSbQhs7xz86U,100000000,1,2022-04-03T20:03:35.875Z,455.096985
19AM2kF6V7zTNnbbFt8wPKUXWQKanwB2LD,410000000,1,2022-04-03T20:03:36.696Z,1884.3722877
19hfeJ33V9ij2NNHfnzpUkXSS93KXhSw3B,100000000,1,2022-04-03T20:04:01.372Z,416.321991
19ivqboqbMTMXcFkKERXkecXAMc8wGXvq1,50000000,1,2022-04-03T20:04:00.471Z,210.392502
19g7pTeJmxy4JvNr3GZnahUTZDMsZMCkpy,1024128,4,2022-04-03T20:04:00.504Z,18.39378892280832
19dwfeTJj7nPGeuTtyj7asCJiAXSiKNqVd,1000064,9,2022-04-03T20:03:36.811Z,39.39525032466817
19Hhb7kJweXWg6t9b5LMoXPgQs6ZeFSxMe,200000000,1,2022-04-03T20:04:01.399Z,1301.238038
19EZCwRsx36PRrNo2FsMAdVf9RuyEcTTSg,400000000,1,2022-04-03T20:04:00.534Z,1643.75598
19iUv46nP4AMqMDCLKD3tqUESroSJqEi92,300000000,1,2022-04-03T20:04:01.431Z,1361.34897
19BkFdWvZy3K4xksN8gDndgHGog17eDc5M,400000000,1,2022-04-03T20:03:36.762Z,2660.048096
19hTZgLgSUdaUUNWZa6D1gFut5LkdF3rcM,50000000,1,2022-04-03T20:04:00.487Z,209.0444945
19BpWugXuM9QejYvcPVCn3Shx7a8zJEcXC,1000000000,4,2022-04-03T20:03:36.794Z,4109.52045019
19KaQXuV5M3REHo72QDqW6VhzeriQfSCbT,50000000,1,2022-04-03T20:03:59.637Z,204.774002
19Qd5WP4wm3SUxQKMxYENNjZzUyruXkWff,410000000,1,2022-04-03T20:04:19.573Z,1739.5562533
19RV2DLJU3VQMX96jqECoBBhkP8t354Uz9,100000000,1,2022-04-03T20:04:19.542Z,622.861023
19M45WCRF5XH8YqHh3owhAudRazx1Frq57,50000000,1,2022-04-03T20:04:00.566Z,209.0444945
19SasnqzPJZoMyqVGYzKTrfufUcTG3pcaA,200000000,1,2022-04-03T20:04:19.558Z,1354.661988
19Nni1BySarJgexbVncwyFu9ptFWEksMXW,700000000,1,2022-04-03T20:04:00.579Z,3112.683042
19Rd98ygbbcXBZL53jbfgvttW836ejzr91,300000000,1,2022-04-03T20:04:19.587Z,1268.234985
19nq29xWSZFNdWFe2CARePs8UN7cCWH1dK,50000000,1,2022-04-03T20:04:00.642Z,206.6535035
19S8iX8f7iT9mM2yjm5RAJzb7xB8vMDmcy,1981664,1,2022-04-03T20:04:19.622Z,13.040894877369919
19ofch1zhjcET2qRZAswngKYUmTTHxZTzk,200000000,1,2022-04-03T20:03:59.680Z,1175.60205
19sXVeCPLrcryN9AxQcwuAStaxMJvLQ2xh,100000000,1,2022-04-03T20:04:18.776Z,416.394012
19ocX5nHCpPZMNKrqUbH6PX46oUg8TMez9,100000000,1,2022-04-03T20:04:00.715Z,418.040985
19t5Q2r86gHTX4ucxEgMXK8NENJBoLuSyi,50000000,1,2022-04-03T20:04:19.667Z,218.873993
19pjxBMBnTM1fm4MGe1BhJduVALyDwfiaC,410000000,1,2022-04-03T20:04:18.791Z,1700.745641
19TdRo2DhqBD4xgUCiMN1XAfLSjKW4p6hg,50000000,1,2022-04-03T20:04:19.638Z,204.774002
19teWcVofevZWqBa3hvFpHvRELzzLYyy2J,50000000,1,2022-04-03T20:04:19.697Z,204.774002
19nJLmzr9cMU2RVZgzQ79p3kLQ3mcJzeci,1000374,10,2022-04-03T20:03:59.819Z,58.03989950706181
19PBK2vT92BZehaLiifhddVx5QCbcPc77i,300000000,1,2022-04-03T20:04:19.712Z,1250.489961
19qRVAZG1qd4q8kYfKxypcedknrGSm9vo2,50000000,1,2022-04-03T20:04:18.808Z,208.1609955
19kj2xKgo96qgxQuaRVQFmX92CyEE7JYVf,300000000,1,2022-04-03T20:03:59.835Z,1818.498048
19S2k7QWKkBE6VZJNcZwQ1zGRfT7DpxVVN,150000000,1,2022-04-03T20:04:19.727Z,687.822006
19riJ75Vn9eopEuZMRaPbStNpnGomqrnHP,400000000,1,2022-04-03T20:04:19.756Z,1686.760008
19sqZcJuRsvH83WwmstsQSkKzZmJArwRDz,250000000,1,2022-04-03T20:04:19.770Z,1645.1950075
19oh1HqCZ2KFNgYj2U3CPqPEPoTfMsmyi5,50000000,1,2022-04-03T20:04:00.776Z,210.845001
19t8TeeBx5T19xWGDXNZYdXLY8N5saUNoe,400000000,1,2022-04-03T20:04:18.869Z,1667.319948
19SmyG51vHoE2XdYQ1wHMC9RiitRBCm7ua,100000000,1,2022-04-03T20:04:18.899Z,414.81601
19m7YJ74FP4hwRpVzB1CVzgWj5DWNKfwhm,510010000,1,2022-04-03T20:03:59.870Z,2321.0401331985004
19Mv8i5Pa39ygisD1xGbxUfypAivi9C6GN,300000000,1,2022-04-03T20:03:59.886Z,1271.202027
19r3TaJ1yWrDF4brmYWyP8BngXdVM49BGm,50000000,1,2022-04-03T20:04:18.913Z,206.6535035
19rCVFwT9QeqS9Ghitytt3az8Dh7sgXez,300000000,1,2022-04-03T20:04:19.855Z,1830.6119370000001
19oEdnhyAhjdrLXMJQfVCFrgj1JarjMZx1,100000000,1,2022-04-03T20:03:59.908Z,419.411011
19T5chpRFcVAyuSfCeLHfLXABgwwh3vMGu,400010000,1,2022-04-03T20:04:19.901Z,2666.158692301
19Pe7r8WFzyEMBZVMxgehCQzk36VTVcqz6,400980000,2,2022-04-03T20:04:19.919Z,2307.7882104725995
19mZ7tbApBnSiPCtoN2ypTqFfXikg13PXH,100000000,1,2022-04-03T20:04:00.873Z,416.515991
19qZKr1FY6vxHcexm8SF3WCr5MDy3mL8sQ,410990000,2,2022-04-03T20:04:19.871Z,1714.5557605198
19L6UvS6bW77kDNZatefC9Fie1Rg8YzQmW,300000000,1,2022-04-03T20:03:59.927Z,1963.404054
19sw68W6yDEBQE3xB4kFix6sy338zkzmZb,410000000,1,2022-04-03T20:04:19.025Z,1865.8976384999999
19KNohh3szuJC4cxq2Fig1zNtVRKEyLM5i,200000000,3,2022-04-03T20:04:00.949Z,1281.184154004
19rX3VTwQsefwU1xbVBDzjELF1jqv2PzXu,50000000,1,2022-04-03T20:04:19.040Z,208.4149935
19rsG8y1NyLMAC7PV6nrAHDPn65jhqndVH,10000,1,2022-04-03T20:04:19.088Z,0.06391929930000001
19NyopztJoMW8vxrr5H97Wc64fv2urHxXr,150078974,2,2022-04-03T20:04:00.934Z,680.4340599825292
19SspSUHZzGBFMavW3hZppxZtdo66cNG4F,302157565,2,2022-04-03T20:04:19.103Z,1843.7774844795113
19sH7Kpbyv1GdsT8H2my1vXXpHT36YrCKz,200000000,1,2022-04-03T20:04:19.935Z,1316.156006
19rVeAjH7wgeip9eAs85sPifhkjW6s9ZqT,250000000,3,2022-04-03T20:04:19.158Z,1437.6400347100002
19Rs8JYHxAZ2obTrTxCtNdMLAXR1HUb8Eu,100000000,1,2022-04-03T20:04:19.055Z,438.798004
19Qk7tPJcgEQz3MmMpURkZMoHTC7S8ErCv,100000000,1,2022-04-03T20:04:20.013Z,407.488007
19oLn2ksvp5LX77m8sc9bjsFFNiSG4F3jM,300000000,1,2022-04-03T20:03:59.979Z,1250.1870119999999
19NvzBWjrtmCiUoiNpNwX8kEEZKUpkLAph,300000000,1,2022-04-03T20:04:00.918Z,1817.078979
19RsaeM6CUb4wxFYyte9EYnofQ92cg2ySL,100000000,1,2022-04-03T20:04:19.071Z,426.765015
19oBgS9D9otrGchnZnBkwpTjh9hMTvXxgB,50000000,1,2022-04-03T20:04:00.012Z,208.565506
19SajsmTAVycJuZ8DDLDDx17yn1QQWvLVQ,510000000,1,2022-04-03T20:04:19.176Z,2278.2821235
19kXkP11tuJczbZY9upVsZiBv2yprpZjaT,200000000,1,2022-04-03T20:04:00.963Z,1326.51001
19nnZ3b49Gs9MpiUXc7PFqkRpKJbFpRno5,410000000,1,2022-04-03T20:04:00.993Z,1727.9204
19KCvHzFMYcTFfhGxKYd24wBnaJLTvVex8,300000000,1,2022-04-03T20:04:00.978Z,1239.921021
19LTNLmy4GGJbefLxZ3dcMyaPxWEEsKndz,410000000,1,2022-04-03T20:04:00.029Z,1735.9932754
19Nz7JAhf84x6CPWndd1BmzcLoMyr8ddRa,200000000,1,2022-04-03T20:03:59.995Z,1247.95398
19rQmtYtCQVA1DvHZBaEULhfojYvTvdYkz,400000000,1,2022-04-03T20:04:20.029Z,2505.263916
19sC8Smaq5TmYmszvPDGj1wNhkhjCmeVP9,50000000,1,2022-04-03T20:04:20.073Z,204.774002
19sLhEM2U3PECUg2462XiUdYw29wZXZJy2,400000000,2,2022-04-03T20:04:20.088Z,1682.4840079999997
19sZSJh4xtWbCnMKP2ZqLriGPyKPjby9Fj,700000000,1,2022-04-03T20:04:19.225Z,3045.8609020000004
19m2QHWXfYxM7U9kHX3BrmgrUj94jsqYt5,200000000,1,2022-04-03T20:04:01.047Z,836.177978
19PzUqwfc8orGcLRnk3NYbQ12rKDS5abfY,75000000,1,2022-04-03T20:04:19.190Z,331.04175599999996
19RU55hUYtfWtujonji57A3DNvvsuAxpjo,300000000,1,2022-04-03T20:04:20.154Z,1271.967042
19sY1xtWYfCbxsmC7QCytYCvLDwVJHm6Wh,300000000,1,2022-04-03T20:04:19.241Z,1857.3239130000002
19mMhpiAhGHqyckdQ7kPqVqoyjdC7jmg2J,50000000,1,2022-04-03T20:04:00.166Z,212.115494
19jm4dMkcgBB31Po6F8FS84j2vyPW92b8r,500000000,2,2022-04-03T20:04:00.099Z,2268.91495
19P9RLR7onV3jn5XMEtqTqy1qAHsaxMHeP,50000000,1,2022-04-03T20:04:20.167Z,210.367996
19MEjLBXQxrt9ww378NTyaphzqBKLXYkhJ,510000000,1,2022-04-03T20:04:00.114Z,2191.5363663
19tEA4AchkTWZUqW5XTc22XDurwsev8WGC,401000000,1,2022-04-03T20:04:20.217Z,2302.1690499499996
19qjP9mj9Dp9GTHWNMEDeAz28SMtpajmP2,50000000,2,2022-04-03T20:04:19.255Z,208.505493
19SmJt5JdG2qHicYJ3f9syMg3CXGw5o12R,50000000,1,2022-04-03T20:04:20.122Z,208.1609955
19MFrzemeaUJoQQUvyMX8mfYb5jviurofD,150000000,1,2022-04-03T20:04:01.077Z,625.0935059999999
19RXkRcYGhgASJQWX9856MMAe8jQQznkCn,150000000,1,2022-04-03T20:04:19.289Z,668.971482
19PMaisPFcwmFJQ1GjmgDaMUQvwqi1V8Ba,150000000,1,2022-04-03T20:04:20.137Z,671.9640195000001
19nkoHEpPkGRQehfHN31teeHoF8q2mFCeC,150786619,1,2022-04-03T20:04:00.269Z,679.8893091535219
19Mpau7GpXMbogNfVL8mGoFGFecUTZAgh1,50000000,1,2022-04-03T20:04:00.235Z,208.505493
19sDpNmeBSh3pJY9BJypRy8YiKAfgLfA3Z,400000000,1,2022-04-03T20:04:20.237Z,1672.355956
19oMLCLfA8V6g4cY7Mn8cnWpFMzytHp8AL,50000000,1,2022-04-03T20:04:00.200Z,208.4149935
19rgV2MW5E3K15oS6kL5qtcsG7R2wMFijJ,510000000,1,2022-04-03T20:04:19.308Z,2149.3644
19jTpe1REit1g8V7KqzD8Qr4aHmkAdoiF9,50000000,1,2022-04-03T20:04:00.324Z,206.6535035
19QGw8bDDNioVwE9gCjxL17cYSBSHuNkbP,510000000,1,2022-04-03T20:04:20.300Z,2123.6094611999997
19T5Sti5S6SLuUBcN7fhLhW411S8BchMwG,200000000,1,2022-04-03T20:04:20.323Z,1062.771972
19nfSsF7H8V2cmJDc2CDdmnRvCSuwo4Sjp,300000000,1,2022-04-03T20:04:01.134Z,1254.266967
19osq5fUGPGSd1dogZvDznAssMNGjPmTcw,50000000,1,2022-04-03T20:04:01.169Z,207.4299925
19oh95jDtrGuPmHZ5PvxNWeBXxQYM1Bjca,1034945,3,2022-04-03T20:04:01.236Z,13.171672196269801
19L9F9RDJJb67i6MPR1mH13V8brD7nxPnq,400000000,1,2022-04-03T20:04:01.202Z,2705.184084
19N4L7fu74dtEMhdH9pNX46h1y7F6sZG2w,400000000,1,2022-04-03T20:04:00.356Z,1696.119996
19nhz2kHPAKR6DY57fZdt4VrH6934GoPEB,510980000,2,2022-04-03T20:04:01.252Z,2128.3134108117997
19MqyLM3CawYXAbqGcpzVRNG7osT83EppT,100000000,1,2022-04-03T20:04:00.396Z,416.394012
19LufNzzkduVpRsnkuX339VSUGK6R3kg6i,300000000,1,2022-04-03T20:04:00.437Z,1856.982057
19NparkwSGPVmeKKdbN7G7U3ukDARq6MsN,300000000,1,2022-04-03T20:04:01.265Z,1837.532958
19RnDsKHDh2DqNvaLAzrsqxeHWz3dD7LwP,101980000,2,2022-04-03T20:04:19.462Z,429.90974303869996
19LZB5QkGQXbWB5zAxSDy3p6WkfssvdFbB,400000000,2,2022-04-03T20:04:00.418Z,2432.17212
19ocNPNN95u8zjtGkJwxRpkESAYpmEi7A8,50000000,1,2022-04-03T20:04:01.321Z,207.408005
19KfBSwAfKfUAqNprpK4PLKe9rVJeQJwMd,400000000,1,2022-04-03T20:04:01.385Z,2418.912108
19mi8uF2neZSwpQKkFj1HM1eCH82TSbsGR,100000000,1,2022-04-03T20:04:01.347Z,420.785004
19Ram8iTJTUbKWGWGvCG6xncGgn4L11dot,100000000,1,2022-04-03T20:04:19.512Z,445.980988
19LUJ7o6kWWcJPpyZXDhsHJs6ZufGSHQqx,100000000,1,2022-04-03T20:04:00.520Z,429.713013
19jLwzLgFMqxPkGtpFqwTKt8th6acEPZaR,50000000,1,2022-04-03T20:04:00.550Z,216.076004
19kTx7wfngPrKnsRJXbfc1oQTogkF8gDFR,50000000,1,2022-04-03T20:04:01.415Z,204.774002
19UtbtEFNQuwrMANAMh19cg1ZdF9Zc8F3f,200000000,1,2022-04-03T20:04:18.635Z,843.302002
1A7EwX48sSv59zNPYnQQ8eWDCmCygnmBvD,200000000,1,2022-04-03T20:04:38.028Z,1175.60205
1A1BJC5F4ANGnLFJ3biSJbCSmeiUwsGJn,150000000,1,2022-04-03T20:04:38.824Z,673.516479
19Yt2rNrZ4m2SuLT3GjQCHk7JvH8KaxCsj,300000000,1,2022-04-03T20:04:38.838Z,1249.313964
19y3mHB2KoEPHMnCP42ViqjSKqKpVZu7RK,200000000,1,2022-04-03T20:04:19.605Z,1178.23999
19xgB6FrkA7gWJYsWLk2vwg1ksQ3yLmqBC,300000000,1,2022-04-03T20:04:18.689Z,1908.576051
1A1cQSw453KYBwKhvfucKSxh4FCS2dZNcq,510010000,1,2022-04-03T20:04:38.091Z,2304.6076875000003
19ys8NVaJ8DeCLXBenpTT1koAukZzQ69c7,300000000,1,2022-04-03T20:04:38.937Z,1254.266967
19vatKMPSaLrQuqURM7Kyc6ze8Meswai8Y,100000000,1,2022-04-03T20:04:18.715Z,420.621002
1A1fJrrB8w7KT8Synf11YtkmhvmfZGftv6,150000000,1,2022-04-03T20:04:38.867Z,680.674485
1A7fpNjKkLadfNrwGr4JQEVNjfLYjbsLs9,100000000,1,2022-04-03T20:04:38.077Z,418.040985
19ZVR3h7x1LFxRZaAtUkEtN8MN4HEsKFpy,300000000,1,2022-04-03T20:04:38.883Z,1732.317078
19XffhbCjtJZjKiBDZWF81E8smS9JGinvj,300000000,1,2022-04-03T20:04:19.651Z,1223.121003
19xhezoeCdRfkArdQpXHxJEVxmJTpPk7FF,50000000,1,2022-04-03T20:04:18.743Z,204.774002
19ZKv89zJauTSXq9LwV7S4Epdds4tdBA8L,1142709,1,2022-04-03T20:04:38.961Z,7.12489313885148
19vjZimgehAAM2xU3gNp4kNcPGcmTLd1wY,4962616,1,2022-04-03T20:04:18.761Z,30.625344095827526
19yYZ15icVDvY6S5L2cGMqutVnR7Pn4YtD,300000000,1,2022-04-03T20:04:39.025Z,1231.332
1A4wHXzGdnrjJ2b52UhxPtuGFBmFTTM2Ut,300000000,1,2022-04-03T20:04:38.152Z,1254.1229549999998
1A68HLfNHnrot64JxTuqST8qtUbLL8CyTu,50000000,1,2022-04-03T20:04:38.996Z,218.873993
1A6VhCUwBKQMZzkqd7jxqAZajDKDDMAded,50000000,1,2022-04-03T20:04:39.011Z,207.4299925
1A5Tnx5Z7usW3sUJMYtVWM5qtFhPzyrEpE,1002563,12,2022-04-03T20:04:38.184Z,73.41215181578123
19TW2hTh8RtXgmTw2w3nPEfLQM52SyWrYV,400000000,1,2022-04-03T20:04:18.830Z,1638.192016
19UZvVJUcpcvEk2HjESxsqRy8nEHRr1mbq,50000000,1,2022-04-03T20:04:19.683Z,208.505493
19WB6urs37Fgs5KC2nA1Nt52Wqj2cb1kPF,1000201,5,2022-04-03T20:04:18.851Z,33.6620656154809
19ynDQ1m9nwLjyPXULA1QAXPvZ1SndXdZj,250000000,1,2022-04-03T20:04:18.882Z,1645.1950075
1A6CnWbjGPLgdUkjzsQGjJF5NM1U9QVLoK,100000000,1,2022-04-03T20:04:39.085Z,416.394012
1A3bhhV29mP7g6ZsvcMrkLYdmEVBhoYea5,510000000,1,2022-04-03T20:04:39.055Z,2159.4062694
19tYgMyCmH9dxkgfkhRV57U7NGQK4KYFhX,300000000,1,2022-04-03T20:04:19.790Z,1791.446961
1A5ktUEzeLd9GpDUbivuN6m4kKoZDJp6hp,50000000,1,2022-04-03T20:04:39.071Z,218.8484955
19ZMkT1RhzdyuP31t3Q8jukyDRdGnWMk5c,300000000,1,2022-04-03T20:04:39.101Z,1910.358033
19XvpNLEeeCsZ8P6ufF94aKo2hpAkDCxLE,100000000,1,2022-04-03T20:04:19.741Z,411.623993
19wb6VwwLpTR3VMzQ4MrmJNjD3iigwpYys,400000000,1,2022-04-03T20:04:18.946Z,2660.048096
1A7ranPepaK7DYererDGeaaXbukBYdqA7A,100010000,1,2022-04-03T20:04:39.134Z,424.3244412013
1A6SqHdEvGfuKVN7wvHeAUE9mzevr1BQ1A,550000000,1,2022-04-03T20:04:38.324Z,3353.5424175000003
19Upacrf25ewg29CGz8ejXPmqtr6Mt83wF,50000000,1,2022-04-03T20:04:19.841Z,204.774002
19uzA4cR4UYJ3LEhX3xx3aj3TrzDkf17zF,300000000,1,2022-04-03T20:04:18.929Z,1839.062988
1A6iDDrjFWB64gHW9jC5x1ycS1zZ2KoidW,100000000,1,2022-04-03T20:04:39.118Z,429.713013
19VanwcyQt8N7EaakBVgyyFKDaXFXJuPTU,100000000,1,2022-04-03T20:04:19.816Z,420.735992
1A2QhiiLNAnDpSio1PN7CTyeM2wYS9psPu,100000000,1,2022-04-03T20:04:39.178Z,437.164001
19vuetwpfPmD9EE1Bru7NZbrLQiyCw57JY,400000000,1,2022-04-03T20:04:18.985Z,1696.923952
1A1kDhQfhPw9YnyYQMKdJu2DXzTxPSZxqf,50000000,1,2022-04-03T20:04:39.195Z,210.310501
19VXBrmDVA5sVz3ssqJvW8e3pH3vPPYCGH,370000,1,2022-04-03T20:04:19.008Z,1.534819237
19W2TZF9q8LsDW8w8gbB6CtViYPB3nUgNC,400000000,1,2022-04-03T20:04:19.885Z,2562.248048
19wtfz9gbgk86tCG25gVCcBJZy5inJtcos,100000000,1,2022-04-03T20:04:19.949Z,424.954987
1A1mcH1PRB2wkpQ4BL3WbZsSyWeD9QkZt5,410000000,1,2022-04-03T20:04:39.241Z,1738.5229958999998
19xZ1q44Fh8THuQzB2sERhJLRZ6VW6WvuR,250000000,1,2022-04-03T20:04:19.142Z,1437.607575
19vAnKHQ1MYwRRjFBMFLWzSYgNaySNDh4J,400000000,1,2022-04-03T20:04:19.979Z,2422.771972
19XyYJCpsfgkC8yhYUKWTPbiht3GSsT2hM,1000564,3,2022-04-03T20:04:19.997Z,12.451498986889199
19Y4N5rPL6yJKcGN23qRKtZ84fh9KypfsH,400000000,1,2022-04-03T20:04:19.124Z,1740.491944
19TKPmLu8i64dcnfYsftQwDMqK24fNGtuW,1000814,4,2022-04-03T20:04:19.965Z,16.88133030646512
1A2Xz6YpDXEvMA9zihLKS1HFqj7gmdbMsW,50010000,2,2022-04-03T20:04:39.386Z,208.5471940986
1A4TzaMzfepEGvbZKE2E4Vs2uH8vKe49ED,200000000,1,2022-04-03T20:04:39.322Z,1367.323974
1A13cc4DY6C5nEYPvNefyXyhbLp2kbSZZ1,400000000,1,2022-04-03T20:04:39.359Z,1893.855956
1A6fbHe7YSwMS9nNkjJMaqJsjNFC8gymsr,50000000,1,2022-04-03T20:04:39.417Z,210.310501
19wf8fM7QgMvzHY5GC1pRUF5TfcrJk9Pnt,300000000,1,2022-04-03T20:04:20.059Z,1254.1229549999998
19TK7rXKG9oHuu6kNP65pvZ6UQ8uM8Eidj,50000000,2,2022-04-03T20:04:20.044Z,210.39146977199138
1A7h86dhc5vuQj4N5KbWzaeP81hHTK7NTv,300000000,1,2022-04-03T20:04:39.432Z,1271.202027
1A4dMpfqgTTNSWUKier3t9aMajHr57yc7W,200000000,1,2022-04-03T20:04:38.473Z,1139.894042
19zk22XMkD9yVNS6aTupt3gmuYi7aB4qUz,300000000,1,2022-04-03T20:04:39.401Z,2028.8880629999999
1A5DfD5kXTTWVwJUqApTPwoXqwnarXdQHf,201967000,2,2022-04-03T20:04:39.308Z,1342.887890471428
1A5aJFjp7marmczndAGqbYCctREXoLwYwf,510000000,1,2022-04-03T20:04:39.476Z,2159.4062694
1A3aJ5Xj2U3NhLHGBTSKcscjqroisYTutF,410000000,2,2022-04-03T20:04:38.503Z,1713.6359631
1A1TTCnrccqULoDMtjtrGMUTtLjV8j6zVT,250000000,1,2022-04-03T20:04:39.461Z,1599.7250374999999
19WYtntWKkoZyLVKENXUUYDySTwQAM843X,50000000,1,2022-04-03T20:04:19.205Z,218.8484955
19Uqor4kZp2DUdr11WSjcg7gtNQ1kaRJjA,410030000,4,2022-04-03T20:04:20.108Z,1707.3403674035997
19yT4B4JTL372Ef4QiEGb6sJuCLMKmLzmq,150000000,1,2022-04-03T20:04:39.447Z,680.0760045
1A4HGWaaRUhTGnKCSzdVysYwKKYG2uqj7L,410000000,1,2022-04-03T20:04:38.517Z,1713.6359630999998
1A7ZFnGJFPNCLSnjiMfs3D1hpzesxtzsiv,510000000,1,2022-04-03T20:04:38.613Z,2132.0090235
19vjvHge6gmu3T21BUJKohQji3nu4Qm6ji,400000000,1,2022-04-03T20:04:20.184Z,1672.16394
19Vn4G7v2zUB8pWLRzMEojaNv87ZFGoJT9,50000000,1,2022-04-03T20:04:20.201Z,208.364502
1A4gemYhncwf78krmXxPgUK7fNV836GNGR,400000000,2,2022-04-03T20:04:38.552Z,2426.875976
19TJsaqNcXeLmqDGCedbMUgTnaTJKrKSyL,1312310,3,2022-04-03T20:04:19.271Z,25.046434374878096
19yjJZ8eZgLEy8foB4JcMUeN5KEjbGvaEk,419999580,1,2022-04-03T20:04:19.357Z,1751.9484984497496
19Vu7gAHMNa21Csc4RVcgaffYgSMdXkzz5,410000000,1,2022-04-03T20:04:19.320Z,1713.9680384999997
1A32omqs9ow3GkugKSaqUTYdmXzTEYPuBS,400000000,1,2022-04-03T20:04:39.555Z,2660.048096
1A3qWUs1h8oVGPV5u3CXNiLdyBygiRizJG,400000000,1,2022-04-03T20:04:39.541Z,2300.17212
19voZtkkiDX2L1kPnTjSpa5QeWA5cHQkXW,100000000,1,2022-04-03T20:04:20.276Z,424.230988
19yBXtbZUtBfZoLPX4kXCLd3pd96wKU6Bx,110000000,1,2022-04-03T20:04:19.338Z,656.8638857000001
19XNgDMTgt85dU5xUZGd7iFcwjM4bremKz,300000000,1,2022-04-03T20:04:20.251Z,1837.532958
19wZgY5yBuGdJoADHHQgFTgdat9XBGRiFb,300000000,1,2022-04-03T20:04:19.375Z,1831.307922
1A5aFRiaJ52SF9Ssuyh6eCbR4B6PUdiNKX,50000000,1,2022-04-03T20:04:38.661Z,205.222
19ymd3Ee3RoXS8FnFFsK6sqxUhEZFyVTzU,400000000,1,2022-04-03T20:04:19.392Z,2356.47998
19ZuKR8P4RxtSeGTHSDSWWhFMq79yzs4i,100000000,1,2022-04-03T20:04:39.602Z,420.735992
1A6QcZ3dH14Z3cWYYM4oqSgcKB6GBi9KVr,400980000,2,2022-04-03T20:04:38.690Z,1701.0814156824
1A4KVURpn7BDLd8zeANDw9ciuFVEbAdAap,50000000,1,2022-04-03T20:04:39.586Z,210.310501
19wqjGqbbq4859AMwStvUXZaKYUXdRhCg1,50000000,1,2022-04-03T20:04:19.409Z,208.505493
19XAZwfBpWX8knR9YeuUC9FiWMPB3ZZpDt,50000000,1,2022-04-03T20:04:19.430Z,210.310501
19VgfMxqvswwBjHGeG4MBMp7Bpimg3yUmu,510000000,1,2022-04-03T20:04:19.482Z,2124.2315541
19YGdWKR49GKvzPeZC6ueNGj7DH1pBJ7NJ,250000000,1,2022-04-03T20:04:20.364Z,1430.7574475000001
1A3uJLJqCvmpdyAHCpPhv7rVW6cERRaQWR,550000000,1,2022-04-03T20:04:39.616Z,3519.3950824999997
19yb442cXo5upqGPr28D7h75Vk93u4AYDJ,50000000,1,2022-04-03T20:04:19.497Z,208.197006
1A1CSd3pVq8wQSUCdhMnJMZrEW79Uwdj55,300000000,1,2022-04-03T20:04:38.705Z,1250.1870119999999
19wGDvzJToMVmcYZ1uSDkdU6WZMkYpSDcd,300000000,1,2022-04-03T20:04:20.349Z,1251.032958
1A1xKmdjRgEPmBv7bU2WPpiVfXeMStJRHG,550000000,1,2022-04-03T20:04:39.630Z,3655.0306375
1A3gVPwQHtpNbqsMZ7pEKke6jMoTNfzCry,75000010,1,2022-04-03T20:04:38.749Z,349.5667883588989
19Yu2Ee3iZsBbM8gHwCGqH6MdDgcgLaExr,50000000,1,2022-04-03T20:04:38.780Z,210.367996
1A53JWHMLBAWMo59e6qtppLgKnPgV3f142,400000000,1,2022-04-03T20:04:39.679Z,2326.58008
19WxycXH6K8TAZ8QBgnX8Rxo9PUU7KkfEa,300000000,1,2022-04-03T20:04:19.526Z,1264.953003
19yGdGPDa26fxfqraUTRwtZb7AgsUsX4cT,5000000000,4,2022-04-03T20:04:20.379Z,84338.0004
19wTNtX2PL53h3eoC6mEQz2gyFwVYYgM1z,100000000,1,2022-04-03T20:04:20.417Z,665.012024
1ADmujHgYjdsW26c23fN9X2wR9aMNBSXB6,50000000,1,2022-04-03T20:04:38.807Z,205.222
1ACAco5zPbyUaTQU4oK5WXMmL8RybFWv3w,50000000,1,2022-04-03T20:04:38.854Z,211.241501
1AiEePqioj9T6mdhzZzXgdBG6itdnvrjQE,50000000,1,2022-04-03T20:05:03.244Z,212.115494
1AgfXu66q4hU3Rgrp3tHp25zrCpqSixa5E,100000000,1,2022-04-03T20:05:03.260Z,418.088989
1AioU8onKpooCBQsWGLGuUFaRxLf6WZpzq,400000000,1,2022-04-03T20:05:02.283Z,2297.271972
1AGAgttPcfwFSxxThumvkv3o7bJLTRb1D4,150000000,1,2022-04-03T20:05:02.306Z,664.0139925
1AE4TJB9dJGpZ7wZe3jd9EtvvFJdXjFWT7,300000000,1,2022-04-03T20:04:38.903Z,1250.489961
1Ai8MWs8NPfxhMj6PnK7KC66b5uzdXPuj7,150000000,1,2022-04-03T20:05:02.324Z,666.2324985
1Adny1T6qkKbbBhugjpaJoa2w9Ya7hr3Uh,100000000,1,2022-04-03T20:04:38.106Z,416.394012
1Abec1qiYnrpoeMGeX8iHiktTtWtBAQVRs,50000000,1,2022-04-03T20:04:38.122Z,208.505493
1AbWX6tVRjW2Ba3HbWBEskP6ufBaQqfUYn,700000000,1,2022-04-03T20:04:38.136Z,4554.333133
1Ag6NRgY9uf1PtuWQ71sQauqxDtBtRXBjY,400000000,2,2022-04-03T20:05:03.313Z,1750.787964
1Aj4NTmpyyWBdwuP66mh2w9FSAzBcNYRTm,550000000,1,2022-04-03T20:05:03.336Z,3657.566132
1AaXPF1T5voumVMHzXSwRna1VuGPRJ3yud,400000000,1,2022-04-03T20:04:38.977Z,2691.456056
1AjqyJx497rzwpnUF9zwX8rXt9wcKKyPL9,500000000,1,2022-04-03T20:05:02.356Z,2656.9299300000002
1AgTQFMatWwDELhgwkG2T7X4MfrFANYzui,400000000,1,2022-04-03T20:05:03.351Z,1682.484008
1ADdfFPbgsnW6fkJTAYMHQDv2NsvmRwaaQ,50000000,1,2022-04-03T20:04:38.165Z,210.310501
1AcjSZr5M6XdwsiDwVJf8BcKys4dDfhL4d,50500000,1,2022-04-03T20:04:38.202Z,210.65116106
1AJmAawGnWUnYX4wSSEsbtpv8qQq7qyk6h,400000000,1,2022-04-03T20:05:03.419Z,2432.17212
1AcVehokf3gSZz499bXU5Ty8JthGVwZwNY,100000000,1,2022-04-03T20:04:39.041Z,424.029999
1Ai5hV5iRroFjZwggjExuHJF5tTrVkfPtt,300000000,1,2022-04-03T20:05:02.423Z,1261.863006
1AEbp7CgMyx9rU9fe7N3UgDjGqpJCJXv2Z,410000000,1,2022-04-03T20:04:38.234Z,1739.3470508
1AbHhXQNuRpqpTx1KMRLPRKLcCDDeuWqJJ,200760000,9,2022-04-03T20:04:38.217Z,844.7679740304001
1AeKdAQ3ToYbJZZsKzQU6wwduWmug48RGq,50000000,1,2022-04-03T20:04:38.250Z,211.186493
1AET5bvzK7tbKyGwNAbUBeVuZgD61vtFzC,50000000,1,2022-04-03T20:04:38.263Z,216.076004
1ACfXJkwg8RrXrUauP9XdgfGFQVEChVRTU,200000000,1,2022-04-03T20:04:38.280Z,1245.722046
1Aj2k5pwe7sNFc3cpXSVm6YTJKpKmBao6r,50000000,1,2022-04-03T20:05:03.481Z,210.845001
1AGpJdAuNaCkkEvXsuUedbZomcMFz4ojgV,1000381,8,2022-04-03T20:05:02.443Z,53.887481310998005
1AfYMM6PfBtZ4R5w5GZVnarqmFR1YoaP43,50000000,1,2022-04-03T20:05:02.462Z,207.408005
1ADhcq3aEhJM86YedzCEzyjpG4HHfjXjQE,510000000,1,2022-04-03T20:04:38.294Z,2115.561651
1AGDXbiAEwhTJwC3ypv8HMJK8TRjEk6Sgh,550000000,1,2022-04-03T20:05:02.496Z,3162.7366650000004
1A94DUhpGgaYqDMdqPVYA7fHHx32M1DD36,320000000,1,2022-04-03T20:04:38.309Z,1332.8511712
1AHJTTiUthF5aA9wBGu84JEgcXSL9aqvL4,300000000,1,2022-04-03T20:05:02.478Z,1261.863006
1Ah5RY7uzJZH48UBG1HdzWCt2Zn6TmgPHj,400000000,1,2022-04-03T20:05:02.534Z,1643.75598
1Aj4wF32CyLo7mekedowqxN7L3ig18C1pr,50000000,1,2022-04-03T20:05:03.503Z,204.774002
1AcYocUmUysJVuFhAZt2UGDSzoaSpgPd9K,300000000,1,2022-04-03T20:04:39.148Z,1254.1229549999998
1AeZykTkGERmbuNTwgZNWSaN7gtjKHoHTH,400000000,1,2022-04-03T20:05:03.535Z,2666.09204
1A9eixCRYZ2yanyw6TXeroLQ7GWgg11eRK,200000000,1,2022-04-03T20:04:38.359Z,1060.079956
1Ag4fGnq3WiPFcYsUi5jan6ve6A82kqSHG,150000000,1,2022-04-03T20:05:03.550Z,636.0449985
1AfZ3W7FkfKgW5R447VTSvmDQbKaCsuyy3,250000000,1,2022-04-03T20:05:03.564Z,1690.7400525
1AhU54H8huR4B1u15bXfmxVtRs6E4a6eo4,300000000,1,2022-04-03T20:05:02.658Z,1898.4840089999998
1ABVu1GdcPZenF4SKtAB25PxpQsxwahMyn,700000000,1,2022-04-03T20:04:39.209Z,2917.809909
1AEn3pWkPN7BUeUiCQkMx9zZtSLKpDX5iG,50000000,1,2022-04-03T20:04:38.340Z,210.310501
1AAyZv2Ny3WrJ1qbfVBy11U9QJGZX7mC6x,100000000,1,2022-04-03T20:04:39.164Z,420.735992
1AHVPdPfqP4jVxSTGTfFBpCRcfpZEtNpec,510000000,1,2022-04-03T20:05:03.586Z,2132.2538439
1ACbuwsUkk7W4Qcfc6kPP4mE9M5qQ18Uic,510000000,1,2022-04-03T20:04:38.373Z,2289.9560285999996
1AAXgMJVDwBBkWH5o6MtWLmx7yREhAxhiA,410000000,1,2022-04-03T20:04:38.389Z,1836.7016532999999
1Aguy4Uj2dfJVaY4V8cWFv7T2BkMKNZA6z,400000000,1,2022-04-03T20:05:03.600Z,2590.635988
1AgLyuuDmTw6incqwxk6TBimuQ9zG5Whsb,100000000,1,2022-04-03T20:05:02.701Z,429.713013
1AfszkHzK8BhP3TrDzD8Po8mJSqc8FYvNE,300000000,1,2022-04-03T20:05:02.687Z,1817.078979
1AbvbhfaWBVX8eQN3NojjbAFboZgQUFdZR,50000000,1,2022-04-03T20:04:39.259Z,210.310501
1AF6PivuTxpvQqPE4jBJzxzeNCVYShcuso,200000000,1,2022-04-03T20:05:02.717Z,834.262024
1ACFChakktNvUVt39dPZYd5AVMRctZqP2h,300000000,1,2022-04-03T20:04:39.224Z,1254.266967
1AJaA8ALqU4ezJuvAG5Aa1R7PgaNCvctat,300000000,1,2022-04-03T20:05:02.730Z,1821.465087
1ADn8p5f1NdK4tZ1VVuoV7h4tKwAitSFDY,1000712,14,2022-04-03T20:04:39.273Z,83.5411553420483
1AbuA2wRbVCbJw1LENZWgkFzo96XPzVCVF,400000000,1,2022-04-03T20:04:38.457Z,2364.216064
1ACJ83c45bxN7GE3iH66K116mGinHGuVaU,200000000,1,2022-04-03T20:04:39.291Z,1310.093994
1AdFtq2C9ymvfUq992Squ7jbAGm9VYorhN,400000000,1,2022-04-03T20:04:38.404Z,2351.2041
1AHHddDAxbRFSc1DzNEDuQLbnftugmSqQ7,100000000,2,2022-04-03T20:05:02.774Z,418.040985
1AjHtnkxSiA8GSji13dNFHRhjXySSsjEGN,5000000000,6,2022-04-03T20:05:03.631Z,130536.89580000001
1AgoeoAvXQze7YZQpc7V9EaHHiuoqRmCka,400000000,1,2022-04-03T20:05:03.656Z,2662.739992
1AAL8AwQJkh436gQUojvxDBUukGM7K4TUu,510000000,1,2022-04-03T20:04:38.420Z,2149.3644
1Acw8AUL4voAb6im6fMU587geXkoWV2Dsy,50000000,1,2022-04-03T20:04:38.440Z,205.222
1AjK646biHDN6LYFLdF4JoxtbBxpNthbGN,200000000,1,2022-04-03T20:05:02.803Z,1220.871948
1ACMsPtwcZA38EW5xwuTQJ7Jr8742iNrZx,50000000,1,2022-04-03T20:04:39.491Z,208.505493
1AJGmG15BLgu6D6dKgueKmpjUSdxSAjPZW,100000000,1,2022-04-03T20:05:03.689Z,437.747986
1AjbWYAH2tDTLNb5aDfxoWCbkX6j6xYBYQ,150000000,1,2022-04-03T20:05:03.704Z,682.6454775
1ABi6YjusiRUUy7UR2crvGgYAtgSMrm5GX,50000000,1,2022-04-03T20:04:38.487Z,338.1480105
1AFNUdWohNkNRxiKBr3mgubgUP3ESuyHtb,50000000,1,2022-04-03T20:05:02.818Z,218.5820005
1A8Hqyo5JuQEZcjsxdiE91EeygWF91dDPb,200000000,1,2022-04-03T20:04:39.506Z,1308.19397
1AiuEdrNZynFnonVrSjyCBHj8SUVE4cjka,50000000,1,2022-04-03T20:05:02.978Z,204.774002
1AezdqhXxbqzz6xA1eiwjB4pKZxUZYv9HN,104970000,5,2022-04-03T20:05:03.736Z,443.7554212515001
1AbenVq1QxvG1o1ojCWCqE7545aC13kg9i,400014027,2,2022-04-03T20:04:38.536Z,1672.414601342487
1AgWLLy1NSUSXGifP2KcwCqUHm7xL8yTLA,510000000,1,2022-04-03T20:05:03.021Z,2132.0090235
1AeaRGMcTs2gYkHSH57Jdos9QaC5S3qrsR,16293369,16,2022-04-03T20:04:39.521Z,1543.5764967884743
1AcdZLxT8xjrtTezPBxCaE6e3was8JPJxX,100000000,1,2022-04-03T20:04:38.577Z,454.765991
1AHqx93YvKQrxy4jGr1iSq42mFdtidyyis,200000000,1,2022-04-03T20:05:02.943Z,1321.534058
1AB6g9wtLz6gs1pxeSYrMq1WuFA9NcBH6e,100000000,1,2022-04-03T20:04:38.592Z,418.040985
1AF98cYU4oDPvNGzdXjRMxwmewMB5GNzgL,300000000,1,2022-04-03T20:05:03.720Z,1827.68097
1AjBsYYxBsYNsY7GfYjtcGD1nX7Nnvn9Ga,200000000,1,2022-04-03T20:05:02.902Z,1245.722046
1AdywM13YGyPCGG99zWG4ZvdY46KzSkVEt,100000000,1,2022-04-03T20:04:38.630Z,414.81601
1ACC7H3PAwZhResf7ZrqDBs9wpK618iGVK,50000000,1,2022-04-03T20:04:38.646Z,209.0444945
1ADXQ4egTwubKeiWj2ZPxzPwCvTqKXg7Hj,410698654,2,2022-04-03T20:04:39.571Z,1741.4484781492133
1AFKGPuZJGWR43445AdezmWz5JSbAPZQ96,50000000,1,2022-04-03T20:05:03.862Z,205.8119965
1AeWfHj7kDruQqDcbdfWKAbGCsorLrY8Bn,200000000,1,2022-04-03T20:05:03.878Z,1245.722046
1AdTby8eazxRCppFnAAZLyZt3VRipZoDQk,300000000,1,2022-04-03T20:04:38.676Z,1913.880066
1AH8MviBhdv1RrBz4YtvNqme1rqLmpmLAz,51480000,2,2022-04-03T20:05:03.922Z,214.3596373776
1AEzv9rAkZLuBCAyFjJmh6b2qzKtzuzQet,200000000,1,2022-04-03T20:05:03.113Z,1330.598022
1AfL7JxkD9parLaTfX5eiXaLDBvMghz6Pn,400000000,1,2022-04-03T20:05:03.100Z,2438.93994
1Aj31WK4cGSbPMopVsnmdweSCMq96N9UgE,50000000,1,2022-04-03T20:05:03.125Z,207.4299925
1AAXGiBP6Pu8jHpfPxfaq6XpVBAuSHf6w8,410000000,1,2022-04-03T20:04:38.720Z,1733.2544795
1AhxN6EXseAU2dB22Nt8LGH1Cuezx33GmP,400000000,1,2022-04-03T20:05:03.155Z,1638.192016
1A9fLjaxBVkWAmwEmmwj3nEQJWqcQ2DvBY,50000000,1,2022-04-03T20:04:38.736Z,208.4149935
1AaFAywg1ZkP9ou72tzRRAfP3zJJvDa46F,100000000,1,2022-04-03T20:04:38.765Z,418.088989
1Agkv6bWdeE7t1UH72vDdFtLsiGkNdgAPU,50000000,3,2022-04-03T20:05:03.983Z,208.505493
1AhhvWZN2JZrh6wfjMstQoDiBb6MGk7K8Y,250000000,1,2022-04-03T20:05:03.221Z,1437.607575
1A86dXBQmHuRY6G7mXnsQsSEmuoDFkiepP,300000000,1,2022-04-03T20:04:39.661Z,1923.2160629999998
1AFHBu6PHzNcAwNFS6cSPhwFDJdvczBiz3,400000000,1,2022-04-03T20:05:03.198Z,1653.228028
1AARJ3tCb1EE4ggkLwSabtA5Dd3LwHLzfZ,50000000,1,2022-04-03T20:04:39.693Z,206.6535035
1ADxWsaCd2ncetvCvTFSxwiyZKE62dAxg5,50000000,1,2022-04-03T20:04:38.794Z,210.392502
1AtnW1NE7F6eGXywRcKnPRHRSd81R3kZPc,200000000,1,2022-04-03T20:05:21.338Z,1245.722046
1ARDjVEqbHUDhC31o5jaeCL7Uw16X8u8iT,200000000,1,2022-04-03T20:05:21.234Z,1221.368042
1AsDx5f5W7LQCP9Dj9mRbzcQ2gCDuPmPGS,400000000,1,2022-04-03T20:05:22.153Z,2151.88794
1AJUBQkexvn6MmaAB4RWMaP2nKDmAzEtp2,300000000,1,2022-04-03T20:05:03.271Z,1733.282958
1ArSj4fHpRZHPrVtc91FU3W8b4FPTYBdhD,200000000,1,2022-04-03T20:05:21.355Z,1331.369996
1AKV4gj8qjqNrUtqMNdZUhkrMJivGgYNJp,400000000,1,2022-04-03T20:05:02.232Z,2364.216064
1AKj1NhXaQTShRUMGjHV2yCNHou9oeBnqd,50000000,1,2022-04-03T20:05:03.286Z,208.4149935
1ArHNcWbwNCStHbzb4unqX4AxxPH4cGLfw,200000000,1,2022-04-03T20:05:22.137Z,1316.156006
1AkuXi2gvTGmfXLrTKeDHgvMSSHYMabsfh,100000000,1,2022-04-03T20:05:03.299Z,622.861023
1AUa5naJXGY7dRWkwaYTt3RayRhJjTT1KR,400000000,1,2022-04-03T20:05:22.199Z,1657.284056
1AQMTU3yTggfyGMK9F2FkrVZjkE8NJBXiz,400000000,1,2022-04-03T20:05:21.424Z,2427.892088
1As3GomFqBA5fRHnJdKbM92LikXwSZxSiu,150000000,2,2022-04-03T20:05:22.225Z,622.224015
1AncpmyNnpBBMM3gPdC8acgcQ8PzxGEcFD,300000000,1,2022-04-03T20:05:02.341Z,1850.256042
1AshmMVRJ3SMZwonDx1XuiERbMmAvmBXHe,50000000,1,2022-04-03T20:05:22.277Z,208.588501
1AQPS1V74552EHwnfVDwd1pMJSErGDMgUz,400000000,1,2022-04-03T20:05:22.292Z,1740.491944
1ArumzvaWAbS7Wx4Z4eWk96jybHDjSRArD,300000000,1,2022-04-03T20:05:22.240Z,1343.9280390000001
1ANrwbjRhwC72QtDKs1NCnHkRwoNcqtz1e,150000000,1,2022-04-03T20:05:03.367Z,682.6454775
1ARZxd5s4JWWxQzj9gM5J5EDaDc7yobfhs,100000000,1,2022-04-03T20:05:22.366Z,414.81601
1AjzrMdNaz7Bdxb26DWFQ9t6qGHp4xERku,50000000,1,2022-04-03T20:05:02.390Z,210.310501
1AoK6YUoAAm5inktj31pGrrXsSP1JtdzhM,200000000,1,2022-04-03T20:05:03.401Z,1163.394042
1ARMJ2hRjgyu9EnHuhMJ2NKnDnC4xBdzr1,410000000,1,2022-04-03T20:05:22.381Z,1707.7155630999998
1ARE9ZvQQNh4JXoB4G9mmAU3GPpbXm8QNt,400000000,1,2022-04-03T20:05:21.513Z,2440.815916
1ALNQE9AuzgqLLCW2QVRsb34Vf8hZtndpz,100000000,2,2022-04-03T20:05:02.375Z,437.164001
1ApPQkZeVDe1nzamVJcXEgjQGJpStfBHkh,300000000,1,2022-04-03T20:05:02.406Z,1254.266967
1ALNiymoeybu32GnZwatrGindL9xryKU93,300000000,1,2022-04-03T20:05:03.434Z,1892.5709849999998
1ANkY45rMAbVqsPbvXGdsuxLEiyzddm7Kv,410000000,1,2022-04-03T20:05:03.384Z,1725.5792426
1ALB9ZxcHM1RJ9YV7iRXANL63SRjy3ShsA,50000000,1,2022-04-03T20:05:03.465Z,208.4149935
1AUqqgDHe982HsermAgJDhUBTLHeWp8npP,400000000,1,2022-04-03T20:05:21.564Z,2691.456056
1AsJi3BKmgei3HzVQ836ivMHth9L5QnHh5,50000000,1,2022-04-03T20:05:21.592Z,216.076004
1AtKrptPURs9Xct77x3QFJdq3C98p8atj4,550000000,1,2022-04-03T20:05:22.443Z,3147.6663845000003
1AqzM8io5D4hbuNZJBSsiakVPUBEurgzm8,100000000,1,2022-04-03T20:05:22.456Z,418.040985
1AoW77J7JB8QV7b71ZmyEY1R5Bg3XHazwf,100000000,1,2022-04-03T20:05:03.448Z,435.509003
1AuBXBxsPKHFReaVsU2CX3amej6xi59XBs,50000000,1,2022-04-03T20:05:21.661Z,208.565506
1AMV3VtAqyt5p3x37vudJCaxs4c4JSQGde,1001094,1,2022-04-03T20:05:02.565Z,4.14774281189316
1As7uyd5RZheT4ziC5a4eTwHLVXWrdRWQq,100000000,1,2022-04-03T20:05:22.539Z,424.029999
1Ajt6kxWz43oapibce8KCvs8yNc2B16qM5,400000000,1,2022-04-03T20:05:03.520Z,1653.228028
1ARqNZmnEH8NaSAzCjXPMqBJu3g32xJGV2,252610689,1,2022-04-03T20:05:21.677Z,1558.9135393326972
1ARiae1pUWNv5phDW2LFxRTdD3Di8FC2uo,50000000,1,2022-04-03T20:05:22.567Z,204.774002
1AjxCSfAwpgTCLcGbKxCZTVZ7AxDo2CUFb,51990000,3,2022-04-03T20:05:02.581Z,220.7204287194
1AU9qejrLgqXWu1KSJiSxCjZ9PY7kPjGZ1,200000000,1,2022-04-03T20:05:21.729Z,829.71997
1ANgJWMsJcQQ4gCZ69HNbjHu3jN6b6RdMy,410000001,1,2022-04-03T20:05:02.620Z,1823.14292904669
1ANhV7R3tdte1PJMRzjEJAJJ2bCJE59Q4N,200080000,6,2022-04-03T20:05:02.599Z,1327.040614004
1ATwqDw4ToN7x4hYSFvLU1crBA4bXtz7BG,300000000,1,2022-04-03T20:05:22.579Z,1910.358033
1ASV8Uoc2JoWv9WzbCeuBA8PFaY7nSQb3G,150000000,1,2022-04-03T20:05:21.746Z,710.1959835
1AkCnUSHJCRhNACd3xromWLFdbHKMgTpoi,400000000,1,2022-04-03T20:05:02.636Z,2475.976076
1ARq4qKVcpcqHMB14jyTZWdaMLXbHz2bGW,410000000,2,2022-04-03T20:05:22.596Z,1710.4257082
1ArpHyA1CCd1CYuaiec5kBSP31TmyKJYtV,100000000,1,2022-04-03T20:05:21.776Z,414.81601
1aonJk1j2y93Qp9kJzNp4iNJysFBcrueD,50000000,1,2022-04-03T20:05:02.673Z,204.774002
1AmtLPnE9hsZQ8vxnZh89ufANp8JsBJ3sL,100000000,1,2022-04-03T20:05:03.614Z,416.729004
1At6R7NBkAPe2wdSPEUmAYDrkxxMwTteQZ,400000000,1,2022-04-03T20:05:21.827Z,2662.739992
1ALDPu4SMSTTL9MZVZs1monC9dBh5CTdex,300000000,1,2022-04-03T20:05:03.676Z,1829.622069
1AMmXj6sDpaL9wWHxJj5ZuWousrGk491sv,410000000,1,2022-04-03T20:05:02.746Z,1700.745641
1AuHsrxk2GcnNaEzWrrzPtBgRaqBmU944Z,200000000,2,2022-04-03T20:05:21.845Z,824.91098
1AnJTWQSPihM7c2LCfeb4keVkmNFGyG6WY,150000000,1,2022-04-03T20:05:02.789Z,668.971482
1ArhMVz4iR5VouAB4Lxq8ipXaLVodDXUi1,100000000,1,2022-04-03T20:05:21.862Z,420.735992
1ATjKtg1CKzT48RoFkdWWBsfZNr8qsENBg,400000000,1,2022-04-03T20:05:21.875Z,2468.483888
1AN52aDiLLFutandmgEq7e8cmZYN7kKfhd,250000000,1,2022-04-03T20:05:02.760Z,1661.3775624999998
1ARZVVNCE7kwyPLSWYn5by3mKYuWr2VGc6,300000000,1,2022-04-03T20:05:21.909Z,1817.078979
1AmAET5NZXgj4QtqNFKgjD1AaETZuAfowr,250000000,1,2022-04-03T20:05:02.836Z,1636.170045
1ATAhf76w7J3fLghTuLx61RKS1wvoeDZVG,150000000,1,2022-04-03T20:05:22.639Z,630.5234985
1Aqp3dbcfuxVPjAS3rCoSrL4ngPfVv5zNc,404980000,2,2022-04-03T20:05:22.686Z,1703.4309338995997
1AKCyJsUhXsD1nrCXfTXk6MDrw6KCaQuzi,200000000,1,2022-04-03T20:05:03.006Z,1175.55603
1AJr6JL75BotUJMK8EchQXaQEcaLvuFWzp,200000000,1,2022-04-03T20:05:03.766Z,1252.631958
1AUncuzniWbYGQEsaexgMbK5XLMiw8tGso,400000000,1,2022-04-03T20:05:21.926Z,2300.17212
1Ak6ju9VVHysQuCpkyktrqNVoXHybwVNwu,1070060,1,2022-04-03T20:05:02.870Z,4.6945136861976
1AnT6WCMJbE1MQbAHaJ8LzyH1iqU46r1fZ,50000000,1,2022-04-03T20:05:02.918Z,208.4149935
1Ar1a1mUbjpHbG6onc1P6XTuEto89UjFcr,100000000,1,2022-04-03T20:05:22.719Z,409.548004
1ASqcDoduVDWyNTTNPS5wC9LmFzJZAvU7N,100000000,1,2022-04-03T20:05:21.971Z,424.230988
1AtK7jDVeL3PRHgMWGu3c6wPRcS9ovu7Nn,400000000,1,2022-04-03T20:05:21.942Z,2135.456056
1AoJZjDWsL5CoPuHJ795KxynyQ3Dt4gBwB,510000000,2,2022-04-03T20:05:03.818Z,2299.6418314447906
1ArPpAYteEpQNeC8BrL5mgfvaSpQiQrW8y,410000000,1,2022-04-03T20:05:21.957Z,1700.745641
1Ap48Q2CCFLHNJ1xvug4baQLwUXUpq9Gf1,50000000,2,2022-04-03T20:05:03.802Z,206.6535035
1ArPFzBCAUR2fpEFbTAUKoi7Ng4XKo2TbV,200000000,1,2022-04-03T20:05:22.750Z,1252.631958
1ASbHgytVTxgrMHUCJp3LZRgZWsBqkt1rD,400000000,1,2022-04-03T20:05:22.781Z,1810.911988
1Ao3KN6iCepwCKCQnEcicFyM3ywrhmkbEw,100000000,1,2022-04-03T20:05:03.788Z,414.81601
1APDn1XMk4RoUWiQ2yxXEisYPjxRAj2cZ7,550000000,1,2022-04-03T20:05:03.040Z,3523.091066
1AKzNnDX8CMGqdZCWvrhb53hskeAPNromN,300000000,1,2022-04-03T20:05:03.833Z,1829.2049550000002
1AprRWpbSzPooC61UT8MbvKfn2afVmgNz6,50000000,1,2022-04-03T20:05:22.000Z,210.392502
1AN89VDdj36tzajnJ3isppMXqVrti8dBHX,400000000,2,2022-04-03T20:05:03.055Z,1638.1920159999997
1AjXRGxqBNZGKVmDJfJ1fDVRASwVSwn13a,50000000,1,2022-04-03T20:05:03.070Z,205.222
1AN4CijKEdfi4FAgsnGt3pY61HKGisQZQK,100000000,1,2022-04-03T20:05:03.849Z,452.727997
1ArKXc7NvXM6A86gukRofZK13X4bRGjf12,300000000,1,2022-04-03T20:05:21.985Z,1851.362916
1AQKxVPkxrkqsrhBkgM94oahiThNgqHu6G,300990000,1,2022-04-03T20:05:22.032Z,1732.5887520495
1AMBbJM77Bz2s8GSm1jVyg6dUhqQtNHjPE,200000000,1,2022-04-03T20:05:03.085Z,1144.605958
1AuP934tGjy1iu9DiwWDkPpvySPemp1ie2,200000000,1,2022-04-03T20:05:22.016Z,844.745972
1AJuxt8GoJQe1Q7iHyTMDKsaQp1z62HM3T,410000000,1,2022-04-03T20:05:03.892Z,1710.4257082
1AnMAyvmnLXBGqwbAbnh96BCBjAidi9Vt7,50000000,1,2022-04-03T20:05:03.909Z,208.565506
1AmLBnQ7jbczoddnm26gJQXwJWKMsNCrWo,256268040,1,2022-04-03T20:05:03.939Z,1705.937896948639
1APRwUoe7yCs4ZGnjF24m7aMEDCA5w63Uq,510000000,1,2022-04-03T20:05:22.049Z,2320.9946234999998
1AoDuxQUkc4qbPbQwMmLZ2GQUP8MA9Xc9J,50000000,1,2022-04-03T20:05:03.968Z,207.408005
1ASCvtcdKCPRmWaVsrA15RrSZmyzdwo3nf,410000000,1,2022-04-03T20:05:22.078Z,1707.7155630999998
1AMMNWvcamtxQ1YgBLt3Whabg8utpzZH6H,50000000,1,2022-04-03T20:05:03.140Z,210.367996
1ALAuGFd7MPS67BKJJyzDQCwdbMGB6789,300000000,1,2022-04-03T20:05:03.952Z,1296.456024
1AsTCCj6mXNvMaFGTH3LPYRACphWZLee2B,50000000,1,2022-04-03T20:05:22.840Z,210.722
1AU7GcB3xMXeN1e7ZAbi8Guv641ofxi4JX,100000890,1,2022-04-03T20:05:22.893Z,422.37674511957545
1ApQuiEyZYEyZKaJAo9vudbrgQXLFVV5SU,550000000,1,2022-04-03T20:05:22.120Z,3366.731478
1AmTPLujDo2YxUysrLUgGtcegowWTbRhWd,400000000,1,2022-04-03T20:05:04.001Z,2660.048096
1ANkR6LyqcBvp6GkqMYtS9HyssdXEeCZ19,400000000,1,2022-04-03T20:05:03.168Z,1682.484008
1AL22ADnUEwCPPnbvr96xpkq3ekBstZ1ur,300000000,1,2022-04-03T20:05:04.019Z,1378.808991
1AQsQF5LxmcbLDTeHsbdRhg5KTrG6aCqEa,50000000,1,2022-04-03T20:05:22.871Z,206.9859925
1AX6dUEah61fDtBBntLjbf8wAamis8BRTc,150000000,1,2022-04-03T20:05:21.285Z,673.516479
1AUqzuZ4bu8Mvdzp9w7YBZm3oy1Zwi15cm,400000000,1,2022-04-03T20:05:21.323Z,1668.043944
1AZnbSzbMRrTBrSSBqYkM3m86oGKFnjMzB,200000000,1,2022-04-03T20:05:21.303Z,1311.11206
1B1Dq7GtPwqNryqLcoRVmmmBcP67qBbLS7,410000000,1,2022-04-03T20:05:22.169Z,1713.6359630999998
1AZJfZ2gCRN2cAFqD2HL5bgsrtb37gsPwm,150000000,1,2022-04-03T20:05:22.182Z,630.5234985
1B38W7SnGmFq9SqWLhS6rSM7Ny1zpYxDSL,400000000,1,2022-04-03T20:05:41.487Z,1668.524048
1AzYtvopx7GRYGfZ4rwRhUzepUgXyntboV,50000000,1,2022-04-03T20:05:21.451Z,204.774002
1Azu9XcXv1gnned8sE1m5nhf14z629yHEW,100000000,1,2022-04-03T20:05:22.213Z,416.729004
1B3w7MDtt1DGWahLoq8NzNCMtJexiAei9e,400000000,1,2022-04-03T20:05:41.544Z,1740.491944
1Aws1GfDqRsfsBpZbED6ApGSk6zPQDmL6N,200000000,1,2022-04-03T20:05:21.371Z,1326.51001
1B9VtE4Ni6n46rPFCKuPXqoDattAr7gteu,510000000,1,2022-04-03T20:05:40.510Z,2278.2821235
1B1QM4rnXZLojhicoqCbZKaVy3vkJpmHaU,400000000,1,2022-04-03T20:05:41.510Z,2505.263916
1AUx8Luo7mwRyh51q87dUcdPBYp231JbRu,150000000,1,2022-04-03T20:05:21.408Z,690.724503
1AZtfMh4fz2ZCpekPkSpGbojjbPfstvCqC,50000000,1,2022-04-03T20:05:21.492Z,208.505493
1B9Hvnhqh9McWp2DvHWpXYjrjm8vADXA5b,510000000,1,2022-04-03T20:05:41.574Z,2131.5959540999997
1B6fLBvS1cDyoLiGoVyrNRSMTxLwHcgvPy,100000000,2,2022-04-03T20:05:41.643Z,437.747986
1B2vZoXSRigFGmCx4PZXS7j67LyTyD59qh,100000000,1,2022-04-03T20:05:41.687Z,414.81601
1AV4kxxNj2QrBJ3qN8NVAWASp9WPzJ9cXr,100000000,1,2022-04-03T20:05:21.471Z,416.394012
1B3vjM71oKrzvfJHTTUoJjE19ePP6insJT,100000000,1,2022-04-03T20:05:40.589Z,665.012024
1AX9S53RRzPjbxWBEXsM9Y8bppP9QhBNqe,300000000,1,2022-04-03T20:05:22.306Z,1244.44803
1AvPDy4aXp3nu7kX4qj3G8kPSKTyxuBMhS,410000000,1,2022-04-03T20:05:22.258Z,1737.3094368999998
1AZbjMhiTpTdzVaYdrwiAf35SJ6Th5X4bX,50000000,1,2022-04-03T20:05:22.347Z,211.241501
1AVX2YupaSHVERQK2X5tRBrXhG9dB1qxyv,400000000,1,2022-04-03T20:05:22.396Z,1686.604004
1AXhPZj4vYvcz72zZ1dphK8Sh7sEY73C46,300000000,1,2022-04-03T20:05:21.525Z,1228.644012
1AXwZhBRZSXY1FeJ4m5RHuPrSsu8zT7rNg,150000000,1,2022-04-03T20:05:21.542Z,935.965485
1B65zyhvrMXxPFqAX2G6rGpuq359xbrPiA,250000000,1,2022-04-03T20:05:40.716Z,1601.40503
1B8tGsYFCLgrEPsQan787i4zETeC53ty6g,410000000,1,2022-04-03T20:05:41.735Z,1707.2154491999997
1AZYNUTqhD3i3Kas1ctRCpykJKq1cNuxGo,50000000,1,2022-04-03T20:05:21.611Z,205.222
1AwwERBcvUzUGKoYqCXWUXg8eQZ6Vik9gn,200000000,2,2022-04-03T20:05:22.414Z,829.63202
1AZBqHzGLb29HbBsSof4zFPen3JZn4zqnf,400000000,1,2022-04-03T20:05:21.636Z,2385.191896
1B2ECSgDPeBk9hJFcZTFmukcuFevdRXwcd,50000000,1,2022-04-03T20:05:40.662Z,217.561493
1AzzY9W2VgBi7u81vY3imV3hwZkM5bKF2H,50000000,1,2022-04-03T20:05:21.579Z,210.8255005
1BA212HKtMis7BvEi5MumGvzeCUGx4qSkB,100000000,1,2022-04-03T20:05:40.684Z,418.040985
1AzwGB3qyTdGQdDHBekfNDiBtJLEAAntsw,50000000,1,2022-04-03T20:05:22.427Z,208.218994
1AXEYZiP5VtdKT1pcXwTcXhNNkwumiyqwa,50000000,1,2022-04-03T20:05:22.497Z,208.9799955
1AVcbgn3QJGJkDehF5LhcYhp81UZsZ9dWv,50000000,1,2022-04-03T20:05:22.469Z,189.826996
1B5PNWhnPrLuNvyMekNigPzbEUdEqP7FW4,100000000,1,2022-04-03T20:05:41.770Z,418.088989
1AZ2zsgsAXyF3rHbSTiPKYPTuHAYivtHt6,150000000,1,2022-04-03T20:05:22.523Z,690.724503
1AYzgZitC4zJeJZ7KCWGhcFyucXZVVUpbw,100000000,1,2022-04-03T20:05:22.511Z,417.959991
1AxzfiU2yqtWKiMm5XyLKFEGxKetukaGXt,100000000,1,2022-04-03T20:05:22.553Z,416.729004
1AYdVW39EjmSvgVSWkoY5yCEyHSPjymKoC,50000000,1,2022-04-03T20:05:21.693Z,208.4149935
1AVZHeb1fCk2rN2DRLr8Rv1ckAznRFiLrQ,100000000,1,2022-04-03T20:05:22.482Z,417.945007
1B6xRGwetUYXVS25sif3EcUskEsvGi6pqM,50000000,1,2022-04-03T20:05:40.730Z,210.310501
1AYbJKe4RnxPcHvjSHXRU9dcnaSpAgsSMP,100000000,1,2022-04-03T20:05:21.706Z,414.81601
1B6Au9PRNGsaoyxuMMjnxCuJFPCHvjMtr4,410000000,1,2022-04-03T20:05:40.814Z,1738.5229958999998
1B5awXqAFdseJCD4FkrzRZTvZrQpGHvT5H,100000000,1,2022-04-03T20:05:40.799Z,416.394012
1B4YVK7akb1pu9bjz1dXbiVnhaRiSnZiWs,150000000,1,2022-04-03T20:05:40.845Z,682.1489865
1AWESZMu3Mta1kgxQhLsjE6R3oiWU4mYpD,300000000,1,2022-04-03T20:05:21.761Z,1824.1290900000001
1B5Gtp75ebhSqWjqYkeE8yXHhBY1oiHmfA,300000000,1,2022-04-03T20:05:41.867Z,1261.863006
1AXzKd1huieNscsh6FfrDYoajHti79wRDZ,200000000,1,2022-04-03T20:05:22.609Z,801.140014
1B6gL7fWsWtgnTQ8wVJhe3Lvkkh2h6tFvZ,400000000,1,2022-04-03T20:05:41.901Z,2441.743896
1B5grEkH8ZdhhsPGpBUBtdw8KUDyRMRQ7f,300000000,1,2022-04-03T20:05:41.837Z,1722.953979
1AZHF2GN22fYGMsDEivKndonvXWmDtWaDS,510000000,1,2022-04-03T20:05:21.791Z,2159.4062694
1AYAVMiXStEXCfHyvXNrtSM2qKSCZ6Syxc,50000000,1,2022-04-03T20:05:21.805Z,208.364502
1B41AqWELSPfVi1VVaFxYA6BBKJoEg51eM,500000000,1,2022-04-03T20:05:41.935Z,2270.8149700000004
1B2fiZM6Yr7jt6Yv4d3xLs9qjDjsoPpPaG,200000000,1,2022-04-03T20:05:40.877Z,827.94397
1B7LTzYgv7M4ijaJp7BbxYXCNL1pgfaAfs,50000000,1,2022-04-03T20:05:40.900Z,204.774002
1B4qTydjm4RYnpx3bup9Wt33jtfxeBnUi4,8990066,2,2022-04-03T20:05:40.949Z,109.16727565883828
1AUviwVUcKuDfguXbvgnnix2sa3c5gkKFi,50000000,1,2022-04-03T20:05:22.624Z,207.408005
1AYAJYoV16NGkfsjgqcxmVXbUGfgZB3645,300000000,1,2022-04-03T20:05:22.654Z,1305.368958
1B1r3Yr2UrAcYUmGUH8FewX992Wis2YtQz,100000000,1,2022-04-03T20:05:40.974Z,424.230988
1AYfxEfpQS8KFWnZog1nTqrwxQ7BmgPKxw,50000000,1,2022-04-03T20:05:21.894Z,204.774002
1Ayvh6Qk37G66ZkRmvNYisFgPvgoHcEHVA,200000000,1,2022-04-03T20:05:22.671Z,932.177978
1AvZPzpKXJ4zR3kCafee7SAuyP6YnVGhjX,100000000,1,2022-04-03T20:05:22.703Z,420.735992
1AVh5yazh3dTqQfjaQHesDJpuEtqHQEcsh,410000000,1,2022-04-03T20:05:22.735Z,1710.4257082
1B3RLsoMnaUnZZMkQmSHNffuPxyDZC5zTp,410000000,1,2022-04-03T20:05:41.985Z,1727.9204
1B2DH5Pi9S83C5GGiSiLVjMVi6UhWFa36s,50000000,1,2022-04-03T20:05:41.059Z,218.873993
1B5jL5VrbjKX4CjF9shj1khyqhPK3jrNnQ,50000000,1,2022-04-03T20:05:42.001Z,210.310501
1B6YrvKf5FwEsANSVxCLKkRWq7rmTvNHPR,300000000,1,2022-04-03T20:05:41.107Z,1244.44803
1B7yQDAvA3VEthWHUNj7xP2CpQRVzfUNnL,250000000,1,2022-04-03T20:05:41.148Z,1661.3775624999998
1AyWpbs85cEK3zyUai3vNDAccvp542rfRG,50000000,1,2022-04-03T20:05:22.765Z,206.6535035
1b3Hu7EVLSWHVwzEfCDE8eh72R9ZqFqJg,150000000,1,2022-04-03T20:05:42.065Z,622.224015
1B7QDp94hqdReSAxUK84N3rDCmPy3M9bhh,510000000,1,2022-04-03T20:05:41.134Z,2146.6103592
1B6Aoox77SzpifFbT7swji6VKFkF2SbirC,400000000,1,2022-04-03T20:05:41.166Z,1685.776
1AYHoXc4rYfg5K1SbQWTsgoRv2d2TTDjwL,410000000,1,2022-04-03T20:05:22.798Z,1708.5889163999998
1B1wRP1mXZ71GB5VAuTSCmDUacMg84Mkbg,150000000,1,2022-04-03T20:05:41.199Z,935.965485
1B9P2Vb2CSUqd563CrFLcwPQwabdHtPm7q,400000000,1,2022-04-03T20:05:42.080Z,1668.524048
1B4oXjp5BcPK185f1ZgW76BQZZRfKVqDQf,50000000,1,2022-04-03T20:05:42.130Z,211.241501
1B8YNFzmkzoamfPyjXFQaKZNk5VkrEKubC,100000000,1,2022-04-03T20:05:42.095Z,438.798004
1B2B5aNpmqnVxx2qSy9677fZtXLiR7gpsW,150000000,1,2022-04-03T20:05:41.181Z,645.8579865
1B2z7usJr7jLZuJpMjALVxJ2vKibLfbi2P,150000000,1,2022-04-03T20:05:41.216Z,636.0449985
1AY8rBKfev6bjkG5iMn2itg8r4hTi1S8e7,100000000,1,2022-04-03T20:05:22.825Z,416.729004
1B7YEhcSKSw8xMUwJbi9JeseqSXovWhNcY,1000321,13,2022-04-03T20:05:41.270Z,56.918873925434454
1B4wuXbhNRsf7H6MuqWWWu2FG3jRwVBwQn,400980000,2,2022-04-03T20:05:42.246Z,2285.4128179691998
1B2rPzvfpdvmiEiJuZiAgGm1zzUU4qtzgq,510000000,1,2022-04-03T20:05:42.215Z,2289.9560285999996
1AXKwHNxppLNsb7HP3dpV9pZtAqep7nBRJ,50000000,1,2022-04-03T20:05:22.811Z,210.367996
1AXdzJaT3hwKqXyQjeEPWb8DYDvKr1zp1z,50000000,1,2022-04-03T20:05:22.062Z,209.0204925
1B3athY7qxA89LQ2f2EZqQSvoJRt6v663t,50000000,1,2022-04-03T20:05:41.348Z,214.2955015
1B8nmGEEVQu54QXeEytkSCtKvNkTpE537y,200000000,1,2022-04-03T20:05:41.331Z,1346.212036
1B9NJgmtdP86upvLXo8122U7wtCfmyYuHx,250000000,1,2022-04-03T20:05:41.312Z,1601.40503
1AWGhV6HJ92HU8khAYwXVS1Bn4nAPRBehK,400000000,1,2022-04-03T20:05:22.092Z,2313.156004
1B3SqH89qakaMwdrGx8gt8bb1Y47upjTB2,400000000,1,2022-04-03T20:05:42.275Z,2297.271972
1B15WhoJ5fzJPRmThjHzwaNprFaqbySTsq,100390000,1,2022-04-03T20:05:22.107Z,436.81996564540003
1B3LfHHqfSst93orQh2aJYh4cNZnanBmCh,410000000,1,2022-04-03T20:05:42.360Z,1831.5601385
1AvNZRChJGhJZaeBm3PF7fqKMEYLjxn6xn,250000000,1,2022-04-03T20:05:22.856Z,1468.8975525
1B8BDh4svtv41Z47XmHm1uoxka8wMFzRY5,200000000,1,2022-04-03T20:05:42.395Z,1196.42395
1AyfwJ16K94R1qAnQtpnY9UBkqhFGfb2Nn,50000000,1,2022-04-03T20:05:22.909Z,207.160507
1B2XevaSv6HzH3te2n9twoGNhHHajD8RcW,400000000,1,2022-04-03T20:05:41.437Z,2616.38794
1B2QmyE8qeoBKLBjDF3Mqz76jvibhU91t3,101000000,2,2022-04-03T20:05:41.400Z,421.38049199
1B2syWdTEHCVhiGJCVYBFXkH72Chefuc1k,400000000,1,2022-04-03T20:05:41.467Z,2645.139892
1BJbzSj9sdcSNpV2TJddSbpGRnSxPc7Vuz,50030000,1,2022-04-03T20:05:59.557Z,219.0053173958
1BiWJ1kU31U55L7V8UQDyHaTCjB1XT7EQB,200000000,1,2022-04-03T20:06:00.589Z,1150.94397
1BKg6Gwx75FtFNmNTLUf8GgnhVtZewbnuL,1000048,11,2022-04-03T20:06:00.556Z,48.14898005011249
1BJXD92PBG6GFduhqmhUKgW6bZeWDshWus,200000000,1,2022-04-03T20:05:59.525Z,1175.60205
1BEPv87v3MnB4PooGcGsyd4GSSEycSxuvg,300000000,4,2022-04-03T20:05:41.561Z,1701.7223514026
1BeAHEkRfX4v4zQwDitMsjAjWhyc3cm5PR,400000000,2,2022-04-03T20:05:41.528Z,1740.491944
1BggPKVWyqygBkwVWkLJFGJppCXfhHXa6h,50090000,1,2022-04-03T20:05:59.608Z,219.7939202036
1BGu2ps784xWxQcr1W83KiUnPsiLaSZfz1,50000000,1,2022-04-03T20:05:59.572Z,203.8535005
1BCshnPaCj1XEbjqUvcgSnSbCddzZuH4fi,300000000,1,2022-04-03T20:05:40.561Z,1267.449006
1BFFUtqGPpBF96SaePHuVmm4vFZA5NSUmG,50000000,1,2022-04-03T20:05:59.666Z,208.505493
1BfhLyCWe1kbbQD4zK5Kvizfm8r9FcwTyc,400000000,1,2022-04-03T20:05:59.627Z,2364.216064
1BhHXKqSPZdqxE3PLiiP5nh3owCYS1125d,100000000,1,2022-04-03T20:06:00.621Z,414.81601
1BH3HoibPpcY9th6x6thKssup8kPmsroxv,100000000,1,2022-04-03T20:06:00.606Z,417.177002
1BBPawKCYm5kjnzESZ9CxrHU3jJWKWfgPW,300000000,1,2022-04-03T20:05:40.579Z,1817.078979
1BGyXwMcbpFJ1WyTV6cfZ3tdNmZbrt1vGt,100000000,1,2022-04-03T20:06:00.641Z,418.040985
1BdAFvkutkAEjGqoXeimbfiQ5SjioGgWDc,50000000,1,2022-04-03T20:05:41.658Z,208.1609955
1BdLjJtrrEkgfJuyWJ6Kf1JXLE4xHh6xV6,50000000,1,2022-04-03T20:05:41.590Z,204.774002
1BbDWvpfUPinCSMpSzHvrbvfVNrmUbaSXr,150000000,1,2022-04-03T20:05:41.609Z,635.119491
1BHP9QYRFMfYwL31ig8Juv9BNAdcMxf5n8,1041212,1,2022-04-03T20:05:59.682Z,5.70027155692724
1BcJ9U3M6DG1mcxSrZxqV21HqrDYcLTA5d,400000000,1,2022-04-03T20:05:41.672Z,2441.743896
1Ba54P2KqbjbynfPdAUZ8kJWzADSwQRBuH,50000000,1,2022-04-03T20:05:41.624Z,209.0444945
1BEH4WZSHJghqd2DX8PtqW6ZEytsK6pDCP,50000000,1,2022-04-03T20:05:40.624Z,210.310501
1BiVuFq5HLkZpaTR2kCxkMuDHPwMj3251n,100000000,1,2022-04-03T20:06:00.724Z,414.81601
1BJnQN8Ria8tDyo2cDu8jPFH518JrcnZsL,750000000,1,2022-04-03T20:06:00.709Z,4671.457672500001
1BCtk8ZPG36Ja8JLokC8QFm3QmDbvzBVX6,200000000,1,2022-04-03T20:05:41.703Z,1155.521972
1BA7RX6PChhqJYiX5H4xjgQfx2bgQEtBMb,50980000,2,2022-04-03T20:05:41.717Z,298.53276902740004
1BdpTRgh68Chofi9TDJTbZ5pVFNh52vd98,401993245,2,2022-04-03T20:05:40.643Z,2666.240317224412
1BB6zwG4kBJ89AZaPMNw8ddgik8xivUoa3,50000000,1,2022-04-03T20:05:40.606Z,204.774002
1BgMAj5PrsLSea3hqn3sjWFo4QcsSeCV56,50000000,1,2022-04-03T20:05:59.758Z,204.774002
1BhKq4A2NWQnwm2qkp7hKkAabLNAp5RoE4,200000000,1,2022-04-03T20:06:00.770Z,1146.432006
1BFrLFPaZ82PEm7Ht1vs6G7EvDnt37N8VQ,50000000,1,2022-04-03T20:06:00.754Z,218.8484955
1BaAjYmybVxVXGvdkMqRK6W3k8znFvkstM,200588883,3,2022-04-03T20:05:40.703Z,1162.7154682042187
1Bj15pvBnyffDJ9ssUDD5iEv4GKPFs5sWW,410000000,3,2022-04-03T20:05:59.895Z,1831.5601385
1BdcdfpmeyUEdEHeFXCfPaXR8jf1BjSk4z,50000000,1,2022-04-03T20:05:41.753Z,206.6535035
1Be84485UJYAJcnFJwMoCXZWttNwnVt7nH,300000000,1,2022-04-03T20:05:41.786Z,1251.5310060000002
1Bae4fwR85hFJyKoFB3u9ZBKs3aHRYybD2,150000000,1,2022-04-03T20:05:40.748Z,676.3424835000001
1BbAC1h5WDw8TnfwpVS4C3zBK8nTQNCFmH,200000000,1,2022-04-03T20:05:41.801Z,1182.108032
1BfkQEQc29Q3RDgm1qGefLws5ghStzuP6X,400010000,2,2022-04-03T20:06:00.830Z,1730.1192999011998
1BF3j9fzT6dUAZAvyEFMnvfePuK3JN5vUB,150000000,1,2022-04-03T20:06:00.049Z,626.9399865
1Bf1uHTzMBmw75CeWrSe1LRXUnpSAZv9K4,50000000,1,2022-04-03T20:05:59.982Z,207.4299925
1BBAfkewZDfw4zERPvFzCY9rZUFNDC1avB,50000000,1,2022-04-03T20:05:40.784Z,206.6535035
1Ba4yLtysH9SLQz38WDiGouDjcvRE5u1BG,1491438,1,2022-04-03T20:05:40.827Z,9.072596505532559
1Ba6mozmB7beR6GoFgWFWfK9FeQdSN8gVi,200000000,1,2022-04-03T20:05:40.767Z,1148.21399
1BbeBdAgB26P7kMe6VQki9FnQ1vbqAnCZR,50000000,1,2022-04-03T20:05:41.818Z,210.310501
1BKBYkpXfiqzudsTBQLDu2Xgo6JjoHTPnU,50000000,1,2022-04-03T20:06:00.065Z,210.310501
1BiHtFRrTJ7ZqzajJrELut9duSpqBXwuyw,410000000,1,2022-04-03T20:06:00.873Z,1848.6694549
1BEAPN6WnrJwuzCnuHTUz5Vo4Zc4zrPsHY,23178351,1,2022-04-03T20:05:40.858Z,143.4726063928267
1Bdd98uMB6Jzd5dQEa5AjUVmekMtgQDDX3,200000000,1,2022-04-03T20:05:41.854Z,898.849976
1BH2carws6JUYHNKBjLqjH8gUC9tvSYtJc,100000000,1,2022-04-03T20:06:00.939Z,418.040985
1BaaazxABRmfhjVDedMDAaK8vfU9gQJpAW,155000000,1,2022-04-03T20:05:41.885Z,702.74520465
1BB6QgrtR5q18ncCeoHnW9uBRMKz7d34wW,400000000,1,2022-04-03T20:05:41.920Z,2368.412108
1BBb6RUeiqwUT2GJH1DNeKsru41EznDfRz,400000000,1,2022-04-03T20:05:41.952Z,1653.228028
1BF5RUDrqxyaj2z1UH6cpqhfTi2qUinG6P,100000000,1,2022-04-03T20:06:00.102Z,608.04303
1BAPrxYMkYkSC9en5VssZLEmmC8NfGyPsu,50000000,1,2022-04-03T20:05:40.929Z,204.774002
1BDgUrXzk2kjJZFkoYGhk61DMoUzyNofZA,100000000,1,2022-04-03T20:05:40.916Z,416.394012
1BkaeLaMewymrYBnQDb4owJyLqQqwVHYmH,400000000,1,2022-04-03T20:06:00.122Z,1668.043944
1BDw336SKqy9m8QdhtTTtiVEQKP8DKPSWe,300000000,1,2022-04-03T20:05:41.969Z,1375.608033
1BbPCjHXt8N4w4kQ3ikBFdgaSyAfDrhmiw,50000000,1,2022-04-03T20:05:40.991Z,205.222
1BG3dyfpsFefRAW82W9SrE6mx5zNHUPmtx,300000000,1,2022-04-03T20:06:00.159Z,1824.936036
1BEtGZY1mQUhN2ciCqBycq5zhMeE2WzS7V,10000000,2,2022-04-03T20:06:01.044Z,53.17795981977452
1BJXrjjSjY3jATYpJ9QN9fRReEApEjh6Ji,100000000,1,2022-04-03T20:06:01.030Z,417.177002
1BJRmxcE8NUW2P425us8Gks9hUekc5Gdt8,200000000,1,2022-04-03T20:06:00.177Z,834.262024
1BjtCdhia31fsFRZuj5DXEiBFNKK2oXmU7,410000000,1,2022-04-03T20:06:00.244Z,1879.9976450999998
1BJJhmeY4SK4P7BKNs88wGTE7uUHxBgx6e,200000000,1,2022-04-03T20:06:00.197Z,1156.578002
1BjeTtNb4aPvWETGkweLbCKXCmtcG3iEDw,300000000,1,2022-04-03T20:06:01.074Z,1808.52594
1BJ7Lz1A8NxGC5us8jGJ8Vn3QTchSVjwgH,100000000,1,2022-04-03T20:06:01.060Z,432.152008
1BajZpVRZCb9E8UfKJeYvg9bMjNP8dRigN,400000000,1,2022-04-03T20:05:41.027Z,2268.95996
1Bgo7fW4oF6SwJ1GGj2bYYnkrByFhfhRL5,250000000,1,2022-04-03T20:06:01.136Z,1480.2575675
1BjufL3ZvtQDzorXEVnoF34sLsRK5E3vzB,100000000,1,2022-04-03T20:06:00.213Z,416.321991
1BJQ8a8y4okjqpe66coLhLpjuk9ZwTGQSJ,300000000,1,2022-04-03T20:06:00.230Z,1261.863006
1BdMmKXoet2xYHNS4yP8XtWJ3WyagxgkHb,100000000,1,2022-04-03T20:05:42.032Z,418.088989
1bCMTC54U8abzqVaZcRBn41t14SZBosRY,410000000,1,2022-04-03T20:05:41.077Z,1713.9680384999997
1BfmDA4mzytbdAN5ixRXHYAoXvsiiUwCiM,53270000,1,2022-04-03T20:06:01.191Z,230.9275797346
1BgSZRc3bPD8JfhrcXLSyLqBxaLT8UyTqZ,200000000,1,2022-04-03T20:06:00.332Z,1346.67395
1BiqzT3E383Ubd2k1auMXeqjb9Q52LPuYr,400000000,1,2022-04-03T20:06:00.294Z,2301.88794
1BFmL915ecaboHYZShGW7mamM4f7WHqmAk,150000000,1,2022-04-03T20:06:00.313Z,632.166
1BBmAsZGEQfE8fddztubWjATBX3hNSYPfE,300000000,1,2022-04-03T20:05:42.110Z,1254.1229549999998
1Bjqrj7p9mT6HUKPa7YojjHkq7qiuDCQMC,300300000,2,2022-04-03T20:06:00.352Z,1724.676932979
1BdcM6ZkMx2MJyopfvYguAcEWBUPyY8j7d,1076409,1,2022-04-03T20:05:42.145Z,6.90055693052589
1BAH7eqyEymhyaipS5hNSkxs8zS4zK8hkx,400000000,1,2022-04-03T20:05:42.191Z,1686.760008
1BgRb5VQ4aetvqmVCsTUBkEJ3sg9Y6QmZL,550000550,2,2022-04-03T20:06:01.246Z,3177.688600685423
1BBzM5zZczstpNtNfjRYvRVqxHkBvT5g89,410000000,1,2022-04-03T20:05:41.252Z,1710.4257082
1BdbVK5ofRobHrJvVg5aYZc4w9mvDP77iW,300000000,1,2022-04-03T20:05:41.234Z,1856.982057
1BjxmmiPodBQmvoMvRLfY1yAwRo1E64JTC,50000000,1,2022-04-03T20:06:00.441Z,210.310501
1BDS8bR5w7G8FmnAhWkvdTPUSnmW4KU5bw,50000000,1,2022-04-03T20:05:42.259Z,211.186493
1BCyqiQYwmC75CkrnsvKJBz7B4WDnUpkDH,100000000,1,2022-04-03T20:05:42.230Z,418.040985
1BJwV3x5U7QpDt5KNnxKs8gBk7KP9MGwTv,410000000,1,2022-04-03T20:06:01.276Z,1735.9932754
1BcWuWf4YZTbKb4s3jieWr7qYJPeg3aika,250980000,2,2022-04-03T20:05:41.365Z,1475.2630125449998
1Bgxo6VLrRojD6dAEBEpV6mgtsrSqhTbGR,3706274,1,2022-04-03T20:06:00.459Z,22.543151461627936
1Bk2vGUnxQmqEr7RRrJPEHB8NX1cpfYp8s,200000000,1,2022-04-03T20:06:00.483Z,1212.543946
1BDP984DEogJRMAHCmU6Z8Zkbx3ceAmwks,410000000,1,2022-04-03T20:05:42.332Z,1713.5745286999997
1Bi8VWVUH8PYkt2rEDdK5FUPktP9qVN1TB,410000000,1,2022-04-03T20:06:01.306Z,1848.6694549
1BAi9bB9PKpNiGMhqVVhYo4D2ioj7hGfpA,400007570,2,2022-04-03T20:05:42.295Z,2440.8625698426104
1BB8oWpGrcL6YMVL5HJx1apBvGWuVCqJnS,1000291,8,2022-04-03T20:05:42.378Z,48.98489013614688
1Bc3PUuMejCnHin9TXWfRzScXQ2pYVR165,400000000,1,2022-04-03T20:05:41.381Z,2356.47998
1BgaNMjttxe2dh65det8qZWBqU7E7H9eXD,400000000,1,2022-04-03T20:06:00.501Z,2411.36792
1BaVZuSrVYwjideCVxhtUCjwPw3dVg7eWT,50000000,1,2022-04-03T20:05:41.452Z,203.7440035
1BHwiZVPiNiSy4mFRjxDC4w79vGqt93wVX,400000000,1,2022-04-03T20:06:00.522Z,2309.756104
1BK6ETAj958ZFEqs1jcKYuh5dKyN1Juw7y,400000000,1,2022-04-03T20:06:00.540Z,1668.524048
1BE2YG9ix86ZaVtJbADKoDN6HYbXF28sFJ,300000000,1,2022-04-03T20:05:41.420Z,1251.032958
1Bmp99DdYtmKfPpucKvat1bD6EPMnsJvhm,100050300,1,2022-04-03T20:05:59.544Z,423.625970735982
1BoENqcPy7u8V4JZebRdhkmnDrQQtdnTG1,400000000,1,2022-04-03T20:05:59.509Z,2368.412108
1BSXPsnLot88N4kuvus7b6dB4tZH1AHGvv,250000000,1,2022-04-03T20:06:18.756Z,1664.2124949999998
1BmxhBoiMELyJdnAL27dYvYRjvESw1hyHN,200000000,1,2022-04-03T20:06:00.573Z,1281.124024
1BkzWFnZLSABSiz1GBnFqwDqTYbcHVM1R8,150000000,1,2022-04-03T20:05:59.468Z,690.724503
1BrBTvvfuWEmaLb95qn84N8UhLQaEJ9WYB,100000000,1,2022-04-03T20:06:19.523Z,418.040985
1BndvUvPF82vCBsgDfRaNkZWzUJQNNBEm1,50000000,1,2022-04-03T20:05:59.591Z,206.6535035
1BS7JT12m7yAo5s9qcFLH2WwCxa2zMBuwS,200000000,1,2022-04-03T20:06:19.535Z,1301.238038
1BMENw5uuvRtLjRgUyQNFWyk6Rh9a74re2,75000000,1,2022-04-03T20:05:59.649Z,337.068741
1BTHHvPkk3ZVddWpDueqcXvEiRjninSnWT,300000000,1,2022-04-03T20:06:18.787Z,1254.1229549999998
1BRwuuhHkb6A7icX4imq1EKt87N7PNMhho,300000000,1,2022-04-03T20:06:19.603Z,1381.449006
1BUNyFLAeTBTH6u7nV9E7pcEvKeatZMzp2,100000000,1,2022-04-03T20:06:19.585Z,420.735992
1BTvxBExMi3yEUFP5UgHcXdeSeG7WLHJtd,410006783,3,2022-04-03T20:06:19.620Z,1837.6083770920259
1BnNGZ4DBZ4ft96Nmo5uWuRVhXEkaw5t6y,400090001,1,2022-04-03T20:06:00.672Z,1779.14827075767
1BMjQCNU3wzpfZE62PDaYdLV5hsAShXyX9,200000000,1,2022-04-03T20:06:00.691Z,1218.482056
1Bpkq38UJktW5dP5fXQi1LqgRYniRHW3P,200000000,1,2022-04-03T20:06:00.653Z,832.643982
1BouhraF9SBmW3Eak3MZaEh7xeWkkWuq1u,100000000,1,2022-04-03T20:05:59.738Z,424.029999
1BtQmstbndy5r4pBddwrd66k6q9HLckocA,300040390,2,2022-04-03T20:06:19.635Z,1347.2143135372453
1BsLJ7cT9bjVHB6tbiKTAfxvGT1SMZTYkf,510000000,1,2022-04-03T20:06:19.648Z,2127.6027102
1bt71dipJGFt4GwJ4DCY78HjHLNF2Ukg5,100000000,1,2022-04-03T20:06:19.675Z,416.394012
1BmHSu9rWfhAt2yShnuh4e8hmMdvN74Lvv,410000000,1,2022-04-03T20:05:59.700Z,1852.6874999999998
1BPvuQawYKhhnq8kjPNjYaGkEnSd5HLt2S,400000000,1,2022-04-03T20:06:00.741Z,2289.211916
1BoKChWfDqBU6TDxiVui2yEjLnh6hVC5Lh,300000000,1,2022-04-03T20:05:59.718Z,1827.7230840000002
1BsfpmvYuGe8Djx9c3wyGccBYx1dECtUGG,99990000,1,2022-04-03T20:06:18.863Z,416.78830400130005
1Bu21boPwLJYxECz3TcEHsHk7tVgwTnZzQ,200000000,1,2022-04-03T20:06:19.743Z,1216.485962
1btsQtX8q1TEqKVyFKbz76MKZtsBMTqkL,200000000,1,2022-04-03T20:06:19.698Z,1144.605958
1BLDHZRbdsT55BknubodiXE9FDHL5En2U1,50000000,1,2022-04-03T20:05:59.813Z,218.873993
1BLR8oPVoUqx28iABMeLAVJWnr1up2wsKK,50000000,1,2022-04-03T20:05:59.850Z,208.505493
1BSxpehZBYYe9FKdpUFz3ubesJ5TY3jZg1,300000000,1,2022-04-03T20:06:18.963Z,1821.465087
1BQDits2UiE2bC5VY8zAoHua32XWg9UrvR,4000000,2,2022-04-03T20:06:19.793Z,16.894919440000002
1BoBGhwZSXybZGHaYCziJcps3PknGuMPUb,100000000,1,2022-04-03T20:05:59.774Z,416.394012
1BufnKK423NFxFgNEckCsgWbG3DpVkV4Mw,50000000,1,2022-04-03T20:06:18.980Z,218.873993
1BsJBwHcghgUyw52JEUiw3GriMRb67WCuE,75000000,1,2022-04-03T20:06:19.758Z,346.06949625
1BNgjuxfpXapTbHhDkG5KWJgXigSZvre5H,400000000,1,2022-04-03T20:06:00.801Z,2448.531984
1BoY5W4hnfCmqd8tjBL5KbPgeyCkQ39JiW,400000000,1,2022-04-03T20:06:00.784Z,1682.484008
1BQ56TkvXpLPCK4xkv9HpybBY7Aeg4WmEP,50000000,1,2022-04-03T20:06:19.774Z,207.408005
1BmCgQMbgnyaxW4HcaTmuQQWZADnxtqWFJ,50000000,1,2022-04-03T20:05:59.876Z,206.6535035
1BnLzkPBzrM39xfXjdU8cZz1p2aev3KV9W,700000000,1,2022-04-03T20:05:59.915Z,2926.6229230000004
1BNf49Sv6eL4eai2TDBvZvVh9FBujdCCv6,100000000,1,2022-04-03T20:05:59.944Z,416.394012
1BUSjnNEpTxfQrtAufZwL4BY4uiXvCsNNx,400000000,1,2022-04-03T20:06:19.860Z,2468.483888
1BMVDDuD7G2RJf5B9cf3fsPYSh5Te6nJ1G,73155619,1,2022-04-03T20:06:00.815Z,445.68377564956813
1BqYEhW7iyRQw3AAvJnBb2VBqZEhtqiW8c,10000,1,2022-04-03T20:06:19.015Z,0.06391929930000001
1BNkSeY2sqqEDW5sC67r17ykoRkKUPyfcx,300000000,1,2022-04-03T20:05:59.930Z,1843.6320179999998
1BqvVgwVUhsNSASf92ahR6AX7XcNUb4xEU,1771961,4,2022-04-03T20:06:19.826Z,32.50031714350284
1BRcCAabovrgG4LXRvoHw5cV34t718Lnig,400000000,1,2022-04-03T20:06:19.844Z,2135.456056
1BogoPcqRv8vvefr2P4zK81nBxw5urw5Zp,200020000,1,2022-04-03T20:05:59.963Z,1159.4179322001999
1BsH4R8ndSR9FXK9j1XC3Ywj4tr6mpMZmW,26851067,3,2022-04-03T20:06:19.031Z,488.6276836952643
1BRAfXVk84eQwVkh1sQiaYPwETiFvxwhJf,510000000,1,2022-04-03T20:06:19.911Z,2132.0090235
1Bt5QVkbdcbJ7wQHDhPYMJMjuo5ircf7iW,100000000,1,2022-04-03T20:06:19.083Z,418.040985
1BRVj2w6vo5W7KHq9H5WR5CB5vg4vXbQ9e,300000000,1,2022-04-03T20:06:19.925Z,1350.9119580000001
1BME17pjM7ABtZi9XiBTxJFWRdKva3ovoA,400000000,1,2022-04-03T20:06:00.007Z,1682.484008
1BRoFsqo4H9cv8Jh3TzS5ADSUqQBw5UKvT,50000000,2,2022-04-03T20:06:19.049Z,204.774002
1BLxiekcmYBUUKpbX9QofKVV75j7oi6yTA,100000000,1,2022-04-03T20:06:00.032Z,416.394012
1BNr4zVhZGi9sZj8e7A6JJpwchLuEFckGc,400000000,1,2022-04-03T20:06:00.895Z,2292.864012
1BPoM24SSih7Q3Dh3CAdn1RE7jjdQVu14q,400000000,1,2022-04-03T20:06:00.926Z,1643.75598
1BLrbTuQTvbvfT9opg2Ak8WsisWbnCcGM4,250000000,1,2022-04-03T20:06:00.955Z,1480.2575675
1BNovZQMPrgKjHPVLJ8DbgDZjEYQwCRRUr,200000000,1,2022-04-03T20:06:00.911Z,1196.42395
1Bpf74vynSgVFzQgx2hGjFKPapPhD6UHpb,100000000,1,2022-04-03T20:06:00.979Z,422.372986
1BtuWegkMdjzSo2qQ9q7n7BXGDAGkDcKkx,100000000,1,2022-04-03T20:06:19.972Z,418.088989
1Bq6UcakLLKHQihttwQQjaoSHFci9wGTHu,77000000,1,2022-04-03T20:06:19.194Z,342.39513462
1BSGWRKqM6VTr1eiWjTndotJhQAqzRCZa8,1000026,20,2022-04-03T20:06:19.207Z,84.84840360113763
1BLuiqvZnSu6PMcJtdFBpgyjudtHQfzusB,50000000,1,2022-04-03T20:06:01.000Z,206.9859925
1BpCARY47fztFkFCfmTKFoCMAPCYfra7qG,100000000,1,2022-04-03T20:06:00.080Z,417.945007
1Bt53z2hFMDBUDYzHMK8XVFjd3LPZYT5Si,250000000,1,2022-04-03T20:06:19.295Z,1599.7250374999999
1BPQyCrt5Jm1L6gALFHNcu1wawH6Tb4UQM,400000000,1,2022-04-03T20:06:01.014Z,1696.923952
1Bub3nMT85fU9BAYr5xeHFd8kAJtDchEtE,100000000,1,2022-04-03T20:06:19.283Z,421.651001
1Bo8SKsUzPyK4cUQYRY7pfBzsu7tt7AFEp,400000000,1,2022-04-03T20:06:00.140Z,2289.211916
1BU3hoedXeQAhdGQMu6Z5zcZKS4rrh3Uk2,400000000,1,2022-04-03T20:06:19.308Z,2151.88794
1Bq4WSN5AEV4PiNXxH8SADvmVtCC5LMjwN,400000000,1,2022-04-03T20:06:01.152Z,2561.511964
1BR8hKA4fkYFJM2e87sH1mXagUGCYqaTUP,50000000,1,2022-04-03T20:06:20.074Z,209.0444945
1BP8PF1iDmWAwvfjKT3N7zdXEbKK18x9ED,1271223,19,2022-04-03T20:06:01.091Z,100.9820243840739
1BtjpCrZnhyc95ZHX4zu2UP2gb57f2Bb3q,300000000,1,2022-04-03T20:06:20.111Z,1305.368958
1BNTY1vghkUBEo4snqMiRhXYQBuZBaJX59,300000000,1,2022-04-03T20:06:01.111Z,1837.532958
1BnXYV33gzdn4A12SZbkZuVxwy1n96oTo8,250000000,1,2022-04-03T20:06:00.275Z,1690.7400525
1BrJpk747K1i63LjsttpVbJtqFpkphfjBJ,300000000,1,2022-04-03T20:06:20.090Z,1360.152009
1BpQYxNuZRuUK3oN8mPKVHjRXU75SNapKB,50000000,1,2022-04-03T20:06:00.259Z,210.310501
1BtQCZgjL8ysrstULZQaGJ56nSikPa3mMb,100000000,1,2022-04-03T20:06:20.141Z,400.184998
1BLThYE9sxK1ohGrHHWBRDzhhUCnYFtCkb,100000000,1,2022-04-03T20:06:01.173Z,424.954987
1Br2W3Q1DyxFqgjoinFy39MLGbc4ssp7ab,150000000,1,2022-04-03T20:06:20.159Z,668.971482
1BLJi1Lf8FnGHb3PTyF8TWBmDtdgsxvRJo,50000000,1,2022-04-03T20:06:01.216Z,212.115494
1BmxTvWfw1it9WZLmssVv524LVHC3zrVLS,200000000,1,2022-04-03T20:06:01.232Z,1182.108032
1Bnikskk8eCsPCeNHS2uWxMUziMvW8HeE,75000000,1,2022-04-03T20:06:00.371Z,474.62100224999995
1BrXhMnCQ8UEYwiumVdtGCFRGaCW1cLmoH,100000000,1,2022-04-03T20:06:20.171Z,414.81601
1BSAoc5SHfiGGMRESdRKTXdhHBkDyGYj51,250000000,1,2022-04-03T20:06:19.375Z,1651.9175725
1Brj2oL44iyj3iVyEht3nCBfeT9CZcnU4n,100000000,1,2022-04-03T20:06:20.205Z,424.544006
1BP6WLwW1xR9riFygx5mua58f5ASB7PB9f,150000000,1,2022-04-03T20:06:00.389Z,676.3424835000001
1BoJ3WSoowNt27KvUK3N6bf46yX1svhQwb,400000000,1,2022-04-03T20:06:00.418Z,1893.855956
1BNMZp67L9KApj9PgGnZfMuddrGxzM26H,300000000,1,2022-04-03T20:06:01.261Z,1241.915955
1BQwREyvr1f5aZ1aE3MFwaQwZGf3CpyGkH,400000000,1,2022-04-03T20:06:20.187Z,2709.323976
1BM22BGvKCRzBffTaEowXy8WH4NMYDm9Jb,650000000,2,2022-04-03T20:06:01.290Z,3819.1336365
1btxC7s6yUSN6mbG1cozydQ5eh9zAnNbm,400000000,1,2022-04-03T20:06:20.250Z,2458.176024
1BRBTG4cKPWM4SbumBo6hhBsDTy4Pwfamp,150000000,1,2022-04-03T20:06:20.265Z,625.0935059999999
1BuPcUXaDe1qB4fY6GgPgh6WSidSF1NBE8,550000000,1,2022-04-03T20:06:20.282Z,3158.7489615
1BQD4cnRLtLJngw8icUBtmPucyrVAhw3c2,400000000,1,2022-04-03T20:06:20.234Z,2475.976076
1Bri6CXGt2AaeUWzw3iGBqd341JeWUFuw2,400000000,1,2022-04-03T20:06:19.431Z,2643.068116
1BtLYyd3xnbeDRADwRDonXkKdpisMExGzo,200000000,1,2022-04-03T20:06:19.509Z,1346.67395
1Bpq3BzP5iHHvBq8kPbwqSYv8ENavk1t6J,1884704,1,2022-04-03T20:06:01.320Z,7.99646007029152
1Bqf61JTdjuahEHFyqfAE54qTJQmXssBys,50000000,1,2022-04-03T20:06:20.352Z,336.6684875
1BssjJzHNW9GTphbbUpajT8UN1edWuhXEK,50000000,1,2022-04-03T20:06:19.480Z,208.505493
1BReNYDMN68cKNiyLAcMojKLoT7eTtKKWK,100000000,1,2022-04-03T20:06:20.297Z,416.394012
1BX3f1UwWT6UrknUGi2LynEnbHk1BoHFxs,100980000,2,2022-04-03T20:06:18.674Z,420.59784771179994
1BZwZKACbfdMUykiG4JLL3pt1fSyZAYpcm,1323003,1,2022-04-03T20:06:39.752Z,5.94820824473997
1C82J3d66G8hfhQpymRh1JkxknFQVrDPd1,400000000,1,2022-04-03T20:06:38.129Z,2356.47998
1BvcNji8DpVRUJgMP7432pJ2TpZBCgszh6,200000000,1,2022-04-03T20:06:18.719Z,946.927978
1BvPSTRPAUW51r7eqBAP2PbkGiDyKnBr1Q,410000000,1,2022-04-03T20:06:18.740Z,1732.1803082
1BVawcwHQHuaNaEKH8pyRDYcua3RGk7inB,300000000,1,2022-04-03T20:06:18.775Z,1249.182036
1C3YeMBuRE2z36WhQeZg2dQb5i1wcVRq3y,50000000,1,2022-04-03T20:06:39.766Z,208.197006
1BzimPFQ1h2U1xuajk7eaBaFChzxBHGydM,200000000,2,2022-04-03T20:06:39.797Z,1371.1198239946
1BvERn9g4MFT7msMEsgfQobtkXB63BbYMU,4542184,1,2022-04-03T20:06:18.803Z,20.421613796738157
1BVzarUg3HEaQJiNXMn165wXDS93AkwQ6Y,100000000,1,2022-04-03T20:06:19.551Z,416.321991
1C6fEEGhmhgQQK83BWsMQ5fNLoC7rtqwPk,300000000,1,2022-04-03T20:06:38.215Z,1791.446961
1C4Wn6r7mHCm7wYeHEULUXesetoyqXhXZu,50000000,1,2022-04-03T20:06:38.242Z,212.272003
1BXBwCuUAtDg2Qm9UbEA6wVFiTZ6pAqrnv,400000000,2,2022-04-03T20:06:19.568Z,1668.524048
1Bx9tWoRk2SvXZ5mBYZdquJeYhj69t5zqP,800000000,1,2022-04-03T20:06:18.834Z,3510.384032
1ButakhnBvBd717DZ47SJon2rdggqatQZo,50990000,2,2022-04-03T20:06:18.818Z,222.9099241099
1BZFxuMYVE9N7zpJtGZVorjBR5XzQrQxNm,200000000,1,2022-04-03T20:06:38.275Z,1182.108032
1c3cJMi3CaR7KdcuG99cXVB88chGzTmiy,50000000,1,2022-04-03T20:06:39.848Z,210.310501
1bxPcWrvHBPjs4e95i9KnDvt6wqQr3BfE,200000000,1,2022-04-03T20:06:18.879Z,1308.936036
1C4ehC4LZR3CqYJXNzDFrosaLUVB2HUNkm,250000000,1,2022-04-03T20:06:38.320Z,1637.5874325
1Bx2sdtyxNarPNvonjFZQTjrAFMgJ3e4E4,200000000,1,2022-04-03T20:06:18.848Z,1316.156006
1C7Dmstqfezydgxc8YxxNsF8fjB5AR3JhQ,100980000,2,2022-04-03T20:06:39.864Z,421.2653366196
1BUSrHEE9yJ5pgM3HLg8Afzj1QyeLeGrPx,400000000,1,2022-04-03T20:06:19.728Z,2135.456056
1C1odXhx35s3xEh6qzXYPfaitENC9b9LHU,1008797,15,2022-04-03T20:06:38.334Z,64.19444220021543
1BUxPh5SxzSNc3P929srQ11hUpKBrXy6Fv,300000000,1,2022-04-03T20:06:19.712Z,1824.728943
1C7jy6QHMj2sFiTEB4EVQxCsLuA55c9wwa,200006360,4,2022-04-03T20:06:40.145Z,833.6864843871732
1BvM9d3m24cFn2dfD9fSAkWpUEN1WNvNdf,410000000,1,2022-04-03T20:06:18.898Z,1727.9204
1BxQW7Y7w7gMyUD2dBrnLf5cnWRxVFxJ7,50000000,1,2022-04-03T20:06:18.931Z,211.186493
1BxAGw2Tk1KTDCk8wwSNmSz16vmKYEpEas,200000000,1,2022-04-03T20:06:18.947Z,1308.936036
1BVGC2sRV9UPiHpbNvRPM6UwKK5DH1oW9L,100000000,1,2022-04-03T20:06:19.810Z,410.938995
1BZf2sgqZnrGb4XU5gWA29LUwRwMCwo6s4,50000000,1,2022-04-03T20:06:38.355Z,204.774002
1BvgDAQSVuXQ41DB7XF1aKnoB3TEkaQm5o,100000000,1,2022-04-03T20:06:18.911Z,423.412994
1C1GjHc4euddNQ1vq9CHnd45qKynFDonaK,50000000,1,2022-04-03T20:06:38.643Z,204.774002
1BVxgPrfh4z5HDrArPWoRZjZ1rG2kSEKQ2,100000,1,2022-04-03T20:06:19.000Z,0.418040985
1C7A9AanmhE2tjCbWaKbyx8aLkBhHCDzGp,200000000,1,2022-04-03T20:06:38.374Z,864.304016
1C6zc7mRCbuMb4UNQn9dihvf7wd74QwdZ7,26993940,1,2022-04-03T20:06:38.624Z,122.848607072709
1C3E4yVHxxjqujdi9TgrUZEdsQ46opnxVb,21793948,1,2022-04-03T20:06:38.689Z,97.63165932569324
1BzdHv7R7zL6rmWh1BnP4x5Faqqhaqxn2G,100000000,1,2022-04-03T20:06:38.823Z,414.81601
1Bv13x9gRJ2wBkhqt8K9v8EHEfbiQZBqs5,80000000,1,2022-04-03T20:06:19.874Z,357.37758800000006
1C6thR8Ze8U919aS7UAhitJsSK2ZMDQWFL,300000000,1,2022-04-03T20:06:38.714Z,1726.6109609999999
1Bxm7wyJg69JcxfGNNo7c7TXVDKRnJfjYX,50000000,1,2022-04-03T20:06:19.888Z,336.553009
1BWAs9oKR5TaFpnExhVi3vXSJeUmjyHc6o,410000000,1,2022-04-03T20:06:19.942Z,1710.4257082
1BVXmtunLgXW594jvUmCasfuS8LopqN4gU,50000000,1,2022-04-03T20:06:19.065Z,209.0444945
1C7HhrongsvBFG8PsbprGu6ybJ26KQQ3TD,50000000,1,2022-04-03T20:06:38.746Z,208.1609955
1C6qbk8XSSfcV5DDsnFVq3X3NrrojCMJkZ,200000000,1,2022-04-03T20:06:40.180Z,889.338012
1BYk8REZjbf89fVmsZUKUaNohYUGE5BwT5,50000000,1,2022-04-03T20:06:40.196Z,208.565506
1BxwReuFacyi3sCJC3CwR9HY9ZV8LcpYUx,200000000,1,2022-04-03T20:06:38.803Z,875.393982
1BZNMEw5d9UTcLP9cFpdUy2Bo3AGzxLUY3,400000000,1,2022-04-03T20:06:40.211Z,2662.739992
1Bvht4sn78H3kLTcv6h7m8go8ZBek9XdXr,100000000,1,2022-04-03T20:06:19.097Z,452.727997
1BV6H6efgvL8WYRkZbJQDAwZSSgsYV1R7m,300000000,1,2022-04-03T20:06:19.131Z,1808.52594
1BWJi673rLmH2YGzncG2pt8ingdw5Gekyn,700000000,1,2022-04-03T20:06:19.157Z,2904.019895
1BWrZzTzBXJ2J8URaE7DAucuuz4eXkAhUc,300000000,1,2022-04-03T20:06:19.115Z,1699.0649399999998
1C6jGBSn8dPyS2VustVGEjbpS9xwn2kXDW,50000000,1,2022-04-03T20:06:39.097Z,211.186493
1BuyUPjA7jsKRBhwwaAgxoPMp7tspiTXbS,300000000,2,2022-04-03T20:06:19.985Z,1265.0700060000001
1BXoTMAmWvnU98cEjh5YbeG3w745b5ZQmV,100000000,1,2022-04-03T20:06:19.957Z,438.798004
1BXUfw8ChuE44DuJc72QRsrM5gN2hb7rNk,100000000,1,2022-04-03T20:06:20.017Z,416.321991
1C1P85zBCsfkuRtQnJFFsLA3ijp5geTPwN,50000000,1,2022-04-03T20:06:40.229Z,208.9725035
1BvV9YxZ7n8LGcHKE4HsVbLRs2ySjBrjDV,150000000,1,2022-04-03T20:06:20.003Z,625.0935059999999
1BYxytsqmQvMAJuShy4TQh61X3fqt2HFV1,100000000,1,2022-04-03T20:06:39.219Z,454.162994
1C7EM6udiLbwdjGqfA82UUcxNEmx7abywg,5000000000,9,2022-04-03T20:06:39.152Z,187708.95539999998
1BVjcLCcXMU4U3HJQ3aZUKYtBfhiA41835,410000000,1,2022-04-03T20:06:20.034Z,1713.9680384999997
1C4dC6ARzQMx6Rq2hskT4GxxGkTXq5zn5F,410000000,1,2022-04-03T20:06:39.185Z,1733.2544795
1BXT5mDV5mP1HQnBWG25QTNbJ8KQn8ckVc,700000000,1,2022-04-03T20:06:19.175Z,2919.917084
1BvLZUP7Jrbh6d3f1znxubFAYircxH8hTc,200000000,1,2022-04-03T20:06:19.229Z,1252.631958
1BZUJ4tHUvFCsaeSyC8jBeZF89EKduPnH8,400000000,1,2022-04-03T20:06:39.235Z,2351.2041
1BxwGSBEiw7YzXPXXCw2tmqwWp3zCVXBzj,150000000,1,2022-04-03T20:06:20.047Z,682.6454775
1BWGhbmgURT5S3n12pvKEUNgeFKrtjg4t3,50000000,1,2022-04-03T20:06:19.246Z,208.4149935
1BZnvZ2vs9vqxAhNET3aHuwGC7nF2kHL91,400000000,1,2022-04-03T20:06:40.339Z,2302.147948
1BWS5xd4R2oGR81AsdTRJ6ofRG9wJudr2g,150000000,1,2022-04-03T20:06:19.262Z,682.6454775
1C3sw37makucGgz9HP3VS1t23xTP8Kb6iM,410000000,1,2022-04-03T20:06:40.407Z,1836.7016532999999
1C6skqfoMmG44akH9HLV8KaQjeBvzi7mMV,200000000,1,2022-04-03T20:06:40.372Z,1310.550048
1BwA8U5ReS8C4K733mbtwu9Gag37pikZE4,150000000,1,2022-04-03T20:06:20.062Z,690.724503
1BvxZpsRPATVZ537FTutokRoLdopVHrSQc,50000000,1,2022-04-03T20:06:19.323Z,209.0444945
1ByoT4NHGwPXyUPPJqKr5EJxamPntyUCeb,50000000,1,2022-04-03T20:06:39.291Z,208.4149935
1C2U3Cu7HYGq2yFVvQB1coaTqUpQiaYHNk,300000000,1,2022-04-03T20:06:39.329Z,1740.546021
1C6fawur4smUwEBKbiCF7DBmoc1Nv7gmdH,100000000,1,2022-04-03T20:06:40.463Z,418.088989
1BvDiZ9fQqmSm8aLQKXSBNTeAmV7aDaVYN,1000212,14,2022-04-03T20:06:19.341Z,80.42156477803222
1BxPgUiubrtBw5MtBg6ZPAh22WnTnzx3Z5,50000000,1,2022-04-03T20:06:20.127Z,204.774002
1BYZ2BSjzec27qMhFCpFp9BN9rWETqGrFm,150000000,1,2022-04-03T20:06:40.676Z,635.119491
1BYotzaWFFWZ38v3eLZuvAZEVLB35SmFbd,50000000,1,2022-04-03T20:06:40.690Z,206.6535035
1BuToT7PHGX3zX6QZiVmdDtEcaQhSt22DB,100000000,1,2022-04-03T20:06:19.361Z,420.785004
1C4EDQbaBs2V8hq6u4uAbBeMqpGV8QHPmf,151000000,1,2022-04-03T20:06:40.705Z,903.3000822500001
1C1f2M57vKkz1LXNcsdoWJtu2Tqy5iVx4B,50000000,1,2022-04-03T20:06:39.606Z,211.186493
1BysDVQBM1MwHz29P9TxSNBH2TKGqVfqBj,50000000,1,2022-04-03T20:06:39.428Z,204.774002
1C7hpKBqngVcG9SPxs4NbCgTtVKjuHooPo,240702,1,2022-04-03T20:06:40.750Z,1.00415338735404
1C7GtUBVkngTDjadunAfv5S3WK85x7Bn1p,50000000,1,2022-04-03T20:06:39.640Z,208.505493
1BVrkH8aPghYqyotg7PLZAMAEFs9yjYPBU,1000019,15,2022-04-03T20:06:19.393Z,62.570840623384186
1ByCj32HyR2iXBkvDzjFXr68FZ5Ejjo288,100000000,1,2022-04-03T20:06:40.765Z,420.735992
1C84JHSYZQTEwQ98VwuUYWDWAqTzEXzTcg,250000000,2,2022-04-03T20:06:40.734Z,1662.53006
1BZh5HRV12KaFK1pmcerQnMMpeMtS4rS1u,400000000,1,2022-04-03T20:06:39.704Z,2562.248048
1BwexmY3EbrJ2rL2p1TGtodBAhqABTdfiz,100000000,1,2022-04-03T20:06:20.220Z,416.321991
1C71MeDA8LCt1VbqCrmcicYBoqpRvmVDzJ,50000000,1,2022-04-03T20:06:40.798Z,212.272003
1C5x9rRS3DGaeE1hq2D6PyEf4uragJBirm,400000000,1,2022-04-03T20:06:40.814Z,2452.083984
1BvpKHceemsEKTYFd3Kz7z6cZAV7squYy9,1000000000,1,2022-04-03T20:06:19.416Z,4495.98999
1Byjyr15ty5mVwb7j5mzLqvjJrRUgdygE3,100000000,1,2022-04-03T20:06:40.937Z,416.515991
1BxcqrSwUSXynVHPo3MWNBWQqmzzrX4ai9,200000000,1,2022-04-03T20:06:20.330Z,1175.60205
1BWmZgLBVFnMvZwf4JSw5q5vvrHrVmLBL6,50000000,1,2022-04-03T20:06:19.446Z,210.310501
1BYsXz5kz7xv3XQtfvEyvt6fJgL2dBJP3A,300000000,1,2022-04-03T20:06:40.898Z,1297.557036
1BXEXHCw8HrWiggnrCdtxcvbFxhc1NxS59,410390000,1,2022-04-03T20:06:19.464Z,1710.2141595156
1BV1zwqzUyR77S9yz9yWjpLkrVHpR8ECRp,150000000,1,2022-04-03T20:06:19.494Z,673.516479
1C6RFzuV8fSr8faE3WW8b919KbZa9ExoDk,100000000,1,2022-04-03T20:06:39.739Z,422.744995
1Ch8NqxgDcQmLwhX6A8q22pywrAN28YwgY,1045465,16,2022-04-03T20:07:04.248Z,101.53104807123682
1C8GpxSo3QBNTeJ6JVy3gz5FTXD1fkVB7H,100000000,1,2022-04-03T20:06:37.775Z,417.177002
1CK6WPdyeoP71cRCRUXZwxAdUPAKra2Mgf,300000000,1,2022-04-03T20:07:04.233Z,1709.8410629999998
1CJYbm14TUtL5whc9WRbXVUAq3ircgeUAs,400000000,1,2022-04-03T20:07:05.468Z,2388.595948
1Cehde8Uh5cDD8xzeFALFHgAGv7ranGw3S,300000000,1,2022-04-03T20:07:05.483Z,1851.362916
1CCmzWtkrxqUA2czmEiCBFyKY1D4C22yMr,100000000,1,2022-04-03T20:06:38.110Z,416.394012
1CcdgMN1UFopBGjFG8d5zupBT6UDwcDNNR,2460053,1,2022-04-03T20:06:38.147Z,15.00322419903219
1Cggm5xDc1FzxFJxqrPo9ZsHXBCmu6aWAS,300000000,3,2022-04-03T20:07:04.302Z,1791.446961
1CKGj5iBiZcay71i7wVbPZuPqWm68y8PRr,100000000,1,2022-04-03T20:07:04.315Z,416.394012
1CjTBzwmJbBVvRZCd2Zfzhrsi78FudtckU,1039015,5,2022-04-03T20:07:05.536Z,30.00171350969325
1CDizpCLuQTZ1feJSQkmgGquosvEUQa9KQ,202993395,1,2022-04-03T20:06:39.781Z,1172.8166404668748
1C8hGFUiD5b78grVkNavpkK6vmdeCpLLLF,200000000,1,2022-04-03T20:06:38.193Z,1308.19397
1CAQ5QgBEgFhXbkfz8dh8PYQ61GuNUKhCD,100090000,1,2022-04-03T20:06:38.168Z,425.3374464883
1CAAVLXigKSHyaRFH3ShcjoaJhaMvVb9dy,400000000,1,2022-04-03T20:06:39.831Z,2491.444092
1Cf4s57ErgQJAibuE3tzcWUPJaBpKb2GAc,100980000,2,2022-04-03T20:07:04.361Z,426.5122412628
1CawSRCk9JDS6jCe8Tyh1KgtMECUAmUTQv,100000000,1,2022-04-03T20:06:38.255Z,424.282013
1CgPjiKbG5yMMUaJB4Z4WTSagcWFbs27Eq,510000000,1,2022-04-03T20:07:04.376Z,2132.0090235
1Cd3uyQgM5odZg8r5kQNt6W55WiaW7KZE6,400000000,1,2022-04-03T20:06:39.812Z,1740.491944
1CJstVyNCaVcZ8gMFeW8N4w85BbuEdRNay,300000000,1,2022-04-03T20:07:04.469Z,1249.547973
1CFL9jYjS48Nv5nHgEMhXiqz5JKvU2kvTv,75000000,2,2022-04-03T20:07:04.392Z,478.4700165
1CbZFeWjUZXjXzPC12M7cveX3Hu3nZ1bnr,150000000,1,2022-04-03T20:06:38.305Z,682.6454775
1CAk2CAFtpz2TGei6HTtN97MvgqdEToVnp,100000000,1,2022-04-03T20:06:38.291Z,424.954987
1ChR8THLu5f1Y7qZqLhZDfhTrNLcH2Pio9,200000000,1,2022-04-03T20:07:04.504Z,834.262024
1CfvXZuzF9tZzHSYchgquzurQWoVBVKXkd,200000000,1,2022-04-03T20:07:05.596Z,1150.08606
1CA5448dRw5ycGnEUh6Qj3HWHDyaSVXCFg,400000000,1,2022-04-03T20:06:39.882Z,1798.395996
1CFwT2X4wp7DsDegHUYDJgE7UbGbkALxbm,50000000,1,2022-04-03T20:07:05.609Z,205.222
1Ce9qY3unPuzf6W7U1vvgwSA177SdfP6q4,400000000,1,2022-04-03T20:07:05.626Z,2491.444092
1CjWNtTnt1FkuKL4uCM13eLFArnJDMC2ps,200000000,1,2022-04-03T20:07:05.683Z,1331.369996
1CEaU3KLxCfwdeuoWu6ZzdcZKYeA6zLMYX,300000000,4,2022-04-03T20:07:05.646Z,1878.947937
1CJqQ6QkM2yqyApZQBbKyZadS9VDBeb5cQ,400000000,1,2022-04-03T20:07:05.748Z,2428.620116
1CGMjNi8DgQWSNGJoFibhkDcjJpNzadRbs,150000000,1,2022-04-03T20:07:04.537Z,682.1489865
1CfyrpCCsKfYfDZmLYmrGLXr6CXRus5NDp,200000000,1,2022-04-03T20:07:04.554Z,906.768006
1C85HHHagGjUYrnoDbm6jFaWanWt9WrSDZ,200000000,1,2022-04-03T20:06:40.133Z,1216.485962
1CeFr8PjF9jteC7mDzwa5zJCXVWsqv8z3X,100000000,1,2022-04-03T20:07:05.715Z,420.785004
1CjH3PxWbcZGEosGuaCcypeVC7Suz29XnN,1005639,2,2022-04-03T20:07:05.765Z,12.263465611608302
1C8oXDWuDLRuox8kN3KVDt2g1Uy6BCFsaS,100000000,1,2022-04-03T20:06:38.662Z,416.394012
1Ca7XTb1JZYK89hvdHrVshFo8SB8vd2JJB,300000000,1,2022-04-03T20:06:40.163Z,1378.808991
1CeD3uJoYduLuW31nU7GoKQ3sj5AvUtR3a,411500000,1,2022-04-03T20:07:05.796Z,1886.875685265
1CjcyKowFN8FmAQW5ZUEdxS88co2pHTu1y,50000000,1,2022-04-03T20:07:05.815Z,209.0204925
1CKDK8qoWP1DYrCPudZyTH3LE7BB3C6W73,300000000,1,2022-04-03T20:07:04.573Z,1324.1670239999999
1CiyGmoWQAd6iQ8TWiQRkcW1nSRpVFxcD8,1083950,2,2022-04-03T20:07:04.627Z,14.200503179667
1CjcC8gd6GjDzHuLHvuXhpAJG4GqWGhvfW,400000000,1,2022-04-03T20:07:04.609Z,2432.971924
1cBhd2avNauAoKJwWw4C1zSkMQpSRQQbH,300000000,1,2022-04-03T20:06:38.728Z,1244.579955
1CdfqecixS9eWGZZPZ7Koh1jS3VCb2T5cm,200000000,1,2022-04-03T20:06:38.786Z,1346.67395
1Cccn3QbGa9nY3KNW4D2xoEjNHz9j62btz,410000000,1,2022-04-03T20:06:38.764Z,1836.7016532999999
1CjUrfkvtZYVyHwu5ycx8cJTm5YoUY7pwK,50000000,1,2022-04-03T20:07:04.591Z,210.310501
1CAApxKMtnbbNvKX1nkaE2ebUFh1RfJdvq,400000000,1,2022-04-03T20:06:39.073Z,2392.8479
1CBoQ4yoaaiuWjttfRGs6ETXZxc6YCNBFt,100000000,1,2022-04-03T20:06:40.244Z,416.394012
1cas3AsA7QkUHDGPw29CM1DJn1K92vGcf,200000000,1,2022-04-03T20:06:39.118Z,1220.871948
1C98bcUm1YiNL5uYKonKXLKaMzC25tqATz,400000000,1,2022-04-03T20:06:39.136Z,2491.444092
1C9k7k8CNTzAGReRhVekkzaTba9pZ5Tj2K,200000000,1,2022-04-03T20:06:39.270Z,1245.722046
1CCcrrvQvBxzEzWB2W43dcUQCDpuyWWUcB,100000000,3,2022-04-03T20:06:40.279Z,416.5314209939999
1CAgbymvHhUkGjHt8goCQ9YnJwKNbzv1wn,300000000,1,2022-04-03T20:06:40.303Z,1272.089997
1C9rStQ8ZTxr2Poo6f67cqYNmigByswnse,50000000,1,2022-04-03T20:06:39.253Z,216.076004
1Cb2KdEcFzTAKhPjw1zToptUQ5nqUXTY2b,50000000,1,2022-04-03T20:06:39.199Z,213.3825075
1CaHh5sJkxtVed9cMjoweGUZMdmqCEphsv,50000000,1,2022-04-03T20:06:40.321Z,208.1609955
1CJVfuPxVrpmzJKxsV1ur284EwzHJYHnWB,50000000,1,2022-04-03T20:07:04.745Z,210.845001
1CFTfNyXJZ3TXjuFfYEF7ae8QWUsPp7BG4,410000000,1,2022-04-03T20:07:04.714Z,1733.2544795
1CbtU4qMpptm5NmewrEnb1QQSDvF8Qx9Ss,1000331,4,2022-04-03T20:06:40.391Z,16.67871830902788
1Cbu5SBP2ThUb32JPseMHLumE4UjRcXdkD,410000000,1,2022-04-03T20:06:40.448Z,1739.3470508
1CGg66gw3pJWMfe7ucNxcQqEG3uxw6ya6V,50000000,1,2022-04-03T20:07:04.782Z,204.774002
1CbG1xkavWqJsorQrNCFJ9VJY9mpz2be2D,50990000,1,2022-04-03T20:06:40.435Z,212.5416103713
1CAy2BDzn7uryz9rKBeNv4VmUcvedZPeud,300000000,1,2022-04-03T20:06:40.355Z,1250.489961
1CDeN2XrdSLJtLzFhFvgZiTxxKid8XeNtj,200000000,1,2022-04-03T20:06:39.306Z,1159.302002
1CdWs3Epiz7ZN3nX7Srnh6tUvBmkknCUm9,410000000,1,2022-04-03T20:06:39.351Z,1723.4308958999998
1Ci3kSS59KRGew4MoShMycSLNro5VyCdfc,100000000,1,2022-04-03T20:07:05.900Z,417.177002
1CizDDC4xg4HQK8joJJEUearmRQYKrh2KV,150000000,1,2022-04-03T20:07:04.826Z,683.5050195
1CFnyTB5ewvVRuFtM3RsjyP6xLQXqiWGTB,50000000,1,2022-04-03T20:07:06.010Z,208.505493
1CAaKFd7FQseBffNEgzM7u1TnHzB8poxTa,50000000,1,2022-04-03T20:06:39.389Z,211.186493
1CDonrdnspjRJ3rxkN85vdmFjco2MrkFCf,75000000,1,2022-04-03T20:06:40.646Z,334.30275
1C9ARqCvs9JGbWpP7SG94Z2rywyjknra8U,110000000,1,2022-04-03T20:06:39.369Z,479.05990330000003
1Cgpj69A97jqecfHorB4UzzvF41xyF5HaD,150000000,1,2022-04-03T20:07:06.025Z,682.1489865
1C9buJ4dNo3EBtVoe2PA5Q2n7s9jR7Uqpc,50000000,1,2022-04-03T20:06:40.660Z,204.774002
1CgATxj7PmUmUd51irwcVHsK3kCfyxHBnQ,150000000,1,2022-04-03T20:07:06.153Z,626.9399865
1CjE4u6zsfwiqsAxFfan4kheWvMUi32yD4,200000000,1,2022-04-03T20:07:06.138Z,828.130004
1CebDHbrMpkCJba4VHTQAVhBiwkkhYyhxb,400000000,1,2022-04-03T20:07:04.924Z,1672.355956
1CEiPGS9Gk28zcuqEQJh4neC6XRJizbi8L,50010000,1,2022-04-03T20:07:06.107Z,208.2386454012
1Cd5KXEdHBG8PfGMLF5kgGPfg3quWcmVr3,510000000,1,2022-04-03T20:06:40.720Z,2124.2315541
1CdwsKf8HjkLGcUKyyg4fNKyUd2f9YPAbd,300000000,1,2022-04-03T20:07:04.908Z,1261.863006
1CgPV4uH4u4Xbt69vpawHvAJhp1WQxQEXq,100000000,1,2022-04-03T20:07:04.872Z,422.372986
1CA17YeP98XZptESuVR69ZpzNjaNuA7bJV,14468162,6,2022-04-03T20:06:39.406Z,552.787389988907
1ChdiWsRrMfPA259TzGnCoygXqZ9aK8XEp,300000000,1,2022-04-03T20:07:04.970Z,1722.3209849999998
1C8KUmy5DygoLKpiikrDMMdatGHoKkPtp9,200000000,1,2022-04-03T20:06:39.623Z,1216.624024
1CcnFR8x2gZoV79wrRXiAcaUcp7CW5eM2J,1000035,1,2022-04-03T20:06:39.669Z,4.5568693848465
1CJTK96xQfRD23KCDtRypmi3bwcHrKTKxx,300000000,2,2022-04-03T20:07:06.187Z,1254.1229549999998
1C9KA8hWUuASCdDq1EPB7PmcnFNqhb1so2,400000000,1,2022-04-03T20:06:39.685Z,2309.756104
1CFMGi86xo2WNmVab8pN2vwuWzj3MugpmU,300000000,1,2022-04-03T20:07:04.987Z,1963.404054
1CBPLXQZAXDfydn6AoXf8WXfaxSMJp4o8v,300000000,2,2022-04-03T20:06:39.653Z,1251.393036
1CDovFFdMPx6AMWgF8F8cfBVFHPNrKoPpZ,2108930,1,2022-04-03T20:06:40.781Z,12.7858515201889
1CdU8mBnXJSM8KAugtNS9dKutXNqjkQHzD,410000000,1,2022-04-03T20:06:40.832Z,1710.4257082
1CjFG1ut9feQ6DyB721j29FJLt9xMJLaGz,200000000,1,2022-04-03T20:07:06.253Z,1321.534058
1CGdXQGvg6PmnfMS88aVCq9zurxHmadc1k,150000000,1,2022-04-03T20:07:05.170Z,622.224015
1Cd1UXTzKzdJMSsnJucKPjtmDgUDFF5t91,1002587,13,2022-04-03T20:06:40.849Z,59.90295869392107
1CC2Lzm7swbymDLES3UXdDWd8Mg8x4thsr,400000000,1,2022-04-03T20:06:40.872Z,1665.751952
1CJacKrEGFL7eTkXC7Em2gsmX5K7nSRKf3,300000000,1,2022-04-03T20:07:06.280Z,1808.52594
1Ch3JHQtLEQR4a5YuBSbXHGkbar9pkp3jj,200000000,7,2022-04-03T20:07:06.327Z,1346.67395
1Ci7zndBcT2dbe27TSQfT6NXsNtJ19dggW,410000000,1,2022-04-03T20:07:06.309Z,1728.4123794999998
1CEyThbf5NHuHzWJmYzFts71UdvjDJVNfA,400000000,1,2022-04-03T20:07:05.398Z,2559.56006
1CbNZX5M6r5kPYNE5V16n45m5f2jJZbFro,1000174,7,2022-04-03T20:06:39.721Z,30.006590448416542
1CfW1vnV93jBmHuiBQ9VKRn4H8HQEqBfDu,410000000,1,2022-04-03T20:07:05.416Z,1727.9204
1CUeCiNyEbnV8Lf1jWd7BQHMnmUEH8R552,50000000,1,2022-04-03T20:07:23.738Z,210.392502
1CnVD2x89UoPx6RrvYTeknGkVSxqKy46yp,410000000,1,2022-04-03T20:07:05.453Z,1732.1803082
1CQsZh55r9rh7qSAJmnUNFDw3PWA2uoySg,100000000,1,2022-04-03T20:07:23.784Z,418.088989
1CTTRz6LcL3aWGPXTARTJy6GppqF4RwxL4,50000000,1,2022-04-03T20:07:24.732Z,208.565506
1CM6q3RWYcE28hm6CBojviVN7mYYwRRdiQ,150000000,1,2022-04-03T20:07:04.178Z,682.1489865
1cm8n9WkfuWKKGGLi92xNaKcBRxCr7xgx,300000000,1,2022-04-03T20:07:05.506Z,1808.52594
1CotRcfNKkrxBroPtavm7c4RAVns79cy6C,300000000,1,2022-04-03T20:07:04.346Z,1250.489961
1CNqZBEQtGoWjrsTLHS9oTLqE8ytjgbiWm,550000000,1,2022-04-03T20:07:04.287Z,3158.7489615
1CLbmhfQH15suxyRP6YDq3fNr3vroUkDHb,50980000,2,2022-04-03T20:07:04.330Z,211.4921405386
1CmzcNSsiohahgbAHvf85RDJVUV1ASUhdc,2000000,1,2022-04-03T20:07:05.562Z,11.51073974
1CtZQuTMafisLHMnkn21ijK92TLCQxGwqu,150000000,1,2022-04-03T20:07:23.859Z,861.1604924999999
1CsG1edZ5uRnwzEu2zK5nXh3xsSaSL43Wu,300000000,1,2022-04-03T20:07:23.902Z,1249.182036
1CtBLFS91G8o6L4Tk6t7UiviqQzJMKgejP,150000000,1,2022-04-03T20:07:24.760Z,682.6454775
1Crf9xMwXESsF24YSk5aowy4ELu65esUw1,400000000,1,2022-04-03T20:07:24.746Z,2392.8479
1CQj4uBP9gPgLedNHCHiJjFCuW9wzkLLko,50000000,1,2022-04-03T20:07:23.921Z,210.392502
1CpgQBv4VeKBR8MzKrghV4bcYTa3VXsnt7,300000000,1,2022-04-03T20:07:04.430Z,1305.368958
1CNGoXgv1LVwjpMpKfp7MhSKq8nRo9DxRv,250000000,1,2022-04-03T20:07:04.410Z,1435.2674875
1CM6NPowjdhPWpGaMKuNiXRHke9xgt3XXV,50000000,1,2022-04-03T20:07:05.576Z,210.310501
1CKndEbH3YFiw5LQNmjHiNQBo8GoN2pTdd,501849585,1,2022-04-03T20:07:04.485Z,2092.767902645408
1CP4emWw9NqhrN2dmjd3DoKZETTKgTMUvB,50792723,5,2022-04-03T20:07:05.665Z,215.84620942159603
1CRHjWQYG6AFjChNTrVw5y8TShEqVunoaw,410000000,2,2022-04-03T20:07:23.969Z,1707.2154492
1CKKUkKMf82fxrzGTgPNr397ovKiYh6p9E,410000000,1,2022-04-03T20:07:05.701Z,1884.3722877
1CLKws86Tq6mm3CzRjRQcBZTiZyCjS4667,300000000,1,2022-04-03T20:07:05.731Z,1722.953979
1CuAc4bVDximzmh1VXyYnLikMhzcGSjGLN,55000000,2,2022-04-03T20:07:24.814Z,224.11840385
1CmE1s4j2usNm6weCar2ewTGzhMaT75fhn,150000000,1,2022-04-03T20:07:04.519Z,682.6454775
1CUAYPiXuLZXi7DNBnoZ7wQEBTRoYP6HKo,50990000,2,2022-04-03T20:07:24.866Z,216.0918279486
1CUAra1dXGNPv4SwpVxJ1TF6aDbB7K8kqk,200000000,1,2022-04-03T20:07:24.801Z,1345.728028
1CthcSgC48cZL3kWtGE8vVZnYdjx4uxRi2,400000000,1,2022-04-03T20:07:24.093Z,2682.508056
1CMdLyjaz46VpwqcnMeSKtJA8jrcPNxush,410000000,1,2022-04-03T20:07:05.780Z,1723.4308958999998
1CSab7BXhGcujRdXhEJ4sCQZ5RrdPWEyQB,51000000,1,2022-04-03T20:07:24.015Z,212.36094612
1CsDQxARMxd7aE54WSxyiFwENNsSVsF8V7,410000000,1,2022-04-03T20:07:24.880Z,1708.5889163999998
1Cqi28SBfmWe6ynNZGhSof7K6ZjRpKaQWo,300000000,1,2022-04-03T20:07:24.896Z,1239.921021
1CSzWFD25pZq2x7hvu67CKMTU3LZKVDp4T,400000000,1,2022-04-03T20:07:24.058Z,2424.664064
1CPWotBWAe55fU3c3p5zhsNsBw2TEFgRBb,50000000,1,2022-04-03T20:07:24.136Z,208.505493
1CPkCDFTg4kZdadQX4i2wv55JPyXnLnung,400000000,1,2022-04-03T20:07:04.645Z,2709.323976
1CR92CVFq3aUV8hhR4Cyr9g3KwymmYsreP,300000000,1,2022-04-03T20:07:24.166Z,1250.489961
1CpuoHmTqQfrVRgj69AaPtuGgNedKhCKyw,400000000,1,2022-04-03T20:07:24.910Z,2491.444092
1CLG5V4whjJRkmtr86EdS3yMVqo1BDhCxV,600000000,2,2022-04-03T20:07:04.681Z,2498.364072
1CR9if5PKzgkjjJSJpjCbzNkGwqPM5BsoB,300000000,1,2022-04-03T20:07:24.236Z,1244.44803
1CKzZE1ZfSUULk9rzks1jircUGFN2NnU8f,250000000,1,2022-04-03T20:07:04.662Z,1683.3424375000002
1CPJ6kfXABG2xvetZMFQjLnNLaoyq85TXC,400000000,1,2022-04-03T20:07:04.697Z,1659.26404
1CRjKkqF36Q9Jw3ULAuEWBCE4sTdcEgbWH,410000000,1,2022-04-03T20:07:24.969Z,1739.3470508
1Cuco4dCP2QFsrtjBvZ8wuoPMbvnmkSJCE,300000000,1,2022-04-03T20:07:24.253Z,1231.332
1CTD7HZLrLnwXB1iQv5uh3ELDKbX7Zhaqq,50190000,2,2022-04-03T20:07:24.323Z,209.01101017520003
1CLmNgEdx2TAvzHe49kA2TctbwoaEJKspe,1004215,21,2022-04-03T20:07:05.835Z,86.36759225574055
1Cqd2qAHHoRo9gWcbey4FJGQUpZ2x3i6xH,1042415,4,2022-04-03T20:07:24.284Z,17.688989814240802
1Crewphfse9Gjq5WNcvAUSjWrxBT4nC4Mu,100000000,1,2022-04-03T20:07:24.952Z,418.040985
1CLvjXwgasY6ifg6LSwAnHq9WYiwTd99q2,400000000,1,2022-04-03T20:07:05.866Z,1682.484008
1Cqa1dJdPVVThB5MTc564zNWHwjxCRh2C9,400000000,1,2022-04-03T20:07:24.937Z,1653.228028
1CTxr9PmzWMzwynhDQma2SBZuYbDDG5k9M,300000000,1,2022-04-03T20:07:24.440Z,1262.618958
1CsbYMV5nrd4NP2etTpFpDmEyp6p4NJVNJ,300000000,1,2022-04-03T20:07:25.052Z,1250.1870119999999
1CptY54LwUMdDukxxBV9PcpbDuzswrEAXY,410000000,1,2022-04-03T20:07:04.760Z,1757.2231123
1CoEQMHQ16euHF8x8ecyV5DkaZCYcwvzXa,400000000,1,2022-04-03T20:07:05.885Z,2342.147948
1CnKRvcpk3GZcki6pMbG8Pgs2ZJLPVKZ2m,50000000,1,2022-04-03T20:07:04.730Z,206.9859925
1CqB9RTHCcdR2bGJBsUptygsq6SMk426X7,410000000,1,2022-04-03T20:07:24.988Z,1879.9976450999998
1CRg6Wjea9Gad1sJxoMZoShEmvaSAGhNQg,400000000,1,2022-04-03T20:07:25.005Z,2424.664064
1CoGEsgSzTnjyvfxTe8T89vHqo2HnDiFKh,1430853,2,2022-04-03T20:07:04.806Z,16.2886579911282
1CrW2Rhygrq85TymVPwwUfC6E2KXxFDeqN,50000000,1,2022-04-03T20:07:25.035Z,208.505493
1CN1gYN8y8nuJ3R8WJBNKHC3bf6fWYthuk,50000000,1,2022-04-03T20:07:05.970Z,210.310501
1CqPiMobRdRenwb3hWp8wQmgf3uGSjknDT,410000000,1,2022-04-03T20:07:24.496Z,1727.9204
1CkSyo5YnAJzGY1VuFzfxYYZAefiYW9J8V,550000000,1,2022-04-03T20:07:05.917Z,3502.3230605000003
1CPQRhkY5HRwNHMqmdMivSWBfviYrVPWVj,50000000,1,2022-04-03T20:07:05.954Z,208.588501
1CnkTT5B2AJ8BnybSxdCmDEALAPFU56aLe,50000000,1,2022-04-03T20:07:05.936Z,209.0444945
1CpVQJcyGZ8bkV7HrDwHr4H5HjWupagzc7,400000000,1,2022-04-03T20:07:25.097Z,1695.956056
1CrBKKRyo4MEuu4RurEqnCnpRsp4GRvpx3,200000000,1,2022-04-03T20:07:25.127Z,1213.946044
1CQ2iM4opqxRECxVv2Q21PUTcKYNZkTj5c,410000000,1,2022-04-03T20:07:24.546Z,1846.2463426
1CUEL8MVWapQC4HEhXe42EybNPT5gMcA8c,510000000,1,2022-04-03T20:07:25.171Z,2132.0090235
1CmpzebG9wkgP9NbYa4k9wytYUuScxaEzT,300000000,1,2022-04-03T20:07:06.043Z,1251.393036
1CUHZk4rY1YYFByCm3YiGPpwf68wWvgaxj,100000000,1,2022-04-03T20:07:25.203Z,418.088989
1CNXvg5HQkwwgfVm2kTG2rDy8S4rWA4ecx,400000000,1,2022-04-03T20:07:05.990Z,2734.647948
1CS3AyeQhDU6usKMCiRNwSvGBJzbFhpYQr,50000000,1,2022-04-03T20:07:25.216Z,216.751999
1CtDsnXw4839fSHTXV8UVhA2rpXw6BSzjb,200000000,1,2022-04-03T20:07:25.186Z,1155.521972
1CkriC51XTsrRdyi9sMskKTokDrFWH2GLn,200000000,1,2022-04-03T20:07:06.061Z,1160.364014
1CmcoUdcjX5eJiBMvLTFzK7TdPWNpJ9jCU,50000000,1,2022-04-03T20:07:04.894Z,207.408005
1CRxWueYLq5Ewx44915sR3zG5voy8mQJW4,410000000,1,2022-04-03T20:07:24.563Z,1710.4257082
1CmgcPiDAJeeibrN2XfBvaJr4adHsHujZQ,100000000,1,2022-04-03T20:07:06.077Z,417.945007
1CLc4EfYtzR6BWtfVdNS1SCJ4pVEWDD8Ka,400000000,1,2022-04-03T20:07:06.122Z,2302.147948
1CKjZMPPNcxz9d8Yqt2Z6k5tU8HzxKGo5x,50000000,1,2022-04-03T20:07:04.851Z,204.774002
1CLtJS8bHL3ujNMxuzDN1X6d8BEm212txy,50000000,1,2022-04-03T20:07:06.093Z,208.4149935
1CKV1NuQeuaq2izEp6TsbQrwGt7SG4C9mM,410000000,1,2022-04-03T20:07:05.079Z,1733.2544795
1CQARe4a5Bqarf7HdRmMfeBSCjyhVDK8BY,510000000,2,2022-04-03T20:07:25.266Z,2132.0204342773786
1CozVojst363psYFgPdbRZoxNRSbs8R2Rh,700000000,1,2022-04-03T20:07:04.940Z,3185.678895
1CthM5bHMNr94QDeJYmN3KXoQw5uCx5uSu,300000000,1,2022-04-03T20:07:24.632Z,1878.947937
1CLt1XmD13fRJYFVt64Z9F9mmCpd75vQ2X,150000000,1,2022-04-03T20:07:04.957Z,894.4469609999999
1CP3nH1MM2Aq3kvMmEKfaXdp95dCtgj2Fj,250000000,1,2022-04-03T20:07:06.167Z,1682.1600349999999
1CnCZrhQdG47kEXA3HzH7ZGAbsDeDs4XAc,300000000,1,2022-04-03T20:07:05.135Z,1272.692964
1Cu3s4LSb6NZ2j2n53G4YnADC9gX1VCXEQ,1003616,10,2022-04-03T20:07:25.353Z,41.31124253586881
1CRJa6VTtiFEcReZjpLwtHBmXKkdUTW3bv,200000000,1,2022-04-03T20:07:25.315Z,1149.26001
1CSWYrMgcRMJKgViGBNcPxyPrDppfWp7jT,400000000,1,2022-04-03T20:07:24.602Z,2632.312012
1CqRjrkQM7bykqUMKzDD9gQL6C8ZVBsNTv,300000000,1,2022-04-03T20:07:25.393Z,1378.808991
1CsR32D2rY7FXkDVh474fsyBcdEfi52zqy,300000000,1,2022-04-03T20:07:24.670Z,1296.456024
1Cmmi1mDVDRSErpXsi3QZkWjk71p1WuY1v,150000000,1,2022-04-03T20:07:05.319Z,683.5050195
1CPKxaQfZbV225ZtT4isGS9ejPWX5kBEjt,200000000,1,2022-04-03T20:07:06.220Z,1132.70996
1CPVuz3nLmV4oTgKmWSV5GzzptvmnhVSCj,150000000,1,2022-04-03T20:07:25.408Z,634.1174925
1CqD6Y6XjRALDseXBeMhMZaQ3CTJtBP8Ns,1098836,7,2022-04-03T20:07:25.439Z,32.61260745313928
1CmKwwCiXNCFq9FubiJvnPZtcNWqUfH8bS,50000000,1,2022-04-03T20:07:05.249Z,209.0204925
1CPukfQKrsm5bVs5ZcR2eP74zzJjY1jqW7,200000000,1,2022-04-03T20:07:05.281Z,834.262024
1CPoNiTBHT3K58j371uVeKKFSVYNVokopo,300000000,1,2022-04-03T20:07:05.349Z,1726.6109609999999
1CpgjqvA2ayHQ2fGUorhqis9MH9KpivPUY,100000000,1,2022-04-03T20:07:05.435Z,418.040985
1cqWTre5RUqLFWgK9mz4NkDvpeT2GSZ2k,100000000,1,2022-04-03T20:07:25.525Z,416.515991
1CZ6eFgvX2e7VwJVLUcgBeeZn62nbhmkAP,150000000,1,2022-04-03T20:07:43.799Z,690.724503
1D6wemR3SW27M6wo14Bv3cp8GSfK6QMK4a,250000000,1,2022-04-03T20:07:42.769Z,1477.6350400000001
1CYswnC341M4SJ25qCP9pEXs8oeNxSuukr,50000000,1,2022-04-03T20:07:24.717Z,208.505493
1D3sqsTQ9QUoHYnU618mJNE1dw2RWP1Sdn,400000000,1,2022-04-03T20:07:43.739Z,1696.119996
1D6JsJWtGMWHGGgd2HpYCra8s2hmGZQmwM,50000000,1,2022-04-03T20:07:43.815Z,208.2579955
1D5urLwBQVpPUaeQfR6HoumQrtFY7agf1x,50000000,1,2022-04-03T20:07:43.754Z,210.310501
1D5Xw1gocXGTihQ9Ge1FH2kkWQFCUvd33s,100000000,1,2022-04-03T20:07:43.832Z,452.727997
1Cv4sBBXKtwZNzvyHpFEjHf9SbGMueuvL6,400000000,3,2022-04-03T20:07:23.807Z,2441.9553019913988
1CuRGSdJKxrkew1RfD6rro5b5KUNt5RoKP,50000000,1,2022-04-03T20:07:23.879Z,206.9859925
1D6T1VjhNNUqVdjsjNXUq92ucGtQtHRKem,300000000,1,2022-04-03T20:07:43.865Z,1830.6119370000001
1CX5v9MBvLuTWg9ji4SjYxaQ2MiBxnk7dy,400000000,1,2022-04-03T20:07:23.828Z,2450.043944
1CVNJCuUS2cn5234m5W8oMSucc3u1Ros9s,200000000,1,2022-04-03T20:07:23.940Z,1407.404052
1D7n9qB8fqEHcGKPUwwgbxhjRdzGG4TEV1,50000000,1,2022-04-03T20:07:42.901Z,211.186493
1D4yvLhuhWZMnipyJUVR83phj9ie5paxZc,400020570,1,2022-04-03T20:07:42.948Z,2559.6916853760854
1D4B4i1vcsASqZsSSpYQgRHZs7AkV6PN6z,100000000,1,2022-04-03T20:07:43.883Z,416.729004
1Cw2Pb9B2WsbdBekrxrGMPBLa8u2vh9khJ,150000000,1,2022-04-03T20:07:24.774Z,626.9399865
1D3f3ZFGC1RFTGvUNh7nwshyXGpYmn1YLd,400000000,1,2022-04-03T20:07:43.016Z,1666.916016
1CY68wXpbWXWeParSbCDf7Jey5rdK14YRG,300000000,1,2022-04-03T20:07:24.785Z,1201.7100209999999
1D5fHYTc4bB2vSKSjBuhh264uimgCJbP1T,300000000,1,2022-04-03T20:07:43.970Z,1261.863006
1D5MJoAkrdp25uNh67qcnfTZ6Swy82sMTB,1386853,9,2022-04-03T20:07:43.950Z,52.92605485828322
1Czy2ohBS9WTc9M81McZ8ktbm2qr8wN4o6,50000000,1,2022-04-03T20:07:43.988Z,205.222
1CVRuDRZJHhJvf5dzED6rrCNqFJdhdXcxF,150000000,1,2022-04-03T20:07:23.955Z,636.4230195
1CZAMLFzehUxUuDaE6FbkaftkDj6Umgikz,100000000,1,2022-04-03T20:07:42.995Z,414.81601
1D3y645yFRxFNtJY2uTpCEdMaZbZ1tRMUY,300000000,1,2022-04-03T20:07:43.046Z,1231.332
1D1oN5UQ9jDXtvh13cKQB4jsf7ua8vFGJP,250000000,1,2022-04-03T20:07:44.021Z,1426.182555
1D6B8CdxgiSVNy3fWdvYdhQAyNc9H5Yfwa,50000000,1,2022-04-03T20:07:43.064Z,207.4299925
1CYWXL1ZNZKnhRdgRxcvdpUWTs7otM263a,50320390,1,2022-04-03T20:07:23.981Z,213.63219954082342
1CxoFuHttzXkbkJks3QM3znxk7anYKLViS,306184626,1,2022-04-03T20:07:23.999Z,1265.4825136147438
1CyzsdG646Nckj3ZeaLx7PQQLVLr8pUVQX,300000000,1,2022-04-03T20:07:43.103Z,1807.875
1CY7MnqvedYX5z93qk2HrPAM7ujMrRwqxa,200000000,1,2022-04-03T20:07:24.831Z,843.302002
1CXj9Q56FTbEoKqu5kUVkvZkGfWp1iLrbH,400000000,1,2022-04-03T20:07:24.851Z,1665.751952
1CZwR8db6GzahBmxkoet96dsTaWY64GFUU,100000000,1,2022-04-03T20:07:44.039Z,424.029999
1CvJVyGKS1ACu2dZA17FK3xDkgVnr5KL5m,400000000,1,2022-04-03T20:07:24.032Z,2705.184084
1D36Vbx38jBTCBULt7HjVAkyw7e9Uo9k4K,1027593,3,2022-04-03T20:07:44.054Z,18.382548719897457
1D3Gs3gtnVnw7NPgsYGV6pQ3eLP952YWLY,400000000,1,2022-04-03T20:07:43.122Z,1682.484008
1D6niqY4nbkQ1Kr9Ymwa3M4yNDuUFc5cUJ,49990000,1,2022-04-03T20:07:44.069Z,210.3259224008
1D5VXfAZr7bHZq8yHbLKyYAuobfroXFFn2,700000000,1,2022-04-03T20:07:43.178Z,2951.830014
1CVJGWmFrhiG5a6UoyAvuTgFRVXtQhkzos,50000000,1,2022-04-03T20:07:24.076Z,206.9859925
1D7pMXuUJgqd64Z2r1nvoF13pvTQN5iMxU,50000000,1,2022-04-03T20:07:44.087Z,208.565506
1D2b1dojvx7JJ6uUzHpkihgfJJzYTApoLm,300000000,1,2022-04-03T20:07:43.140Z,1249.313964
1CwVzQEQ83oPVizpuMwiYXHpujRzZ5y2MH,200000000,1,2022-04-03T20:07:24.119Z,828.642028
1D1DakdV3WvcsSGdVFnFwzjPacjhuQkzVT,50000000,1,2022-04-03T20:07:43.216Z,204.774002
1D4eyjNiHELps2XvCuT7QSCbCF1geePa4N,200000000,1,2022-04-03T20:07:44.179Z,870.245972
1CZRzGTAL8qkM37LZgbSeTM8oAovjWo2Nz,100000000,2,2022-04-03T20:07:44.118Z,416.394012
1Cy8AbHkMzWTBSJJhJtnUCXrvdfV9wCjcD,100000000,3,2022-04-03T20:07:24.922Z,420.785004
1D4VCQrANs5zW3y6HrnwtLZfCRYr52yiWd,250000000,1,2022-04-03T20:07:44.148Z,1443.597565
1Cwhwd7mosDJ9RTXfinkALLwvuoxm7ercF,300000000,1,2022-04-03T20:07:24.178Z,1251.032958
1CYebAuPt6rhdY1zwhyiMGtxcP21NiyJb7,100000000,1,2022-04-03T20:07:24.152Z,420.872986
1CycofSwhCBfgZsKFpPy9Ad7gBfeHp7cqc,100000000,1,2022-04-03T20:07:24.206Z,424.029999
1D23rboPS7PeKoDtuDRvsxE44vokuFRbVD,300000000,1,2022-04-03T20:07:44.218Z,1830.6119370000001
1CXfmb7PwVyLBmsJRdhBo4tNRNiXh2aiTq,200000000,1,2022-04-03T20:07:24.269Z,1159.302002
1CWKJ7LJ8XVtWc4SqU8ndxxKXDLnTztSha,50000000,1,2022-04-03T20:07:24.304Z,211.186493
1D3WXPb3RrqfuUqsyWZQ2vdXeQDqUpHEzi,400000000,1,2022-04-03T20:07:43.347Z,2403.303956
1CvS9c747PoVjASeU4qhNVEmhdE1Vqws8H,400000000,1,2022-04-03T20:07:24.390Z,2436.90796
1D2fVowdMbj8FP9saemoqXuMjF3Zmx6gSh,250000000,1,2022-04-03T20:07:43.377Z,1450.4550175
1CZxJPKBTD2N3f1uFhR9WeSUfHXEq5zLqY,100000000,1,2022-04-03T20:07:43.450Z,428.591003
1D3weeL3X4A2SqaKFBrgAHbu6L4zCYwRFL,50000000,1,2022-04-03T20:07:43.471Z,207.4299925
1CWYVWN34toVmWxYRVU2nqGQiYs9takB8a,200000000,1,2022-04-03T20:07:24.345Z,1060.079956
1D6sAM9xokPYp5kM6rb4agE83No9iY5GGz,200000000,1,2022-04-03T20:07:43.410Z,1313.984008
1Cx1MWAQUoWgoBAnnMqsLSsTzajLPSzmDV,400000000,1,2022-04-03T20:07:25.068Z,1643.75598
1CzaXKcUE13upS2oM8hbSFkgPtM1AkzHvU,1001968,2,2022-04-03T20:07:44.283Z,8.51582596828832
1CwWKLmn95veffPmUzCztgnrmbx81UKLNn,400000000,1,2022-04-03T20:07:25.083Z,2384.464112
1CXPjF9yaJiUgQvXHZrYNAFJR9vnokWntx,100000000,1,2022-04-03T20:07:25.022Z,417.177002
1CyUFFxw73WTiQsQ9zxmWZfb2GFH58JkWn,50000000,1,2022-04-03T20:07:24.416Z,212.4774935
1D6f8nHtt2nztvnJZgp8TPpgUdVEjm541x,150000000,1,2022-04-03T20:07:43.431Z,658.9844969999999
1CVLKcRo1HedsGRW8J8aMLX3RjgCH3jp1S,250000000,1,2022-04-03T20:07:24.467Z,1690.7400525
1CynqCoJYaLXJpS7gchCFNBb4ATK4Wj7uG,150000000,1,2022-04-03T20:07:25.142Z,658.072494
1CWLnDpf2agd94Gy63jUmXxvAUWD4VbmXv,50000000,1,2022-04-03T20:07:25.157Z,208.505493
1CuQruYyLNqriYn2Pem6xfZafvPWR9Ekkm,700000000,1,2022-04-03T20:07:25.114Z,3156.264923
1D1X7UJfzvTw5afQDtMrRG2dMErRV6Lk8o,500000000,1,2022-04-03T20:07:44.318Z,2980.58014
1CvZEoAkF7W5fKXnzDTmc7DFJxXBM4Wu6H,300000000,1,2022-04-03T20:07:24.529Z,1830.6119370000001
1D22PdZXEzoAHqV4DJnXUtZiF5dRBDHgYG,400000000,1,2022-04-03T20:07:44.301Z,1638.192016
1CWtC6jL3hHQXJhJTxkXbmPYr978brY7Za,75000000,1,2022-04-03T20:07:24.516Z,337.068741
1CzRvbieMNvy9iLfFvwqG6AzZya5txPpBw,50000000,1,2022-04-03T20:07:43.587Z,208.505493
1CZmgUdZv4kxqeKf5o57Ed3MUze4RJ4kD9,300000000,1,2022-04-03T20:07:43.572Z,1337.211
1CwukpHYiSyRHBBtxy3vEbPeoayf1FyZG2,100000000,1,2022-04-03T20:07:25.249Z,414.81601
1Cv13BUEkVzodfteVVMPnNHvcTmFuWVVWC,50000000,2,2022-04-03T20:07:25.236Z,208.50512260210002
1D4JBfoSTocZp1Gjsc91SuqG2UkRm7ZaXD,80000000,1,2022-04-03T20:07:44.364Z,372.87119120000006
1CWjg28b1GftK7KSeJEFjwripoeLMVztb2,50000000,1,2022-04-03T20:07:24.582Z,204.774002
1CUU8foLWDZYLJyfojRfvvS15ZSm3jHVLm,200000000,1,2022-04-03T20:07:25.377Z,906.768006
1CXGtNp2xxeNe2JaQme4WAtWchGBrFWrJj,100000000,1,2022-04-03T20:07:24.618Z,420.785004
1CwxcDazTJk7h1BJwpABMLBqVajxCrP41c,400043045,3,2022-04-03T20:07:24.649Z,1698.3587689673827
1CYLjt1TmmwLrWxvkCqcFNgFuzyUMnzWBn,100000000,1,2022-04-03T20:07:25.280Z,418.040985
1D1aQgy3rGYm8JeY2rTpzMZW3YV61WsDDB,50000000,1,2022-04-03T20:07:44.410Z,210.845001
1CXPPhRR2io8P8LACGXnB8LyWya3HmCq1K,50000000,1,2022-04-03T20:07:25.298Z,210.8255005
1D4uV4iJyJMnXGTZHa7LQS1w2u6XVqdwhZ,300000000,1,2022-04-03T20:07:44.392Z,1820.919066
1Cwos2RRXzcuvTzKuRSWK77hrqexLxMgcQ,550000000,1,2022-04-03T20:07:25.329Z,3571.4799175000003
1D2qNUcWHZcFkb2oPJCKrgxbUQYHdJF96d,200000000,1,2022-04-03T20:07:43.693Z,829.71997
1D5CRRyGQAozqCCuDzE34KUDUooYePAJCP,50000000,1,2022-04-03T20:07:43.708Z,208.505493
1D7i2SgRkbfeWHg9eReKX1A3ZM44WK2APX,300000000,1,2022-04-03T20:07:44.480Z,1923.2160629999998
1CvcVnELmnNwCfRvbfsche9pAQqNKdbEiz,100000000,1,2022-04-03T20:07:25.424Z,452.727997
1CW3W2zbGCz9E2pfiefmfeHeDjFyha6Efh,410000000,1,2022-04-03T20:07:25.483Z,1707.2154491999997
1CVsXiCdNqHqKhkRzDk3dRsXxVEQzbkq39,200000000,1,2022-04-03T20:07:25.505Z,1229.088012
1CVTe2kYMBRJfKVVKjd2nHtdP6qWecShqz,410000000,1,2022-04-03T20:07:24.688Z,1738.5229958999998
1CzDQ7CVhCdHU8DAXvcu7xCTiAJ4px9ESi,50000000,1,2022-04-03T20:07:43.724Z,208.2579955
1D6wCvZCw7mH65UyQWUaQGrmvJJAKio3NS,150990000,1,2022-04-03T20:07:44.544Z,687.1509376515
1Cy8e4DE9vacwaRepGcKtuKf42WjQvfSGW,50000000,1,2022-04-03T20:07:24.701Z,206.6535035
1CWfgUz1S9ocCYTYwdvTcAWTCuc9iE7hzn,200000000,1,2022-04-03T20:07:25.462Z,1317.328002
1CxgDTz6QZYio9aLKaMxLo8KTp2T4r6xDd,1125581,1,2022-04-03T20:07:25.539Z,5.9811796950786595
1D1y4xjD3aQdPNKXVkcGv5kfZdGJAo8gd5,150000000,1,2022-04-03T20:07:44.529Z,910.459533
1DctLQZhW3YVjBSf3ZkJRxVK4ah7we2cav,300000000,1,2022-04-03T20:07:42.858Z,1820.919066
1DgERpPznNHrn9UtcQosfJFFszH36gDPx5,50000000,1,2022-04-03T20:08:02.538Z,211.8670045
1DGd7QTaLpHvPFc1ixSQCQfmcN8HTgH4Nt,250000000,1,2022-04-03T20:08:02.519Z,1437.607575
1DcvYHpZTSrkibxTu6JkUvqXV4cunHyrbA,150000000,1,2022-04-03T20:07:42.877Z,689.4044955
1D8qnN27jwnZiF4sKnrmv1e4pKggYL3U7,100000000,1,2022-04-03T20:07:42.801Z,460.483002
1DcFC3D32wAZnaytxrboh2wnk3eRsT2uhA,410000000,1,2022-04-03T20:07:42.821Z,1708.5889163999998
1DAn81aL2tMnyjdz5fay5F7uYVdZx424G2,400000000,1,2022-04-03T20:07:42.840Z,2561.511964
1De6fJz1vvCkQQ4KrTCoknqFRu1Lwi1yZb,19997067,1,2022-04-03T20:08:01.707Z,89.18311697762196
1Dhv6CNsJQxZXqcfqmKtE7xFcd8BeQCyfd,100000000,1,2022-04-03T20:08:01.758Z,417.945007
1D95nEsxGa5J5o42k9dsa8Z475NmALtaQD,100000000,1,2022-04-03T20:07:43.784Z,420.785004
1DAJn1hvRWkgqM6k78VVQpHTjzPYMK2aie,50000000,1,2022-04-03T20:07:43.767Z,210.392502
1D8vWFa9VELAXvM2vaoGXZeb3JebX4A5hn,150000000,1,2022-04-03T20:07:43.851Z,666.2324985
1Dg9NyHGKyNtYpz6CAVh6fxwHgYno4AzCs,250000000,1,2022-04-03T20:08:01.778Z,1676.5675350000001
1DFZRGV494eUZ48QBgaKx7eGaDC3SaKCJ7,400000000,1,2022-04-03T20:08:01.796Z,1740.491944
1DiepECH5TCMGP3b9eGKRGvvcvGWm1SP5z,550000000,1,2022-04-03T20:08:01.853Z,3700.752077
1Dfs1a7VRFqcjMFzvawMKWb1isTKf84Tj2,100000000,1,2022-04-03T20:08:01.833Z,424.954987
1DBC9MiqykZTbbEy4NYnDBbXPMXrC6JxkY,150000000,1,2022-04-03T20:07:42.966Z,682.6454775
1D9sdWrZ2nEHwsZVwuGbTb2rLMkamsy14Y,550000000,1,2022-04-03T20:07:43.917Z,3657.566132
1D8KQAAiAr4mbhrLDgZCiEixFYVAcHMHB8,150000000,1,2022-04-03T20:07:42.918Z,869.4765014999999
1DCVEuqh6ouprpJ4gfRbDdLR6WC32Az6jS,100000000,1,2022-04-03T20:07:43.900Z,424.954987
1DauU14satXqgWNqU9SWL7C8wqgxqiRAtp,1000033,3,2022-04-03T20:07:43.934Z,12.62396669715396
1DedK945FAqzqniz57S5sZvmPMyigPXujQ,300000000,1,2022-04-03T20:08:02.625Z,1851.362916
1D9i8zepKfAvvaEFmPEdtVD24nFhPcWnRM,50000000,1,2022-04-03T20:07:43.034Z,220.694504
1DDL4hv1ciDqpxJZRsifFcEZYeuoZGXs2i,150000000,1,2022-04-03T20:08:01.872Z,625.0935059999999
1D9876LytE8DgrdFMWV6E4hJJzF1xXTocT,400000000,1,2022-04-03T20:07:44.004Z,2309.879884
1Dfj8vdhuMVdrTi2Dx3PmQDYCtmN6Ae4BH,200000000,1,2022-04-03T20:08:02.686Z,1067.728028
1DDeWpu7NGcKfH1uE7bZpevr4NCt8Crbd3,400000000,1,2022-04-03T20:07:43.085Z,1672.355956
1Dfq4wcnyttZL91DgF2zT14ECbiqa5wHQ1,300000000,1,2022-04-03T20:08:01.887Z,1239.921021
1DHGH9HH2NiKoKHTLhYS3B5QFS1mW8hJEc,300000000,1,2022-04-03T20:08:02.640Z,1250.1870119999999
1DDYLiurH7Vyud8774UpwdNSB1Xu56sP3w,510000000,1,2022-04-03T20:08:02.718Z,2125.3179204
1De5Pqb5T5DM52CpQXFHt4vntuk6r9yrKP,1000000000,1,2022-04-03T20:08:02.750Z,4351.22986
1DBueqFqBFo5M3A7XZ8LtBxBUny1S2Hf7C,250000000,1,2022-04-03T20:07:43.160Z,1591.9650275000001
1DdgW3aafjBEYFNF2tFfZeiFrqhYbjsbh3,400000000,1,2022-04-03T20:07:43.196Z,2653.02002
1DDhcNkZtWpnhxfvCwV5c6QGk1EmahZWPu,250000000,1,2022-04-03T20:08:01.957Z,1602.6800524999999
1DbESkrMybXT7uqWcavGsJ7Jk49q4Psbem,700010000,2,2022-04-03T20:07:44.103Z,2915.6538773991
1DFJM42aLtWaKr2LK4XuEPMTvbq29iY9n8,400000000,1,2022-04-03T20:08:02.804Z,2296.42798
1D9XkbBVg55YVCqzVGUMHsrygVpsc2DxjC,50000000,1,2022-04-03T20:07:43.271Z,208.4149935
1DHULPZvrGkVPrLF5xL7Fzdycjb4XF1HFa,5000000000,16,2022-04-03T20:08:02.782Z,350157.59280000004
1DBtNGguhcnyxH5RjjYwrBfHansAw7pFF5,1000699,18,2022-04-03T20:07:43.239Z,74.14410927079926
1DhKKfSSZqmQWzLhH98kfqdt3J8yX9JTv9,6111956,1,2022-04-03T20:08:02.018Z,37.17554337180836
1DAdgc9Yw1n87rZELQrqBvAvRC2WmiJn9c,400000000,1,2022-04-03T20:07:44.133Z,2627.968016
1D7VNzikruWZ3GGzPfHVgc3CRshPmF7xTa,510000000,1,2022-04-03T20:07:44.164Z,2143.7798949
1DE74u9cmDyhsAFHPbiaz4DWpH3ksn9NRq,510000000,1,2022-04-03T20:08:02.859Z,2154.6633102
1D9yMGDHyg1FNHzGxNkNQSoBhD4QxHGmyD,200000000,1,2022-04-03T20:07:43.331Z,1134.47998
1DD2mFQh9dgjuBmXBErmXr8gTRsyy2PcWp,102977640,1,2022-04-03T20:07:43.303Z,434.94973298033045
1DCSQUf9PgB8ne51h8YLP67yTDsNHVMWd6,200000000,1,2022-04-03T20:07:44.198Z,1279.78003
1DehtMwjTaSLPAfnHRjsubB55J3kVuBiMe,50000000,1,2022-04-03T20:08:02.037Z,210.310501
1DfAavKsn36Te7FHSrzoXbw9osdPTxeVu9,300000000,1,2022-04-03T20:08:02.068Z,1791.446961
1DftJhH5WeyvM9N92A5F8yuWZ6qBFTVQZq,50000000,1,2022-04-03T20:08:02.909Z,206.6535035
1DBLdigDc4b88ih4pyLByEB6v2qCUTyii4,300000000,1,2022-04-03T20:07:43.363Z,1868.5830690000003
1DHmBCXzuYbWn7D5m4qAAXU7xEyUACKReC,100000000,1,2022-04-03T20:08:02.108Z,416.729004
1DfaCJ7HnFMuCoTCS3fuep3d7wE8DgEadT,400223420,1,2022-04-03T20:08:02.090Z,1668.9756299449214
1Df7ryneUZ9v1SSnsdbCmg1N1K1d7Z2uPe,200000000,1,2022-04-03T20:08:02.928Z,828.642028
1DE2byxU3sXMvXbQhMDBu8FLDzc71YLr3T,50000000,1,2022-04-03T20:08:02.977Z,204.774002
1DcFJFUeYa5GGg2DUX7eqY22eeSzdNxxUK,400000000,1,2022-04-03T20:07:44.235Z,1778.676024
1D8AN5je5AvEJ7mGsFACHiCRAqMuVYMBSx,300000000,1,2022-04-03T20:07:43.490Z,1830.6119370000001
1DBZdT4CgqAAGqb8u81D3f783qVW71u2w1,50000000,1,2022-04-03T20:07:44.250Z,206.6535035
1Db1kEt3rm4cRCW27s1CZg3sqFKt53iGoZ,150000000,1,2022-04-03T20:07:43.394Z,625.0935059999999
1D8QsotDdAbGqKUMCxBHqMGFbK5ho8zfJb,1474655,1,2022-04-03T20:07:44.264Z,9.0399447685638
1DBU7m8z2KTp8cAB3MTpE4bHaFYAC1dwRH,300000000,1,2022-04-03T20:07:43.525Z,1244.579955
1Dg5x3yCh1HsKvh1uc5h4kRzxUP416xpGo,200000000,1,2022-04-03T20:08:03.040Z,1220.871948
1Dg4vPNtTnnuBuu5oVz4YZggJBEGLL3Wo,400000000,2,2022-04-03T20:08:02.165Z,2653.02002
1DFb7qaL27BBAxT6zm5tgazamXKWXHWBi6,250000000,1,2022-04-03T20:08:02.184Z,1418.099975
1DfhxMMxRd14eaWxwqQ7bULFsN1MmqiTQ9,100910000,2,2022-04-03T20:08:03.091Z,424.7779375064
1DFFqzhRk667fcMr7RBUocZuupQayTcMCA,1212918,1,2022-04-03T20:08:02.235Z,7.00423722285378
1DhUK5LH56bNTgJqMUjKCTuQTVFgVEyuoW,100000000,1,2022-04-03T20:08:03.183Z,416.729004
1Diidzqs9V29fYREGwwjF4VThn38vZd6CD,100000000,1,2022-04-03T20:08:02.206Z,417.177002
1DDg2Zv4rm2tDUG6KHiUjwCMVprfQnuiNm,50000000,1,2022-04-03T20:07:44.332Z,208.505493
1dEf7ErXFXa8oKmQAD7UcdCR3zArCkwFN,400000000,1,2022-04-03T20:08:03.199Z,2450.043944
1DHMq6ApXpF3qjRKKxzja49fBTj5E82xBa,50000000,1,2022-04-03T20:08:02.324Z,208.4149935
1DdUKKb29dVy6UrBgaRu41mKCf7NuTh1aG,200000000,1,2022-04-03T20:08:03.259Z,1316.156006
1DF6i4UfBdCjmunsJHMJTva8D3RYdvSMsr,510000000,3,2022-04-03T20:08:02.265Z,2289.9560286
1D8CsiUSj4E2YwMzxDpUteZQiVCDWrTghe,150000000,1,2022-04-03T20:07:43.602Z,625.0935059999999
1D8Vc5et3tM6HMaSLJLnK6EzuERYa64zRJ,50000000,1,2022-04-03T20:07:43.555Z,283.17749
1D8envXudrap4pUfeWJ7CE9ezjEjT953n5,50000000,1,2022-04-03T20:07:44.349Z,206.9859925
1DbatCUhySaa7SZtYrzGxQ5QCzcVJsuDCN,300000000,1,2022-04-03T20:07:44.379Z,1831.307922
1DgPQ1ucCtANyxaZT7bdjUfB6pmWnJG1J4,50000000,1,2022-04-03T20:08:02.381Z,210.310501
1DGVaVYRQWm2YnWBAUtvnmLMfQMEycS6Rq,50000000,1,2022-04-03T20:08:02.399Z,208.4149935
1DEpNJp2NSDqyNwoC8PXA2FMvmsKSrjdbE,4597089,2,2022-04-03T20:08:03.307Z,37.65457248320712
1Dbs7qi5BKbfQSfVsZGGneouiDGMKfKejt,300000000,1,2022-04-03T20:07:43.617Z,1250.1870119999999
1Dfa3F7vXvUGSXaNtGQjFTvcsshNtx5LRZ,50000000,1,2022-04-03T20:08:03.276Z,208.4149935
1D8ptJsg7XXzRBT8QHcLq9qXyd7rrosYGa,102000000,1,2022-04-03T20:07:43.663Z,445.90728101999997
1D8QmW1svMCMUsFrPtm3B9gtU8qYrmAmyK,300000000,1,2022-04-03T20:07:43.633Z,1856.982057
1DDhCBmamNGZ5oVpnucwjbQrY2gHLaXzbb,500000000,1,2022-04-03T20:08:03.365Z,2367.319945
1DGs4ipTBeFsXrB82e2YEfa9swsVbnJEMX,50000000,1,2022-04-03T20:08:02.418Z,209.0204925
1DGHi8THLpK4AKBDfXcR8GWiwxTybaVp8E,50000000,1,2022-04-03T20:08:02.435Z,204.774002
1DBqPWfZM78nHvjyxL2of1VbDVT2qQpi5f,410000000,1,2022-04-03T20:07:43.648Z,1708.5889163999998
1DCvw8sDpua4d7xPyUAtgxReswGBB75S5X,400000000,1,2022-04-03T20:07:43.678Z,2432.17212
1Dh1YnENTmpgoxahpy3W9bMybbcmM9mVc1,50000000,1,2022-04-03T20:08:03.384Z,210.310501
1dGnv9B3CESSdWgfas621fJF2Ez9CYN6F,100000000,1,2022-04-03T20:08:03.401Z,414.859985
1D9m8aAevTinFDRjmM2dBMAUDyJJA7USNJ,100000000,1,2022-04-03T20:07:44.427Z,416.321991
1DaDU636WkCz5YKXqzEr16p2BYdHJRMnL9,50000000,1,2022-04-03T20:07:44.494Z,208.505493
1DGDyiUyesHjVj1sEnVD9VPugsvgx5Uga9,300000000,1,2022-04-03T20:08:02.451Z,1808.52594
1DCjSn3NUfqNeyT3A9qKjQdBKkyvJjDt6P,75000000,1,2022-04-03T20:07:44.443Z,337.068741
1DG3b6j8Spf1koYZyjjLaQwHZvcMzYnD9i,100000000,1,2022-04-03T20:08:03.435Z,424.230988
1D8JtDPu577tUfK1yUoyuma8bA7eF2SaZq,300000000,1,2022-04-03T20:07:44.464Z,1808.52594
1D7zhjT7wwYCCSnfbhFR4R61SDEzYiB2uQ,50000000,1,2022-04-03T20:07:44.511Z,204.774002
1DEm5XcU2th1JZw4YNMc4Ausg9NK1qLpaC,50000000,1,2022-04-03T20:08:03.450Z,313.1579895
1DevjunAQBJsBfdo1BQHbJSHUN8THK5dBx,100000000,2,2022-04-03T20:08:03.480Z,413.307007
1D9ofKpRd5po2239aG8aGwr21v5aiph46s,100000000,1,2022-04-03T20:07:44.559Z,416.394012
1DmSi3znr3RrXMYMHGsWPHiaPAdGi3pUj3,100000000,1,2022-04-03T20:08:02.558Z,424.230988
1Dnv9xbjrSVZofJfWwBJiY6mXbTQraeU8Q,250000000,1,2022-04-03T20:08:21.458Z,1445.7225025
1DqpdqkHfmrBDarriaHx8f1GqLnqh3M79b,400980000,2,2022-04-03T20:08:20.519Z,1650.5298871313998
1DpmmxKomDTiF9zoPbm6oHQVnsypQ2zFXa,400000000,1,2022-04-03T20:08:21.442Z,2300.17212
1DKdipNLZM6iY9nkR36wRKfzS1RZ6KtbKq,150000000,1,2022-04-03T20:08:01.669Z,689.4044955
1DKHJa2YXtCsB8xkWs47L9xpUrvfv7geiH,100000000,1,2022-04-03T20:08:01.723Z,418.088989
1DKzrMWyoBe9E3ZEAVf2T54TA8zcifsNAw,150000000,1,2022-04-03T20:08:01.742Z,673.516479
1DJ3hjdcFdBjQRup9MFd9ZtXpwWv9ycdgm,302512919,2,2022-04-03T20:08:02.575Z,1233.3663496924592
1DNEjdBs6wd5eaCVsXC18WynJHwAM2B23T,4985838,1,2022-04-03T20:08:20.613Z,28.699979528691898
1DkhKbMLbj2xWjvYe8X7CvghJCrY5y4P92,300000000,1,2022-04-03T20:08:01.815Z,1289.139039
1Dpc5buiqSJJwRDCaMYmHarR25BK7HJucV,100000000,1,2022-04-03T20:08:21.567Z,418.040985
1DqH97bzNHJr9GgDMwrqdkMskKGXsPY6iU,200000000,1,2022-04-03T20:08:20.683Z,1184.206054
1DjshGrDYVo87Ja4DxpfCof3FpUZsDQpZM,300000000,1,2022-04-03T20:08:02.592Z,1709.8410629999998
1DKGfNi3aDc25d8hruHkwLB6rzLmo1SpqH,200000000,1,2022-04-03T20:08:02.606Z,1346.67395
1Dpg6gWgZW7pzkkPhaVCMa9XX5gbc6dgDZ,100000000,2,2022-04-03T20:08:21.602Z,420.785004
1DpRuzsMwoMdeW5ZDRBBDGyKiTCr61g4mD,250000000,1,2022-04-03T20:08:21.586Z,1661.3775624999998
1Dq46cdkzBBT4TFH8deVgKgGKcquPMDiCQ,50000000,1,2022-04-03T20:08:20.751Z,208.505493
1Dqrs56cuMGLreA1NyDqTzaofKFCrrBDWU,100000000,1,2022-04-03T20:08:21.697Z,460.483002
1DLqEwR6zujgfyoYwFs65PcE7Cz3GrFyer,300000000,1,2022-04-03T20:08:02.656Z,1228.644012
1dLhRPv7kJVikhpajbU3z4RTBaG5y1PTZ,150000000,1,2022-04-03T20:08:02.671Z,667.003509
1DQzZF6KZeudNuRZ84kR5XFAqHgtoT9MVj,50000000,1,2022-04-03T20:08:21.668Z,210.310501
1DRiUPMqqpnbqsgkTvaBp5piJmigmMnraH,100000000,1,2022-04-03T20:08:20.787Z,422.372986
1DiMM75HqhsJDfnLGyRJMfNMDPvgkZ4t6p,400000000,1,2022-04-03T20:08:02.700Z,2318.604004
1Dm13yaBraDMH3D9f7tSkPJszf8Em2rkUd,400000000,1,2022-04-03T20:08:02.735Z,2607.135988
1DpHwSMsRZ8kx2aZEmj9pFdHH1xffixXkR,300000000,1,2022-04-03T20:08:20.864Z,1716.9089370000002
1DMyS5KL1tonZccRmuVUT2VMuXboKBzd7E,400000000,1,2022-04-03T20:08:21.778Z,2422.771972
1DmCMKDfkBN4ZPuTUR1TyNzipuwCJ8MHa1,200000000,1,2022-04-03T20:08:01.905Z,1073.839966
1DJFeHP6fQvSb3YrF7rT5WWCHf1D4PJkzL,400000000,1,2022-04-03T20:08:02.764Z,2333.659912
1DJNTTtvWu7NQ5oFKMqeti3gLUorJocxp8,700000000,1,2022-04-03T20:08:01.924Z,2893.149049
1Disosy9fA2JaX8k5C9bvEzuy98UwyKfwm,300000000,1,2022-04-03T20:08:01.941Z,1272.692964
1Dpyw43Ga2R5Q5d254hXpJhCT35yR7XWmH,150000000,1,2022-04-03T20:08:20.823Z,795.059967
1DNsM3ftnrsTXm5jgA4thY83J2GoR6MqPB,50000000,1,2022-04-03T20:08:21.748Z,208.218994
1DJwfeTT7Eixcj33FoPZmoZhARASbJ3FE8,50000000,1,2022-04-03T20:08:01.977Z,204.774002
1DMvd6G1o6ozPN93u2e6CdaQA9heteHMrG,1001334,12,2022-04-03T20:08:01.996Z,78.64092940032145
1DkQsqJ5sEaGmf5v76CwNLqwcnXp8CsuaS,300000000,1,2022-04-03T20:08:02.832Z,1253.879973
1DRPAA6m6gLez77PureMFiXhxS6rMg5Q3,410092527,3,2022-04-03T20:08:21.829Z,1714.3548392821908
1Dr4zoG3B5xPaARoer3oap5ZzPKD8pNtvh,150000000,1,2022-04-03T20:08:21.877Z,689.4044955
1Dotg5QFEgeUW6AHN4iueeEy5z6ehh8AYW,300000000,1,2022-04-03T20:08:20.915Z,1791.446961
1DNsi5EeKASzxK3jwLVdxiprXWvvzyMgj9,300000000,1,2022-04-03T20:08:20.935Z,1272.692964
1DKmzuoehANR7RL3BvCKiV4biCDJtVztRY,100980000,2,2022-04-03T20:08:02.892Z,420.59784771179994
1DJk4iHAu962HTj9fciQ8k5aUPTqCihBSZ,150000000,1,2022-04-03T20:08:02.876Z,625.0935059999999
1DLmX5MBGHiwMRsaJVdH7qKd2KedUsVgM4,100000000,1,2022-04-03T20:08:02.051Z,417.945007
1DRaaZckuJ5Uc6E2ZEnisPHR8FrTPPVVop,200000000,1,2022-04-03T20:08:20.961Z,841.471984
1DJKi7cQsksDS6FxXNw6NzBctCynNfReNT,100000000,1,2022-04-03T20:08:02.962Z,420.785004
1DmWYJjA5tecTicFNa5U9gm6qWHm1Vu3Vz,50010000,1,2022-04-03T20:08:02.947Z,204.81495680039998
1DKLHCucmbrDbRNFgFUMJLCqwwTFbTBicc,50000000,1,2022-04-03T20:08:02.128Z,208.1609955
1DoRWPqYKLFp24YQHsFTvJB4EzYJQBxAp4,100000000,1,2022-04-03T20:08:21.941Z,414.81601
1DPQiNFfn3L5ZGVdzVCQuSRkUhhXhmDSay,550000000,2,2022-04-03T20:08:21.973Z,3394.1653459999998
1DrGzqusugQZkA8RuB1556v11jo6TcwLum,300000000,1,2022-04-03T20:08:21.905Z,1722.3209849999998
1DLowHYUg3FJsae4JTJDCibDRSxjWV72S8,250000000,1,2022-04-03T20:08:02.991Z,1469.4450375
1Dn6MRVW2siBLhNR5LDT7zJVnZiLyyb2bN,100000000,1,2022-04-03T20:08:21.920Z,610.435974
1Dq46ALhFpaEmSXoRdrw1nSLq4mGXE9wKg,300000000,1,2022-04-03T20:08:20.980Z,1851.362916
1DKUJQ6DqGu8zQquiapeqEAzvyds6Ec6q,200000000,1,2022-04-03T20:08:02.146Z,1196.42395
1DLEQ3fjjeVNTzBSFsEgey12jguk9pPC6U,300000000,1,2022-04-03T20:08:03.005Z,1832.6760869999998
1DKEsUtGtbiw1fkhrdG8TePprxzFSHrm7i,300000000,1,2022-04-03T20:08:03.021Z,1262.618958
1DpGzkW8DujuTjvewrkdQSrhvX5tktreaV,1011100,16,2022-04-03T20:08:21.989Z,100.76396485684798
1DPPcBaxC9pioDRxiGb76HQNQR4p8tBjEi,200000001,1,2022-04-03T20:08:22.114Z,843.30200621651
1DL11fuLMf9zHd4tPUtHVo5tZHWp4meRu2,200000000,1,2022-04-03T20:08:03.153Z,1341.254028
1DkPUvQSUWRvz5XUNZ9vfZFTFe2MwQSTUA,150000000,1,2022-04-03T20:08:03.056Z,671.9640195000001
1Drf5LMFty6z72aD4vcjRxvx3JFSdbYMet,200200000,2,2022-04-03T20:08:22.064Z,833.620812024
1DoBhVPwKCqNW4aHNeQDesjRrV6ddDyPJZ,50000000,1,2022-04-03T20:08:21.027Z,216.076004
1DiiQ8jp5ss7zifZ5GK7v9WRUTusGz4GUi,550000000,1,2022-04-03T20:08:03.138Z,3444.7378845
1DRbRCwxq2UywoZciMwAobXJ3AGieNys76,50000000,1,2022-04-03T20:08:22.103Z,206.6535035
1DkFUU5N5V87ThYgW3Yo5FvwJ2fyZnaNfE,150000000,1,2022-04-03T20:08:03.115Z,677.8125
1DnvdFXsZjGFrVLUUXYycVPBYAYus7LtyH,50000000,1,2022-04-03T20:08:22.127Z,207.408005
1DLRw2pYQgYfbeLkc7oPuKpqkQjo1Pu16P,400000000,1,2022-04-03T20:08:03.167Z,1728.608032
1DNoSQwq93oY63AqWgApoXiSXJwehgLzBU,410000000,1,2022-04-03T20:08:21.072Z,1710.4257082
1DkJvwC6CekQgJPjCQnbgiL3VshmZShoHP,300000000,1,2022-04-03T20:08:03.228Z,1788.8939219999997
1DkbxjN6qHycEdsJmfZERBN6KFzMP2tMLP,50000000,1,2022-04-03T20:08:03.213Z,208.218994
1DptYdJJgoWycMrpRrvQcY7HxJNpNBtC16,50000000,1,2022-04-03T20:08:21.144Z,206.6535035
1DRpERrxj1vFcXPiS2oRLLTHCQS75wm3YY,400000000,1,2022-04-03T20:08:21.125Z,2662.739992
1DPmtLMBqtQVQaTRdWVisGmBq7dNtpQ89a,50000000,1,2022-04-03T20:08:22.159Z,210.367996
1DMNBP3kVjDdQ2rBcpKrfRfgHfFYNJaFVN,300000000,1,2022-04-03T20:08:03.242Z,1398.266967
1DRGGKMqFxGXtMPJFxrHbviEw3dk28cjMw,100000000,1,2022-04-03T20:08:21.092Z,606.166016
1DkjqHDKS5KiH7mcLUz2Zr2smeyQ4syRVG,1182125,1,2022-04-03T20:08:02.285Z,5.59693617996625
1Dk9VRnpmx4MRQpoNPDpHAYDkNWSdbvJRi,50000000,1,2022-04-03T20:08:02.304Z,204.774002
1DmMKDwt5LgFyDw76nDC7CsnPtYiADWeon,50000000,1,2022-04-03T20:08:02.365Z,210.367996
1DQtzJV9oueFenYbeJ9Y38SfRheHXwWdN1,2819320,1,2022-04-03T20:08:22.173Z,18.5533247541796
1Dm7Z3zDtJCNRoFt86u4PWTFatMkb7xqd7,300000000,1,2022-04-03T20:08:03.292Z,1251.393036
1DKYh8WrNktRFcpo5aUS1PMaDfyNJ6SciA,100000000,1,2022-04-03T20:08:02.344Z,420.621002
1DnSnGfbCiLjRQSPS9pf6utGjJ9XbMD6ta,300010774,3,2022-04-03T20:08:21.219Z,1251.4376414765763
1DPyVaqUyqe1XT81cgw1qhH14NADaVEgFy,100000000,1,2022-04-03T20:08:21.246Z,420.785004
1DQTmiNfHmLWSdsCCHGospmF4kFcNPv24T,250000000,1,2022-04-03T20:08:22.189Z,1469.5025624999998
1DkP4qJfnnw6RyyCGruiwzneAknoRSfW5k,300000000,1,2022-04-03T20:08:03.415Z,1794.635925
1DKHV8zXyrcvwKU8ihwZnyuGTybo1SB2Rr,1001585,5,2022-04-03T20:08:03.347Z,21.072597411567
1DQeJSLPgK8ruJhpkVqZ8cRfZ8x5EaDC9B,400000000,1,2022-04-03T20:08:21.260Z,2491.444092
1DMBVtH3yL8u2vd9BPeB7L3cssjZpAuJsw,50011000,1,2022-04-03T20:08:03.322Z,207.03152941835003
1DQ4fpskkSNQ7dPKzxrdP6TvmSKqe6GfeC,50000000,1,2022-04-03T20:08:21.279Z,212.4774935
1Dnrd4hGfQ2Jx6RfukG8H5FGSyXZHhjFW7,200000000,1,2022-04-03T20:08:21.374Z,1229.088012
1DkZNZu34fkC8x6z4GaSh51kCB7s6JW2BW,100000000,1,2022-04-03T20:08:02.466Z,421.444
1DoCanzGHnBYDvMCgvLEBBqhuToKPYcMF6,500000000,1,2022-04-03T20:08:21.393Z,2669.3200699999998
1DoVD4aaohtGTUWWha16aYANckqFNDwsno,510000000,1,2022-04-03T20:08:21.410Z,2292.0674387999998
1DQW7CYBPm4eTdFE7k4Lsc2CSgXqgtPdp5,400000000,1,2022-04-03T20:08:22.263Z,2448.531984
1DMGGDUBwjLda29rjoNXTdhTJXnUjeSbEi,400000000,1,2022-04-03T20:08:03.465Z,1638.192016
1DkpQQJVJi9LD4DToC5KLyAK1HX8BsvNbJ,200000000,1,2022-04-03T20:08:02.501Z,1313.984008
1DnGY1gYmJo1wfV1C698cf94DHvJ9nhBs9,200000000,1,2022-04-03T20:08:22.278Z,842.888
1DMJ6rFwEVqXWyQh75Zu3a2VBeTdHDFfge,250000000,1,2022-04-03T20:08:02.484Z,1542.8024300000002
1DPBtmXnMDyz1Pr7iE86oP6nNMm7QS5Ler,300000000,1,2022-04-03T20:08:22.309Z,1228.644012
1DQpGEPwpVVkJH3eAYZVkWocbxrTYjzGN,250000000,1,2022-04-03T20:08:22.294Z,1524.3374625000001
1DrHNHm5kUdk2QSaDVd8xFkewZiAmbnfmT,100000000,1,2022-04-03T20:08:21.423Z,417.010986
1DwoJ23gzJAJsxHxXrHdhV8kAjZzCYEqy4,50000000,1,2022-04-03T20:08:39.835Z,210.392502
1DVERQq7FSeg1NJmZCgAvENmU5soPPPAPC,5989183,1,2022-04-03T20:08:20.585Z,34.63478653876183
1DyBvTvSBLP1gc9YyqHJGXtazRiYXzsUK9,200000000,1,2022-04-03T20:08:40.915Z,1154.878052
1DxgAUHR7E2v6MfxJmvL5P6ZuRmsFxHvNc,400000000,1,2022-04-03T20:08:39.900Z,1672.16394
1DXWvon6XBgwmnnT4g9wztNfQcmSrwWp9a,300090000,1,2022-04-03T20:08:40.929Z,1254.4991918865
1DvrGU3HGFbRp6Wb8wiAds53bSPUtYSjMc,800000000,2,2022-04-03T20:08:40.949Z,4822.73584
1DtQS5GvFivvDWzdXETyzhKWpWRbR2Q9ZG,300000000,1,2022-04-03T20:08:21.479Z,1231.332
1DtKswVBwwBZJ72DqAaZWMNKT6ztXuGpVa,50000000,1,2022-04-03T20:08:20.652Z,208.4149935
1DYvanfnS155qte3n3p4qHcitNKK6mXkBy,300000000,1,2022-04-03T20:08:40.977Z,1839.062988
1DTBcQ1cu8KiBRKGF3n26Woa57ZufyN9KX,75000000,1,2022-04-03T20:08:20.623Z,336.7582395
1DWMrmSvvaGruX9aPNpHEHaU7Gxsjnaswk,300040000,1,2022-04-03T20:08:39.995Z,1296.6288848032
1DUxrNhNPX2YvdB1mRnokMUUFHSm5MK4So,510000000,1,2022-04-03T20:08:20.638Z,2115.561651
1DVgrtJqwjURYMRTMtF7f1nK418xisQPuY,100000000,1,2022-04-03T20:08:21.495Z,579.651001
1DtU71fKaZ7o8eJawUdfvB5QwKWAdKUUV5,50000000,1,2022-04-03T20:08:20.665Z,204.774002
1DVxgqxymC5p6oqNQXwG9Le1ARC9tQXUGR,100000000,1,2022-04-03T20:08:40.083Z,422.372986
1DrRUx74B8FDVhouzAeZQreHQGEsswwXCQ,100000000,1,2022-04-03T20:08:21.551Z,407.488007
1DV8saL4mmGWgh7BhE13jtoxSmbg5Z6eJ9,100000000,1,2022-04-03T20:08:21.514Z,418.088989
1DxujFYBqxzP9uvmwE5YzZdT4hzYgK7Sgk,410000000,1,2022-04-03T20:08:41.042Z,1707.2154491999997
1DS9ddYWrPMiirAaThxZ7G34U6y4ripYoH,200000000,1,2022-04-03T20:08:21.529Z,829.63202
1DvPLsHuiUHtaXJ7AWt2Po5eKmN1N8EiTs,1256202,11,2022-04-03T20:08:40.197Z,74.19279521330229
1Dx2ddP1iA5TxotrTWZfk48Mb6yw1C8d1u,50000000,1,2022-04-03T20:08:40.132Z,203.8535005
1DXGYzREFeR8C5yadDgVKtj9WtC9zVJK7z,300000000,1,2022-04-03T20:08:40.167Z,1829.2049550000002
1DvGEgN4jnxAW8KYGgFRqggmgnSENNSE8,200000000,1,2022-04-03T20:08:21.624Z,1316.156006
1DS9PKn49Q39x7qdrGSYd5D9m54875uDHc,450000000,1,2022-04-03T20:08:20.733Z,2644.0155945
1DuawTDVxu7TtxHGiC9hgXdLTo4r94X3dF,100000000,1,2022-04-03T20:08:20.696Z,407.488007
1DTk1R1DppBYS934jKteahjsaz7Yk1ckSJ,150000000,1,2022-04-03T20:08:20.716Z,682.6454775
1Dxk7d7WZ9VN6UEHzYaLDyLTGst41M1w5u,250000000,1,2022-04-03T20:08:41.054Z,1480.2575675
1DwypbMf5uEyWCF2UsvE5z7pzFUh9ybkwi,150000000,1,2022-04-03T20:08:41.103Z,689.4044955
1Dy9zuSxeoTws84bh8NoioEXYXhWedSosE,300000000,1,2022-04-03T20:08:41.073Z,1228.644012
1DTVFY57DtkXjJs9VRsdZ13LiTks3hVfRA,510000000,1,2022-04-03T20:08:21.650Z,2320.9946234999998
1DXAXkqSsLcPAFaoWoJ6vtEq8eDKE2dfgT,400000000,1,2022-04-03T20:08:41.132Z,2602.476076
1DViLvAUGVpg1YNM1k2u7C5xvzDaQPgqdp,300000000,1,2022-04-03T20:08:20.806Z,1251.5310060000002
1Ds7MCeESLRLFCuyprkTKkMgt2cY9Y1QyD,50000000,1,2022-04-03T20:08:20.767Z,204.774002
1DutgHzYyjFMXBD8kT6WaWRSpwNm3XV8EQ,100000000,1,2022-04-03T20:08:21.683Z,420.785004
1DUFePbL4NkBoPp9SHzm4v5aWnrM9EErUX,100000000,2,2022-04-03T20:08:20.842Z,417.010986
1DWr1T2detpZtPuEM35xUtvgdNjC7rSMzY,100000000,1,2022-04-03T20:08:40.262Z,647.658997
1DSuE9Ztn9BrBdwpqiGBAnys9BBHqxwXuj,100000000,1,2022-04-03T20:08:21.716Z,420.785004
1DYK2mwJvWWZCmee4HwKojmCbpBZsimM1T,50980000,2,2022-04-03T20:08:40.276Z,214.4912087216
1DuVoBRL82DnMLj9vxuwSf83kTU83a5Afc,50000000,1,2022-04-03T20:08:21.763Z,210.310501
1DUQUgxh8WbZrasb1REcpDcjmB6pnEWCCL,100000000,1,2022-04-03T20:08:21.817Z,416.729004
1DsN432qw2Mh8ctgPfJVgbjNQTRwhXgzT5,50000000,1,2022-04-03T20:08:21.732Z,210.310501
1Ds32Jhg5ZBqfzA4NEqHT21q9F7Y5TAJhD,50000000,1,2022-04-03T20:08:21.798Z,208.4149935
1DXduJQdaSQGF7wbfMDnWTLP3h451eEXym,100000000,1,2022-04-03T20:08:41.279Z,416.729004
1DwuyBhdjgUfcq28uXQpnkVEKZAphtPxHU,50000000,1,2022-04-03T20:08:41.297Z,206.6535035
1Dvt4PQ27PE6ZZqSEVRmmrMBhkY3Cz4Qtj,400000000,1,2022-04-03T20:08:41.215Z,2436.964112
1DrZ4LUJVDGE3yYhHUrXK4VQUxA9X7xcjV,100000000,1,2022-04-03T20:08:20.883Z,418.040985
1DyhYB3GMGcpzJXP4BundjmoHDhtHxGY3a,150000000,1,2022-04-03T20:08:41.229Z,710.1959835
1DUjzGEJuwvkzzE7589f162vvb5zTrG8Cm,404431276,1,2022-04-03T20:08:21.860Z,2415.0572677451746
1DxMqebjD54mnBNyZ2cz6iRmqNd66LtL4T,100000000,1,2022-04-03T20:08:40.294Z,422.372986
1DWnsMb5K4Hv4TjjziCHpKexSBtxk742vE,400000000,1,2022-04-03T20:08:41.336Z,2302.52002
1DvFLLZfJKtRhH95ezscH6hcUN9XtHmCtc,100000000,1,2022-04-03T20:08:21.845Z,414.81601
1DWwcTXW9GjTDPcFehs2CnuXCN7b4Ej8e9,150000000,1,2022-04-03T20:08:41.363Z,625.0935059999999
1DWn4Q8JW3rYaLhnwr9msmvRUpz2bVMVy6,200000000,1,2022-04-03T20:08:41.409Z,1252.631958
1Dwoi5TBVTQt1XNxFUfvXLmx2UsMkdqZgm,400000000,1,2022-04-03T20:08:40.309Z,1666.916016
1DRujzUTnZgEk5iqP3XiG1E2MBb1GngYob,100000000,2,2022-04-03T20:08:20.899Z,422.372986
1DrUb3puQEgGBne7NnTYQyyHCStFoL5nfd,400000000,1,2022-04-03T20:08:21.890Z,1672.355956
1DWjAd9fLWFHhNdghgwbAwPRmZW1deDN7r,300000000,1,2022-04-03T20:08:41.462Z,1917.578979
1DYSqzTQ2Bdw1NB9ugpX3djY5jzye8CABy,400000000,1,2022-04-03T20:08:40.325Z,1803.579956
1DwihkXpryrWTjhcPgttEvWe54fMtQtHXR,300000000,1,2022-04-03T20:08:40.461Z,1254.1229549999998
1DTfAuZ5Tb9bQSYghh47aXX3Rt1vEGAWzX,300000000,1,2022-04-03T20:08:22.016Z,1827.7230840000002
1DxGT1xFTPBcxN5JFyn8uCEU28LoCbTeHJ,410000000,2,2022-04-03T20:08:41.485Z,1836.7016532999999
1DV2RaQahu5WkXw1CXpjpeTtLvfMN5dLCe,410000000,1,2022-04-03T20:08:22.033Z,1725.7063672
1DVCcxgBVpx9YLKsTRkboWVRMEPixyWgjt,300000000,1,2022-04-03T20:08:20.997Z,1264.953003
1DsLUWc929xYU9PNyiT86ebRpm64D6VSP4,410000000,1,2022-04-03T20:08:21.042Z,1710.4257082
1DVbR7rpt2eFbiu3MMVRGhJdsrdHQw5t4Q,400000000,1,2022-04-03T20:08:22.083Z,2458.176024
1DUWPGXuummh12rEfTqoiiMyy63zsCDyNk,50000000,1,2022-04-03T20:08:22.047Z,204.774002
1DvomEXpbmw1Z37RiwY653N1dfS1UZCXC3,300100000,3,2022-04-03T20:08:41.617Z,1242.329926985
1DUEMY9fcrqdhB1C1dG9Z5e89Kb9gieUom,300000000,1,2022-04-03T20:08:21.013Z,1249.182036
1Dxh3ATFMYuzVmM28pJo2AaCDmw2Apysbb,300000000,1,2022-04-03T20:08:40.504Z,1830.6119370000001
1drpSL5sWZGb72bUwFJH3ozBJzkTcqYyu,550000000,1,2022-04-03T20:08:21.109Z,3562.1244834999998
1DtzvHMxrVCueoyhd7VRi8VVPqfKNR8Znx,150000000,1,2022-04-03T20:08:22.141Z,895.7234805
1DYi1eu86FrZqrpnrJqKuUwVomA4BCzVT6,50000000,1,2022-04-03T20:08:40.520Z,224.505493
1DvB6zfu1por45c6HD1tCQ6g8MVgjxy147,300000000,1,2022-04-03T20:08:21.058Z,1241.915955
1DvytraPeEUHSTKRCebk8YidpBqAuin9dm,200000000,1,2022-04-03T20:08:40.559Z,1308.19397
1DxMk1dDhV9EBRYHCYzjUUSnvGzJE2uVjP,410000000,1,2022-04-03T20:08:40.675Z,1738.5229958999998
1DybaPGPoxgomd8ooRmKruVsPX9uqoSGQW,300000000,1,2022-04-03T20:08:40.573Z,1829.2049550000002
1DXGcRbvqokRV8WoXpPL2qP8fmcaihrTNh,100000000,1,2022-04-03T20:08:41.654Z,416.394012
1DvZDpzS8oL829EvZDebJbE42qaTcr634Q,1000019,17,2022-04-03T20:08:40.592Z,74.40990223128094
1DuMbTTQX5jGcbEmriZVaYJypk9JLHoQ4a,150000000,1,2022-04-03T20:08:21.194Z,682.6454775
1Dt7mFo4dMqBNsHpPZK5ABKwLEmVHuk7SS,400000000,1,2022-04-03T20:08:21.159Z,2705.184084
1DsxQthgwmp5ZfGDATbS7Ybor655yyWRpp,50000000,1,2022-04-03T20:08:21.176Z,208.505493
1DvNRvFAPhnthoJyh6AqBj9ERNsSVqWvdJ,200000000,1,2022-04-03T20:08:41.671Z,1132.70996
1DuyNcke1RfWwkRAShrqYnszXSxeUZxMrU,49990000,1,2022-04-03T20:08:22.202Z,205.4284036005
1DvMNSVTXELDwkukhKGi7wyn3LKvScgGUp,50000000,1,2022-04-03T20:08:41.712Z,208.505493
1DYmCMXn9VqN5UAXkxzks7cNMpahjBBhg6,50000000,1,2022-04-03T20:08:41.726Z,211.994507
1DsQMC6BY9Bgp69q93CqjgCEaozJAEuueA,100000000,1,2022-04-03T20:08:21.293Z,574.106995
1DvbLAqdtyohwAXdcW7FVcHD5wSGeRAqBo,1005015,18,2022-04-03T20:08:22.221Z,109.57149780478115
1DUTWvBWTptjzeiejWMy2sgXHXdEAhmJoJ,1622031,9,2022-04-03T20:08:21.355Z,84.03207413761396
1DT955VzAc3TZrjCcccnJhSCgCvTHsZGZs,301000000,1,2022-04-03T20:08:21.333Z,1916.72589311
1DVkRNVisHwEDk2xqRGozQPcEfjWwuC73x,50000000,1,2022-04-03T20:08:41.742Z,208.505493
1Dx3kESfvyMrbLgvdACDE4dK3tPJaR2gpd,400000000,1,2022-04-03T20:08:40.744Z,1695.956056
1Ds621peYnRvEJHjNVyUk5uYmGGLpf8SAr,100000000,1,2022-04-03T20:08:22.248Z,445.980988
1DY8L2uAcY1nWayBjBBZtKtqVThTKEmWJt,1205115,16,2022-04-03T20:08:40.721Z,111.76737857121839
1DTtgzb4QX9dtCQnptdXsaAfrUJmYSco8X,50000000,2,2022-04-03T20:08:21.309Z,204.7740915996
1DXRG7uhABaexzbVL6kT2bQJ5WU2asx93d,100000000,1,2022-04-03T20:08:41.768Z,417.959991
1DvzCoxt8TiHFK62UyH4QJGa3RVbynAt7C,50000000,1,2022-04-03T20:08:41.809Z,210.8255005
1DwMjVWMi2wXrix14cyo2trdeYkoLkKEx9,50000000,1,2022-04-03T20:08:41.796Z,224.712494
1DVjeKabcmHzKWnFQTw2cMdo5X2ynHDNpY,50000000,1,2022-04-03T20:08:41.835Z,208.505493
1DwLkjRrbEg8EiHStv5pNPou37H8qxXySj,200000000,1,2022-04-03T20:08:40.883Z,827.94397
1DYLrAaepJrUuVGewFVeaUFrVqcUaQQi4a,50000000,1,2022-04-03T20:08:40.836Z,208.4149935
1EbXBthPrUxc8mChgVwM7iY5mFXVWBXbBR,700000000,1,2022-04-03T20:08:59.008Z,2919.917084
1E5c7v92F4FJsSEJ2eZVvXgJQB2jABif9N,50000000,1,2022-04-03T20:08:39.871Z,219.399002
1E1wiWSMbiKjfhG6a5dGGZESKioitHtVot,400000000,1,2022-04-03T20:08:40.900Z,1813.536012
1E6sx9YEWw3YzTyeB4H7xNPSTnfXvkRrP3,200000000,1,2022-04-03T20:08:39.886Z,1184.206054
1DzMW73qnVZsBT6o6wshThWiqj9UqbEKvw,300000000,1,2022-04-03T20:08:39.915Z,1839.062988
1E9z5mbV8wg11M1cBGnXUmL86vxiGqPenM,200000000,1,2022-04-03T20:08:59.792Z,1252.631958
1EA5nHdETBvoRA7fsZXGHs4eVbmc7eTuSm,400000000,1,2022-04-03T20:08:59.829Z,2268.95996
1E77rdS7NFBVkWU4xWWmejpNnBtzVZRBuo,400000000,1,2022-04-03T20:08:39.970Z,1740.491944
1E9GkwuxmjhY2q57Ahu81sFFai58jT3Kgb,50000000,1,2022-04-03T20:08:59.845Z,208.1609955
1E93xkXRqZ9PDcfKxsu1EDggX12w4CJjvr,100000000,1,2022-04-03T20:08:59.060Z,450.303986
1E4Xo5ZKBPrJ8n5GuXSnv2Hadto9CoVxs,150000000,1,2022-04-03T20:08:40.011Z,689.4044955
1EBjLDNcra4VgPwykd7hdkWsFBFHL9iRuo,150000000,1,2022-04-03T20:08:59.885Z,656.621979
1E82njZvbmacs9gv8Jc6FGpX75SKDwMsuC,1000079,4,2022-04-03T20:08:59.038Z,17.144994467569482
1E7t8KYUXii2QQW85HTPM8JpoVBTZfGq6Z,200000000,1,2022-04-03T20:08:41.006Z,845.48999
1Ec5a7gNU2vttPVbivp1j4ZF7734v9sovp,50000000,1,2022-04-03T20:08:59.958Z,208.4149935
1DZhU4TBrdryKiBdBRAzBWuTkAXBZWotwy,5000000000,25,2022-04-03T20:08:40.045Z,547121.23875
1E3Y8zKPBVgfYH4xcUVqaiVCQNu7PrjKfm,100000000,1,2022-04-03T20:08:41.024Z,418.040985
1E4hhmgKvPw5VzE9pa3A98V7TkNr5PmaKu,410500000,2,2022-04-03T20:08:40.152Z,1730.02762
1ECMBAeQKMZpwakL2MgpcYnJeFxj1XrADk,50000000,1,2022-04-03T20:08:59.122Z,210.392502
1ECrQX7g8QnPdXzmwV3fwkgoqtjYZ1WGkQ,400000000,1,2022-04-03T20:08:59.178Z,1740.491944
1E5rpJJBfGVjMohwLUCY9otK5kzkRfAwHD,2670653,1,2022-04-03T20:08:40.992Z,15.82869331911306
1E3XtBM2WuSGC6ojpQgY8kUugjkGKQKYUC,300000000,1,2022-04-03T20:08:40.180Z,1836.3989880000001
1E9BujXmPsvHWTMHrZTN1Sdxd72eWSWYD8,100000000,1,2022-04-03T20:08:59.201Z,416.394012
1EcFha4eskhybmmouEttWUE6vTPeYSEFRa,700000000,1,2022-04-03T20:09:00.019Z,2919.076902
1E4o7TkTqUanaabUsXZqC8KAxcPetyDtUH,200000000,1,2022-04-03T20:08:41.091Z,1308.19397
1E4fbnpe5y9wCtV5Uuzgmmm5r5nH6evpZk,200000000,1,2022-04-03T20:08:40.213Z,847.978028
1E2PTqwRa8W13jzSvD8e4qkomgu2AC4h2j,250000000,1,2022-04-03T20:08:40.230Z,1676.5675350000001
1Ed2dUS6yQy3uHPkPfvuYwWpSGEm1FHS7V,200000000,1,2022-04-03T20:08:59.284Z,1139.894042
1ED7SGBd1y1tv65nU884DvYmn8ZqUmPKAr,50000000,1,2022-04-03T20:09:00.084Z,208.364502
1E5mCBy7ADUZcusk4qiauYr1Y7rzFEfW5x,100000000,1,2022-04-03T20:08:41.148Z,416.515991
1E5WwkcszkoYCiDhR1fiWT36KrJ8mmtnCh,300000000,1,2022-04-03T20:08:40.248Z,1726.6109609999999
1EaDm8XqnNeMjJ9nyCsTx67mSm7oXjcfm5,200000000,1,2022-04-03T20:09:00.164Z,1148.21399
1E8dpdVpdC4kv8WdHDUD1zeDMrn5zXs8sQ,200000000,1,2022-04-03T20:09:00.101Z,821.87799
1E7wzS7g8PVaJu7CVTH4xJUuvkXMM5Yi9C,250000000,1,2022-04-03T20:08:59.345Z,1444.4024650000001
1Ed2v3yTiMoVJ12ig5NeuaUvrSXSUsKN3z,5500,1,2022-04-03T20:08:59.301Z,0.033599061595
1EcZpx26KASqXCy6MyXo1tu8yb5Zw56hZi,300000000,1,2022-04-03T20:09:00.196Z,1261.863006
1E1LB7whPvgXZPCiJTsENuouj1VC3aHhL7,100000000,1,2022-04-03T20:08:41.199Z,432.152008
1EBaRvBgHD9kd26Lp2kn5GfKsPukR6cXN6,400000000,1,2022-04-03T20:09:00.179Z,2385.191896
1E8Aox1cNS6mXzYwxmyEkfKyZAxMnGw5BF,300000000,1,2022-04-03T20:09:00.304Z,1722.953979
1E9YnS5BvcGkV5UEGBaPXPX6xZpXDA1U7K,200000000,1,2022-04-03T20:09:00.258Z,1144.605958
1EBqqr7WMgyvJs8woKxi6vKiK9FiFonemV,400000000,1,2022-04-03T20:09:00.222Z,2411.36792
1E2aFnunh7dLkGHPUp8GG96Lq1F6Ei7HMu,700000000,1,2022-04-03T20:08:41.245Z,2914.758084
1EbQN53PjKU7E451ypJe8LU8G1wT6RgVAB,50000000,1,2022-04-03T20:09:00.370Z,210.845001
1EaDS58fvK3K5od1oxSX45Ct5wtU6sPyM9,50000000,1,2022-04-03T20:09:00.345Z,212.4774935
1EaaKBC2JyAwAqnYZ3gjDsTkBKeeG8gSW,250000000,1,2022-04-03T20:09:00.383Z,1661.3775624999998
1Dzqtt6WwCg4HEfPUtNRuF4sdbimU4JaAn,400000000,1,2022-04-03T20:08:41.423Z,1740.491944
1ECoerMF6GHnyHgS9xCS1MRSJoAfsF7Uky,150000000,1,2022-04-03T20:09:00.419Z,682.6454775
1E5W6hqQNif3giXoRSeUVe6SDLozyDfVQf,100000000,1,2022-04-03T20:08:41.319Z,424.954987
1E5ZWW8ACTzggTrrMsvNNXFyXsGFa3Qi97,400000000,1,2022-04-03T20:08:41.387Z,1740.491944
1E8fKGfUG8PYT99jmRznHf3M5HZNaJ2jyt,50000000,1,2022-04-03T20:08:59.424Z,211.186493
1EcaZuNsLXh4KXKK293Vmt8zWPbK6Qkkux,250000000,1,2022-04-03T20:08:59.411Z,1477.6350400000001
1E1i4nCQzg6hLBwn8YZ8nTS9iSnSVCE4rg,400000000,1,2022-04-03T20:08:40.348Z,2607.135988
1E4HSC4CdMKFzetDxE65P2oaWfzHV8hNpY,3163181,1,2022-04-03T20:08:41.436Z,19.18754048195887
1E4K1DJKo5CgLNrP7e8h4Ztu3sDE5VrsfH,100000000,1,2022-04-03T20:08:40.409Z,417.959991
1E72enaiwY3eqe1P2JS2mFRbovs6pNBceZ,50000000,1,2022-04-03T20:08:40.374Z,208.4149935
1EA8ojiF6KgqmsmvL6Xjt1QNZe1mFPrZDr,300000000,1,2022-04-03T20:09:00.435Z,1831.307922
1DYxGvYh6SHTkCHF7s5DA3wA1f8oeTUFuv,50000000,1,2022-04-03T20:08:41.450Z,218.873993
1EbaxVVdovM1DksRUvD98x91ReVLhfrkc5,50000000,1,2022-04-03T20:09:00.522Z,208.1609955
1E6HsqntQCgSytB2JK5fZ19MWEpAMXD1aA,200000000,1,2022-04-03T20:08:40.425Z,946.927978
1E56vvarCytBSQjfwBXuwbKZxdcefJ9mtC,50000000,1,2022-04-03T20:08:41.512Z,210.310501
1E7kiPYEQ8x3L5kTS3jBsjhnv5PqLVE6uU,200000000,1,2022-04-03T20:08:40.441Z,834.262024
1dzRo5aJ9n5Et6iGNkdyu4w1gguDp7cXm,200000000,1,2022-04-03T20:08:41.526Z,1175.118042
1E6oXbdT7kxHdGiTfMeeR6eUf5KhAv49Vg,400000000,1,2022-04-03T20:08:41.499Z,1689.932008
1EbgCM4bAFvpKvhhiDVFsowXJaSBK1W143,410000000,1,2022-04-03T20:09:00.552Z,1823.1429246
1EcrSsJ29AsKkUKrzJcJkQWYh6rNTqsqnw,500000000,1,2022-04-03T20:08:59.479Z,2927.6849349999998
1E9gPXg11h1dB88LhzPhcBLRqGU9HnXyUJ,400000000,1,2022-04-03T20:09:00.574Z,2547.144044
1E7t3oehKrD6m8L1PhfdRPsr7zkMJnecXM,150000000,1,2022-04-03T20:08:41.563Z,666.2324985
1E2RQHyazPULXkXpenP3fUoNt6LNeQgp8k,100000000,1,2022-04-03T20:08:40.473Z,416.394012
1E9oVCgjdXV6NhAKcibsFCV34WsApLmLBc,300000000,1,2022-04-03T20:08:59.532Z,1251.032958
1E5kuQ1HA1rwP3iFXApwG1kLNC2FmDR8Fg,50000000,1,2022-04-03T20:08:40.488Z,208.505493
1EbUEdu6p6o68Qd6CeFBSZ94woifR7R7eT,200000000,1,2022-04-03T20:09:00.611Z,1148.21399
1EcMCs7Mnrei3m5csbeCb1QMrcarV8DQDm,50000000,1,2022-04-03T20:08:59.565Z,210.310501
1EDdzoFDs1Mmv52rCC3JgmLru7vCrds4m5,150000000,1,2022-04-03T20:09:00.662Z,682.1489865
1E8um5LUzQ2kRRniaY1Kq9B3qhKjeNHAmX,400000000,1,2022-04-03T20:08:59.500Z,1686.760008
1E1H8ZieyFo3pRA8HJNUhWZKwE9GPGkCxr,100000000,1,2022-04-03T20:08:40.534Z,416.321991
1E4nbMYzgBZG5PwfjuaiTqGHAbD3Ye4aG8,200000000,2,2022-04-03T20:08:41.636Z,1220.871948
1EBnREuNaq81iuEiEHC7stZ82Xzv1S8cgb,50000000,1,2022-04-03T20:08:59.599Z,209.0204925
1DZn2pB6QVHAVPP3uB6pWoGAAqJYUHhsaF,150000000,2,2022-04-03T20:08:40.689Z,632.166
1E55m3qtH6uGVogqREDJMW4CfuDz6bcoW5,700000000,1,2022-04-03T20:08:41.697Z,3098.731965
1E4QSM4VznS4mH4ZgmK4eEihMxtHcieoGP,500000000,1,2022-04-03T20:08:40.704Z,3094.9700949999997
1Ebn2QheVsx4PNxVLt4M7ammDvZWMSpByE,50000000,1,2022-04-03T20:08:59.631Z,209.0444945
1E8bS9o5JaaEgNSvdPTVoHQ9jD2j4AaxSq,1174261,18,2022-04-03T20:08:59.644Z,95.30431212206324
1E4JJVNJQfYDfnfdC6s1UjQpoCakga1bpQ,150000000,1,2022-04-03T20:08:40.624Z,935.965485
1EBHWM2khqqrhLobKpsn8eix6QyGynyDAD,50000000,1,2022-04-03T20:09:00.696Z,211.186493
1DzsQp8rknwB1Tq3ZjN9VZp6ietXCq76vb,100000000,1,2022-04-03T20:08:40.657Z,423.412994
1EBoCYkmV7yM2ofntgGL4xZk6WxiNs7V46,50000000,1,2022-04-03T20:09:00.793Z,212.0149995
1EBKYcV3d4WdPDbdDBN3HGkRRm9hxZRj5T,400000000,1,2022-04-03T20:09:00.730Z,2617.872072
1E5P82kC2NckrweYacTZxKLwyK6Gn3rm5h,1008107,20,2022-04-03T20:08:40.788Z,84.11181119104279
1DZ6SGi3Xpj48JatgWxstbEvShLXXSwebi,410000000,1,2022-04-03T20:08:41.755Z,1836.7016532999999
1DZgrXCqe4V63XbUxXRGqoThv6oy2MV7Zz,150000000,3,2022-04-03T20:08:40.773Z,862.38128678
1EcECLwDCpi8RQ7nn15A3UMfaZcktJ1ocf,100000000,1,2022-04-03T20:09:00.810Z,424.029999
1eBZqTSLQnLTP53aUTAknNwPBZR6vi8ep,510000000,1,2022-04-03T20:08:59.704Z,2320.9946234999998
1E9bfAHuWt4zGSrSsHJhKr5cW6PQoXmCxW,50000000,1,2022-04-03T20:09:00.828Z,208.4149935
1E1PQDhScqhTNaRCsETxWwpQKRjbjUBoGK,50000000,1,2022-04-03T20:08:40.851Z,212.1410065
1EBXopfh7cRCUf9Jc834HJGsM9zguWBBoL,50082649,1,2022-04-03T20:09:00.856Z,212.62288437551896
1E5yEhv5jAeaZwK97YNZJKoBLBrZNxcjKS,200000000,1,2022-04-03T20:08:41.824Z,1184.206054
1E8S7c1V9WabGW2yWdS7Anvv6mCkr7eemg,1008914,1,2022-04-03T20:09:00.872Z,6.134631255694201
1DzQShqGuyaoSvNpLWRdtRpHnkeM8Cs4mv,700000000,1,2022-04-03T20:08:40.821Z,2942.442993
1EBMV7dd4yD1Ve38pkveVhh3BMYDyk5VGB,100000000,1,2022-04-03T20:08:59.761Z,566.35498
1DYzxwEg99p8nHf6QU4WjyYLmJayPPjqu4,50000000,1,2022-04-03T20:08:41.870Z,206.6535035
1EFKCVsGW62cwbEdMt7HtTsBnedHff1b1R,300000000,1,2022-04-03T20:08:58.934Z,1839.062988
1EiChrAMdhWqawC1KnX7nRvbdn1aKXj2qj,1260488,1,2022-04-03T20:08:58.976Z,7.35387578789264
1EGG7eQrq9b4rcmLF7g3JhD897KdLNcvae,200000000,1,2022-04-03T20:08:58.994Z,828.130004
1EoLbhSUgd4SV9osJJvLHpUW8W1iQEm8Sw,200000000,1,2022-04-03T20:09:18.531Z,1151.073974
1ENt12uMQ1HTWtVKwRQjQEVPaJ5egyqcPg,300000000,1,2022-04-03T20:09:19.430Z,1839.062988
1ENRsx7qXeeMYk4ucMbkA5URusUsxDLhjV,400000000,1,2022-04-03T20:09:18.617Z,2318.604004
1Emk5HbNbvCvsSYv11mQSEJEVyo65rhZSm,700000000,1,2022-04-03T20:09:18.638Z,3127.053895
1Ei9tqptZYtuHRFZBNEECQ7RL8w7MXDSB6,50000000,1,2022-04-03T20:08:59.024Z,208.505493
1EhJaGXcMdVzBL1tHua4XN6Vwd8D4sm31F,411000000,6,2022-04-03T20:08:59.867Z,1712.83575072
1EoGUsn6YUMfFdDDo9WBsywTSPFFHhprsF,1001875,20,2022-04-03T20:09:19.502Z,87.70353457162503
1EJeM4ndNegs3CgEv64cDnVkYAiM1F9jTL,200000000,1,2022-04-03T20:08:59.920Z,1326.51001
1EKDaXeR4wjgXBHMHMEeCUsd69hc6fkCBr,150000000,1,2022-04-03T20:09:18.657Z,674.3984985
1EJ88nW5Q8dVKP4Jf48N7poN8Gj9baJtXV,150000000,1,2022-04-03T20:08:59.940Z,690.724503
1EkKVCWq5CX6KF2xYqBVyTZQJvZYEbMnTM,400000000,1,2022-04-03T20:09:19.530Z,1698.176024
1EjNh4NoZqbS75JvAsHoPZp6eXybFwYLsE,200000000,1,2022-04-03T20:08:59.985Z,1154.878052
1EET8VGddscmBzYUtHJPCob7AQWULfcDF,100000000,1,2022-04-03T20:08:59.998Z,418.040985
1EN6YtXKHhP4xcSRcz6Rd4KuEoRa5ZMDjv,50000000,1,2022-04-03T20:09:19.620Z,208.505493
1ELn9F6LoVmKuvJuv7girtaL4dBTziML7h,100000000,1,2022-04-03T20:09:19.547Z,453.78299
1EJ8m9ayqJ9qmGikHHLszxss4Fzqz8uHWg,400000000,1,2022-04-03T20:08:59.077Z,1698.176024
1EgFnnvECJ7MME2ctFFEQwpC2Sa2FPvrHS,150000000,1,2022-04-03T20:08:59.164Z,664.781982
1ENf9sEqhnpr3ReWV1TZPe2ExFH9CeExbm,50000000,1,2022-04-03T20:09:18.680Z,204.774002
1EjHaeeTcK31Q1fkxxwR22Ezf1QeZ9kUpZ,50000000,1,2022-04-03T20:08:59.971Z,208.197006
1EE6J1Hek9JZmG5dKvJjD3JRKHTEprCT8M,410000000,1,2022-04-03T20:08:59.220Z,1733.2544795
1EKNZrsFiRpHHEzSvfwgiE7ZuXnJfVYyr3,100000000,1,2022-04-03T20:09:18.760Z,423.989014
1EMvaLbCLJETUefpkdqrzCgvMEbDVGPSPp,50000000,1,2022-04-03T20:09:18.716Z,210.392502
1ELeX6Hz76enbQncgJLeFruAEriFx47hiE,75000000,1,2022-04-03T20:09:19.634Z,331.04175599999996
1EgaZjbwF53yknoXGESA1ZKYnthzqa5R3U,150023000,1,2022-04-03T20:09:00.048Z,632.26293212
1EK574BNuwXgWr3KiKMT9PhPmP4N3k9teG,50000000,1,2022-04-03T20:09:19.652Z,205.222
1ELUDDGoPNL5882w9M7NzwsiPtu1L6sLYS,300000000,1,2022-04-03T20:09:18.730Z,1249.182036
1EgZNPCUVMKxp9HzZoSZW6ZKGCfdm3Qw3Q,75000000,1,2022-04-03T20:08:59.253Z,334.30275
1ELTZFcJcNcyPkx2cWKnV3binb6fKcZQbE,50000000,1,2022-04-03T20:09:18.825Z,204.774002
1EhFAUyzeqJK9ZhxHdP4ybMAQwq9a8D9XN,300000000,1,2022-04-03T20:09:00.070Z,1231.332
1Efq55ABBDJitrDf3aH3F9nCvFjSpM7uss,50000000,1,2022-04-03T20:08:59.268Z,208.9725035
1Eg4wQEwzXadAfsxH5a2rpzU3tWhD32mAE,510000000,1,2022-04-03T20:08:59.233Z,2125.3179204
1EpDR7sGS8s8Fzk8wsoTevUQF3uREvJfPT,200000000,1,2022-04-03T20:09:18.840Z,1175.118042
1EKjT39pkNGgHMGzQrzv3ip6buHR8GGtwV,300000000,1,2022-04-03T20:09:19.670Z,1824.936036
1EgaY6XZK7Ta8RF624Eb2wXYaRZFKik2Q1,300000000,1,2022-04-03T20:08:59.331Z,1642.395081
1EkzLm6ceD59mSdxEXQB1rUeM4HnTYAAnH,450000000,1,2022-04-03T20:09:19.709Z,2995.5824909999997
1EgoHcv8Pfkfh3aqTFkBSNKwD6drVHzPPr,410000000,1,2022-04-03T20:08:59.319Z,1865.8976384999999
1EHu1ZpHEkrLEPfDDUvQ3DYgMBNaffy3Yk,50000000,1,2022-04-03T20:09:00.148Z,208.505493
1Efatd597JgWcuWs3o5Hof4h4KZswb3y6D,150000000,1,2022-04-03T20:09:00.288Z,908.5394895
1EExEBpzBVDUC9x8ZW9ohRtL1Hi29keRqT,300000000,1,2022-04-03T20:08:59.357Z,1352.6849670000001
1EktpvcfCPPyqbuRGyL6UkDgJHWDJQAScQ,100050000,3,2022-04-03T20:09:19.724Z,416.602209006
1EFiMYGbDL6Bb8nBnBQPr2fWYCTGC8MhHE,50000000,1,2022-04-03T20:08:59.372Z,204.774002
1Egnm5BbAE5T5kwn9GKuviSPnr8HsstqKQ,100000000,2,2022-04-03T20:09:00.275Z,432.152008
1EKPiv8aNP4wG2D5u5FrwCj62MtAHLJ977,50000000,1,2022-04-03T20:09:19.740Z,204.774002
1EJCkDx3YmiTPQcQrU7xw93uzRYjz6iaX6,100000000,2,2022-04-03T20:09:00.245Z,418.088989
1EfizrqJ9mAy1o577EZr2TtpmBhsyAE9vd,300000000,1,2022-04-03T20:08:59.394Z,1365.290955
1Efske54hUgEQU3cfaNkjBGEnmMVJC2cJN,50000000,1,2022-04-03T20:09:00.326Z,200.2850035
1Ek27aNw67QuZjjZigqc1rbtWkuMeFAMFz,50000000,1,2022-04-03T20:09:18.943Z,209.0444945
1Enix8WAQbmsVhiE6BfnWeVP4sDWuzzX53,300000000,1,2022-04-03T20:09:19.834Z,1719.648009
1EM3ut3PhZqc1x5wt47hzNP6umHZ6j5Mnt,150000000,1,2022-04-03T20:09:19.814Z,636.4230195
1EhP6P3SNngVKUVMB7mjtQT6EnV8GtSUJr,100000000,2,2022-04-03T20:09:00.397Z,422.31934396804
1ELcjKDtgn1zp4zcCnmvy2MwMzv1JWvP1E,50000000,3,2022-04-03T20:09:19.898Z,210.310501
1EfbW8ePKRnXGustLkPDhrMGseCKpQuWQ2,510000000,1,2022-04-03T20:09:00.452Z,2155.9994745
1eftFtPqbFXTF789sNkL2fiABiEWKJgRY,50000000,1,2022-04-03T20:09:00.476Z,210.310501
1EpbTVgRTPZo6ZBEzokZWbMDP34dhFFSih,50000000,1,2022-04-03T20:09:19.882Z,208.505493
1Ep7Wv5yXbtNVvMZAngxvnVbP8jtChZVhS,50000000,1,2022-04-03T20:09:19.864Z,208.218994
1EP2EXM3NhcuddCB7rDAYzbssMKn5GmdFw,9987276,1,2022-04-03T20:09:19.005Z,60.72693560486281
1EkVYkNRCS1ZP5WTUCkDgCxf3uG6osrJyh,150000000,1,2022-04-03T20:09:19.979Z,680.0760045
1Eezsd6vvu2XFa6Hz8BaV47PYoTRwJcE6a,200000000,1,2022-04-03T20:09:00.492Z,1308.70398
1Eex1fZZBPwkHj9bZGT4QZTegajqoYQbEY,300000000,2,2022-04-03T20:09:00.537Z,1836.2983298096674
1EoNB94gpWM4e8hSoXY1Y2pyzFy59MZKQj,50000000,1,2022-04-03T20:09:19.037Z,205.222
1EmPDkCMK6MHUBoTbnDV9mAWmuk6J3gkhQ,150000000,1,2022-04-03T20:09:19.994Z,680.0760045
1EMz7m4Fq1Jq1UCNeYM4BwMircshBS76hF,250000000,1,2022-04-03T20:09:19.929Z,1604.0774525000002
1EhXy5ffJCBGjuaTTCKudKVRUuQTnG3Gox,200000000,1,2022-04-03T20:08:59.464Z,1213.946044
1EHMfqWPEgmTaTyytUGF7bd3uBcpFUjQb1,300000000,1,2022-04-03T20:09:00.506Z,1258.233033
1EkRybFwdrB9ZCqu9VH7kncaLptzWhCmEg,400000000,1,2022-04-03T20:09:19.942Z,1819.063964
1EeG9stDSaxNDA9pyuUkSpAgNncgEVrBFU,100000000,1,2022-04-03T20:08:59.516Z,416.394012
1EEQULjef62ZgRGaV5Wvv9YFSkpkuz4cXt,200000000,1,2022-04-03T20:09:00.597Z,1326.51001
1EMAawBR51AAUD4JELvLgfjSTB71fq4jP8,100000000,1,2022-04-03T20:09:20.062Z,609.22699
1EEuue5kaj7UDDvCkcKR5KrwDGGdKstitX,100000000,1,2022-04-03T20:08:59.550Z,418.040985
1EMy87x3RUfQ81Fg3Li137PrpvyDjEvcnS,300000000,1,2022-04-03T20:09:20.048Z,1249.182036
1EkbUqB7gr1WRSz8rdSsA2YsAPD4XCBmC9,50000000,1,2022-04-03T20:09:20.031Z,208.218994
1EdJagaJC7LjbyPy75WyNnwQCVfnHj7Bjy,410000000,1,2022-04-03T20:08:59.580Z,1749.7365614999999
1ELmy96usgDVzcdyMpmYP5UES4RQZTWXkZ,50000000,1,2022-04-03T20:09:19.109Z,204.774002
1ENJtQt3tvLcCyTiWbgdxBvcueEb1tAZes,50000000,1,2022-04-03T20:09:20.191Z,208.565506
1EEBvU3NZFMhz5EWEpRrERvP9eEW1pfQwa,100000000,1,2022-04-03T20:08:59.614Z,596.297974
1EDZBArNa1Q5gsK1iKDKJtGAh7PBkgaYNV,400000000,1,2022-04-03T20:09:00.681Z,2615.043944
1EkDBb3NSduqncPbGk95qvMZs5fL5Qubss,1913151,5,2022-04-03T20:09:20.135Z,39.83543765900941
1EnXJ5Y1N65Lxn5kxJ7Qukh2LYJ82G5Acm,200000000,1,2022-04-03T20:09:20.261Z,1326.51001
1EJjPrfSQ2ZqrmfeR6bYVDbrKXh13LEyPC,100000000,1,2022-04-03T20:09:00.760Z,416.394012
1ELyzdZwGAem9bR2iZDfmWEUURW9W64yhw,300000000,1,2022-04-03T20:09:20.292Z,1234.871979
1EeCT9Q2xaYxfLJQP6JBgaEZUwGjEG1kY6,50090000,2,2022-04-03T20:09:00.778Z,211.56662868740003
1EJF6PNG16WJafiWWoC1DL8Rz1TPKBzJUQ,300000000,2,2022-04-03T20:09:00.746Z,1239.9210209999999
1EHjnddmmEJiHqvJTPXi4hPjAAXt7DAmTt,400000000,1,2022-04-03T20:08:59.669Z,2617.872072
1EM8wUBy6sQ6gw4GcjLoduerQMv9t98TxN,400000000,1,2022-04-03T20:09:19.279Z,2692.424072
1Efjm6HBKy7HpUoYD3CEm14GvupLDdYXvK,200000000,1,2022-04-03T20:09:00.708Z,1060.079956
1Eournxrzjne25D8z5RXHS7TFZD6wjJAxC,410000000,1,2022-04-03T20:09:19.263Z,1724.5461081999997
1EP4rjrxXUGPkZjFMiodctjHoof5AwSUpn,50000000,1,2022-04-03T20:09:19.291Z,205.222
1EP4xJChmUdVysVtb4kz4ky3WE33RtovsR,200000000,1,2022-04-03T20:09:19.315Z,834.354004
1EeoT9qciFuCUzQGPpK2YN4hK5bgYorz73,51000000,1,2022-04-03T20:08:59.721Z,211.57859235
1EmVbS7EMXzKenzMGK4DKoEYvc3hPcofuW,151000000,1,2022-04-03T20:09:19.330Z,680.85143339
1EEdqhcZAZdhfbymKY584MtkE9RQCpffh5,100000000,1,2022-04-03T20:08:59.778Z,416.515991
1ELqeKPJF9cDxZ7B2ZJEmhE1XtVtAA7Hf3,50000000,1,2022-04-03T20:09:20.307Z,200.2850035
1EnCHacYgx6W9gBQ5pwPtnX8H3qg5gNwKo,4450061,11,2022-04-03T20:09:20.352Z,313.809055872761
1EmdZ3mnzdicuGwGRZyoVSqrx4JHk2HGJj,100000000,1,2022-04-03T20:09:19.362Z,416.515991
1ENDq59VtaUxoh3pJ3bk4AJyj81ALQyijC,150090000,1,2022-04-03T20:09:20.337Z,691.1389377017999
1EMSk6h3TZjThfL6vVSYgJZZTdapgyRibo,50000000,1,2022-04-03T20:09:19.376Z,210.845001
1EeQ6138WPbWtE7s1QFA3qsaQCJBDqtXey,550000000,1,2022-04-03T20:09:00.841Z,3578.4046045
1EupANsSX176wu8jKYkFVWZoY77j77ELnk,400000000,1,2022-04-03T20:09:43.154Z,2559.56006
1Ew43FyLVyQvHkB8czDB7ppKRnYbNVMhnP,150000000,1,2022-04-03T20:09:44.104Z,957.968994
1EvmV8ruMHbQsLgbCWj1oRYt3CzT13BYRV,400000000,1,2022-04-03T20:09:44.120Z,1665.751952
1EsTWir8Ruj36zZf2qETKUaaakvrf7UKaz,400000000,1,2022-04-03T20:09:19.418Z,2268.95996
1Ex1mnBgxpj2wxqL2DkWwst4zsTEJfupK9,50000000,1,2022-04-03T20:09:43.137Z,205.4694975
1EPWwxMPyFQxDZYf13mB7sNtZWQeJemsuT,150000000,1,2022-04-03T20:09:18.487Z,625.0935059999999
1Eu2uxxTWyGni2XawqaeVKvbGyorJdmH9M,100000000,1,2022-04-03T20:09:43.167Z,438.798004
1Er7T9nTAGaUYDBYaEWssajG8UerAoTNSy,100000000,1,2022-04-03T20:09:18.605Z,454.618988
1Evro3Cqdzb72t4Efhfn4nFprU1M4Axbi6,50000000,1,2022-04-03T20:09:44.221Z,206.8775025
1EQoD8nXK5piqA6GR8TRYaP9JRif4VZ5KP,400000000,1,2022-04-03T20:09:19.445Z,2559.56006
1Ex9X1dtbzL3KNJmXcExeUxoHYyQ8DbiEa,400000000,1,2022-04-03T20:09:44.208Z,2306.38794
1ESfszTwDZeKi1bTeNA8JCXwcRi5NbtYqG,50000000,1,2022-04-03T20:09:18.550Z,208.4149935
1EWygSUwt2wTaotWNvAAgmwzcn5CFqk3Nj,100000000,1,2022-04-03T20:09:43.180Z,418.040985
1EpsiKsgBSNF81THZcVFqcWrmosFCtPsjg,100000000,2,2022-04-03T20:09:18.564Z,437.747986
1Ev9VMM2B9pXGvcA7oQaLLjNczfohckbrx,550000000,1,2022-04-03T20:09:44.234Z,3304.5429395
1ES6jUmP5dj1un29Yv2pXUKTqL1aE3MRJH,50000000,1,2022-04-03T20:09:19.464Z,208.505493
1EpuGqavQXFVehYggDyB7McpsYukoTF6WE,50000000,1,2022-04-03T20:09:19.567Z,218.873993
1EpoidmsBpcFtcZ6Hysc3UYXfZR4WWAqbA,400000000,1,2022-04-03T20:09:18.701Z,1668.043944
1EXcbgPiBc4XisULqeJ6n69Jwphbuq6P5y,200000000,1,2022-04-03T20:09:44.252Z,1156.578002
1EUX1NWgDUkuh4XHGNy9GtQaPR3WqGToto,100000000,1,2022-04-03T20:09:43.197Z,437.747986
1ESm1GeHpyyTa9AiNdr1VFYUqPRJWa3412,410000000,1,2022-04-03T20:09:19.583Z,1836.7016532999999
1Er75S2yQxL4ihpzsHFds9ZdRX5UK97tWR,300000000,1,2022-04-03T20:09:19.596Z,1251.393036
1ESzm2Z9J4eG4fUXoyq28uSUjppn4iAbcB,100000000,1,2022-04-03T20:09:18.747Z,424.230988
1Eucv9ATZgeoMBMZPeUSq73jUuwh4GsCdd,50000000,1,2022-04-03T20:09:43.300Z,208.505493
1EX7CWehUiiNLmS2BmsQhEimoNeRZJtHgg,300000000,2,2022-04-03T20:09:43.287Z,1242.9630419999999
1EPvZgr52U1biwyfM8dTsCuo699cNwoEfy,300000000,1,2022-04-03T20:09:18.772Z,1832.052063
1EsEymkViwG3YP7dL6Q6kTxjcNHRpoyjVn,510000000,1,2022-04-03T20:09:18.788Z,2132.2538439
1EWcTb5cnqY2c2TjHH3ZRe7qWnRrbQeTxi,700000000,1,2022-04-03T20:09:44.307Z,3135.832091
1EQCmw8fMMD8bxRwqJESNsCPvgfVxqBJJN,300000000,1,2022-04-03T20:09:18.811Z,1821.465087
1Erkxu3iA7BfkDTS9dFYqE82LpoyWx9vJV,200000000,1,2022-04-03T20:09:19.697Z,1148.21399
1EUzbrUV1yXJv9Zc8Q2Mxw84dRdymiqt37,200000000,1,2022-04-03T20:09:43.314Z,1156.578002
1EqKBbLUcA6HKhkQpKV6ddhSMtuS3hV6aV,500000000,2,2022-04-03T20:09:19.683Z,2108.4500100000005
1EsBsArh8EK24RJRRtuHBNo7XpQJhHT9qA,400000000,1,2022-04-03T20:09:18.859Z,2448.531984
1EqVYVNHHkpAogH4Zuv4iqxcNvVbob3TM1,510000000,1,2022-04-03T20:09:18.889Z,2124.2315541
1EtfacdtHrAAuoutc4S2PY4gicjjhygEDG,250000000,1,2022-04-03T20:09:18.912Z,1051.83998
1EwCoum8M7HacBcGdwCZq4TESZpc54Sw59,1550306,11,2022-04-03T20:09:44.334Z,113.45587534021024
1ERihncSkz4gyd6BGhuexcqAbWZKwSrHY7,100000000,1,2022-04-03T20:09:18.926Z,417.177002
1ETKSUtmX5veSwThRhyHjXgSizfieZwDc8,300000000,1,2022-04-03T20:09:43.516Z,1273.632018
1EWXEvF3uBqPUKo6FefwZfR5P8vUF3hnv1,300000000,1,2022-04-03T20:09:43.543Z,1827.68097
1EuY1BGeYAZevykPaouNAQ84iUSovXry7q,400000000,1,2022-04-03T20:09:44.403Z,1682.484008
1EQJBUT3thidFLeTSotXmvHrXTVKTBkWVr,300000000,1,2022-04-03T20:09:19.754Z,1788.8939219999997
1EucyhiUfs4cr7pdcgvh4T8kMzCctKGJwP,50000000,1,2022-04-03T20:09:43.498Z,208.565506
1EsWhp1HNk1WBXHtLmhKKPCtjrJtEY9zX8,510000000,1,2022-04-03T20:09:19.772Z,2320.9946234999998
1EWJtEDuQzUsUYBwZGjaJYY4ndUKhQLEGn,50000000,1,2022-04-03T20:09:44.450Z,208.505493
1EWURtrQUJ596PKjrGAgriX97Je79Dgq17,100470000,4,2022-04-03T20:09:44.429Z,658.3076699989
1EQGzUc5e326NMwb1nnb25NSV8yFabNAWM,50097159,2,2022-04-03T20:09:18.972Z,208.91065670388775
1EQWWDiJtsfAsKJEHBTwG4WqDShFXPDnHi,200000000,1,2022-04-03T20:09:19.788Z,1346.67395
1Ex8FSxZadjP1uqCvCrbnCKz1xr66wutKq,100000000,1,2022-04-03T20:09:44.491Z,416.394012
1ES6jwLkKmspebLfiZWG36SizskbQScfAs,112000000,1,2022-04-03T20:09:19.849Z,471.22431104000003
1EtBNQTxhAyZQ95Hz8SRG75XMEGL2bH5wk,100000000,1,2022-04-03T20:09:18.987Z,416.394012
1Eru7ozyAjVmA4URtmwGNUFf5fNxKnEJPL,300002800,2,2022-04-03T20:09:19.914Z,1829.2228346969202
1EpENd8vtWrnTJHYFskERC7RvnkaY5h95j,410000000,1,2022-04-03T20:09:19.070Z,1707.2154491999997
1ERgwcqQEVDyz4ALGHZ3wTtVtcANw6wnfZ,410000000,1,2022-04-03T20:09:19.021Z,1707.7155630999998
1EWpTPRddP263vjWw5uX5dGcm2VmVHSfWp,100000000,1,2022-04-03T20:09:44.607Z,416.437988
1EQKqkxmKguLjtmY7fz6LQbUXfHySi2Azf,300000000,1,2022-04-03T20:09:19.957Z,1917.578979
1EPHkuFpsqL8HzBAKq68BUZLoLF34CA1sX,50000000,1,2022-04-03T20:09:19.054Z,204.774002
1EU9J3cxnUPzizW4za19uLDTiEHtKCXuHS,410000000,1,2022-04-03T20:09:44.593Z,1708.5889163999998
1EUfCRHohUpJ7cvBic31ZDL29zhCMbNPnF,219982514,1,2022-04-03T20:09:43.687Z,1462.9101687974835
1Esm346HhGjwxZQvimJDvHLfTxW141AhE6,400000000,1,2022-04-03T20:09:20.009Z,1776.619996
1EuxLfTMGqV4wizxLdEXANxxE4iVqK2H1o,410000000,1,2022-04-03T20:09:43.703Z,1700.745641
1EVh4wsfidT2xmjNwUkPHnTL6C2kanVfeK,414000000,1,2022-04-03T20:09:43.619Z,1717.3382814
1ETTVsZj6cS5kP3YtDwp36mXkX3gj12Pq8,550000000,1,2022-04-03T20:09:43.640Z,3661.267489
1ErL2hM9htbfYYHsY6EAvhX9XVJXE7akpT,300000000,1,2022-04-03T20:09:19.122Z,1228.644012
1ES2ahqzr3EBbU3QWoe1hDcqbnwYX8ug1X,300000000,1,2022-04-03T20:09:19.085Z,1829.2049550000002
1EqjBbtaYjwLouoqCfrRhXN1Dg9mRPVAXe,200000000,1,2022-04-03T20:09:20.216Z,1175.60205
1ES52aE2BezZG5Crcnt3SRvTjXK7RU8BfZ,400000000,1,2022-04-03T20:09:20.161Z,2147.679932
1EQpkJHQMno8V2S3C6zidSPnwJP3gHMobs,100000000,1,2022-04-03T20:09:19.140Z,414.81601
1Euq5qpF8ZFQRvRzg57S23au4vc1GeqbQw,100000000,1,2022-04-03T20:09:43.772Z,437.747986
1EShTUPJoZoas72FDv5iB8kjEYzaQuMpcB,50000000,1,2022-04-03T20:09:20.105Z,208.4149935
1EQ53rQt7fnzrsnwgXeF7SQjaaYo2KCnr6,300000000,1,2022-04-03T20:09:20.248Z,1837.532958
1Ex7WqaE2m3xVZqF4WjX9mRsaKqycSGetg,100000000,1,2022-04-03T20:09:44.706Z,426.765015
1EUdsRr1Ca9ntwwbCUXJicsTgfyAmSdch7,400000000,1,2022-04-03T20:09:44.674Z,1638.192016
1EWtrAp9Y9d2FkXBqXeuZNrYwEgFG1vxyv,300000000,1,2022-04-03T20:09:44.690Z,1228.644012
1EPVw6aNkgkfjarK58dBPaEFBcAF1Dr3iW,400000000,1,2022-04-03T20:09:19.211Z,2433.248048
1EuBB96HFfg3WAgi7jNTfXWT7DAQs5ujsJ,50000000,1,2022-04-03T20:09:43.913Z,206.8775025
1EsTsD3bkpqJ5zChGFQm8zQQto2fjoTBvP,200000000,1,2022-04-03T20:09:20.233Z,844.745972
1EVN8Kq6gX6QM4dC7bRgid9jhJLpVaQQeR,200000000,2,2022-04-03T20:09:43.864Z,1194.297974
1EQMLzxL5ERSaa6CofsCP7R7omBQNsQmUw,400000000,1,2022-04-03T20:09:19.241Z,1667.319948
1EwrNyRUdkpPrpzMyCaC6Fy6oBTowYkhTw,50000000,1,2022-04-03T20:09:43.927Z,207.4299925
1EVVE5TE3V2o283jeoBWtZSEEQGMytCowJ,100000000,1,2022-04-03T20:09:44.773Z,444.669006
1Euk8GM4zMSe3kHD4vG6za6ZcW7oCNSLjq,50000000,1,2022-04-03T20:09:44.735Z,206.6535035
1ERBP62TrxZ8UFVtXaUAQVsj3whQiA4Vor,300000000,1,2022-04-03T20:09:20.273Z,1836.3989880000001
1EUNfUM988WU8PjUTKEZk6WfnfjfV24qct,510000000,2,2022-04-03T20:09:43.944Z,2149.3646585999
1EV2FzwTGVDebQFe551Ffj41Y8qEsQ7TCY,50000000,1,2022-04-03T20:09:44.722Z,210.1744995
1Eui4dPwF7TH5xhc5PEGriRkDN731TXcPY,200000000,1,2022-04-03T20:09:43.987Z,1196.42395
1EWfZVPZtvNf4viPyzZKsJux6ynM5L9vf2,410000000,1,2022-04-03T20:09:44.021Z,1713.9680384999997
1EuSL6KEqt3QovuRXpeQcghNNqv7ioaypE,1488447,3,2022-04-03T20:09:44.805Z,20.133998810762492
1Euy79bS8zKNXYekMVpU8dmZsjLSayWiHA,6985015,1,2022-04-03T20:09:44.040Z,31.3634847237479
1EWNyJgrrt1KKWhZAJQsUoxu3wo7pcf7tt,400000000,1,2022-04-03T20:09:44.788Z,2424.664064
1EwUNZd55tuDtczydmkvoL7vx6kPpukSpx,200000000,1,2022-04-03T20:09:44.060Z,1173.505982
1ESB28VM3Boy6D3E1T5WT4Q6Qu2zpM8qj5,50000000,1,2022-04-03T20:09:20.322Z,210.310501
1EWQPEKSjjT6vjGiHVFsyopoDukwtjsdub,510000000,1,2022-04-03T20:09:44.075Z,2278.2821235
1EsZJ3h6bhDcVcY2DLuKgbuNAzec6gFTEj,1006264,5,2022-04-03T20:09:20.370Z,20.675655843234
1EsYuF4ir6FKvrqt3cxtt9EVwsnmUsszxy,150000000,1,2022-04-03T20:09:20.402Z,687.8040165
1ER9j2PaPi6DPWw3WE9SKRYDno8xmfuyYW,300000000,1,2022-04-03T20:09:19.346Z,1830.6119370000001
1EVZxQXyiH42hH4r3Nz8cMMmU4C2rAVssq,300000000,1,2022-04-03T20:09:45.031Z,1254.266967
1EwnLmiK1LyPVvzEfPVdWwSYbyAUUXenUX,50000000,1,2022-04-03T20:09:44.969Z,218.873993
1Eu6P1WkMEgGm1Ma9QrVQq3WyDLKoHMjZG,300000000,1,2022-04-03T20:09:45.095Z,1791.446961
1Eu8576P9ZxGquCbnw1ojVYhdhSUouENJg,50000000,1,2022-04-03T20:09:44.090Z,208.4149935
1EpzJ3PSRyXbPA4u1DbsPXmfzXZ7E8sAHE,400000000,1,2022-04-03T20:09:19.397Z,2392.8479
1FAHJvVXketd6QUr2qY229FrkZxq52sHi4,1000608,11,2022-04-03T20:10:07.858Z,45.917371017893764
1EXEHhieAjozBcyEq111HhXc4cxposPFTp,52000000,4,2022-04-03T20:09:43.100Z,214.91964364
1F4Dk7jFocBimU2D3QvkqepnQebSc9vTs4,400000000,1,2022-04-03T20:10:07.887Z,1643.75598
1EYk7yXi4SGboDQn9z1xmgG6dq8RspNrzm,100000000,1,2022-04-03T20:09:44.182Z,417.177002
1Exn49mGsDqL3tbikYogCVPvRSaeyTgxqf,150000000,1,2022-04-03T20:09:44.156Z,633.724503
1EZXUU9fJg6s1QBbDtzqcLHZwgeTWqDreG,100000000,1,2022-04-03T20:09:44.195Z,422.372986
1F3Sxd2YgiTSwK35Y9dTkjzPeNC267Bodn,410670000,1,2022-04-03T20:10:07.913Z,1826.1961521803998
1F4yn3gLAGDXfg5mS1w4oUmN9HhRXHrHqN,30864040,2,2022-04-03T20:10:08.985Z,377.09192037474315
1F8KtNpU6HvJ15cQpUHQTvkbR9pCuPnGA,400000000,1,2022-04-03T20:10:07.966Z,1668.043944
1F4Y8qeHDEPEHdL8n1r7UYzjuaWkcEAW4q,100000000,1,2022-04-03T20:10:07.985Z,424.230988
1EYfu2uvszAa1xUweu6SmGptgDvkxt3faq,401000000,1,2022-04-03T20:09:43.227Z,1815.43926797
1EXr8MxbJr9zb56VAZ1XSbxMzgsJpYFijB,150000000,2,2022-04-03T20:09:43.213Z,632.166
1EYtbSC6A6CpC1kQksSeTAoWHGi8htBZST,510000000,1,2022-04-03T20:09:43.243Z,2131.5195357
1FA9uCYSUAAo8iyZaKS15qjhMifTnSjxKc,50000000,1,2022-04-03T20:10:09.041Z,206.6535035
1EYR27YGHeogFYuEKpwM7hnmLnaiM9yh1v,300000000,1,2022-04-03T20:09:44.267Z,1253.879973
1Ey82vaVo3RmC9SnLcKBRzxHPubUXbD1ne,50000000,1,2022-04-03T20:09:44.278Z,204.774002
1F4m9ZnC1uQQw1NJYJqJyTEtqHCGjf7rnk,50000000,1,2022-04-03T20:10:08.008Z,218.8484955
1EXdhF2qFpsDWhcZ45fHjS9UcoL8F1FSv9,200000000,1,2022-04-03T20:09:43.273Z,1213.180054
1F5YcKGiT5i2wvKNwdxDWbbgzYzz2Hf36h,50902478,3,2022-04-03T20:10:08.025Z,208.47740875247587
1EZYAEX5XojxxJbQCRfqpu8yRrtn3Ezq9D,150000000,1,2022-04-03T20:09:44.294Z,682.6454775
1Ezy7PeuA9PE3uaArPvU8V4j7bWt99Rdhp,300000000,1,2022-04-03T20:09:43.257Z,1297.557036
1FA1uH2w7SYb35kzzbyynAeUoHA3VGp9cG,400000000,1,2022-04-03T20:10:08.056Z,2302.147948
1F4baxwA8ZP9h2NZGYcw7Wkxvhq2dg9tdV,300000000,1,2022-04-03T20:10:09.092Z,1250.1870119999999
1F1Xfvn3ZGrYUfhumNL7fbRLTrr276TehE,50000000,1,2022-04-03T20:09:43.340Z,218.8484955
1F7Di7ebyCZXkNhfK2TB9dYy3wUTWrNTc9,100000000,1,2022-04-03T20:10:09.149Z,420.785004
1F1pd6yGLx1AB9LJJVjsy1P4idMzBgWiNB,300000000,1,2022-04-03T20:09:43.374Z,1716.9089370000002
1F7qZHpPzwqEQWkDxxkmooQBsw7xoyRuHy,200000000,1,2022-04-03T20:10:09.195Z,1151.073974
1EXiUyrWXBMbU8YCqNMFixYcAypGGmdMNJ,212391,4,2022-04-03T20:09:43.460Z,1.3512145868264698
1f2AmnuCUpyGCqboWUWrvLsSqAm9WPym4,50000000,1,2022-04-03T20:09:43.356Z,208.505493
1EZmB83wFJBJNmXG2Ch2A5DA9YcY6caTV7,400000000,1,2022-04-03T20:09:44.379Z,2734.647948
1F1XGAEZiiZW1xxujD2L247CsEm357E5bK,200000000,1,2022-04-03T20:09:44.321Z,1326.51001
1EYPtddbNFR35XMRWgQksWArkZ4rwrpNa1,400000000,1,2022-04-03T20:09:43.394Z,1694.936036
1EXGQipPohVz69gESyn2JH58VnkQJVueK9,200000000,1,2022-04-03T20:09:43.417Z,1352.592042
1F5ahEMYLd4Xyan8S61DKWmPzXwMNXeJab,50000000,1,2022-04-03T20:10:08.132Z,211.186493
1EY1k4MeDEUMhjuYqPnFH8SxmAsZFfEJ2f,100000000,1,2022-04-03T20:09:43.436Z,441.389008
1F8J1FSnqRkC4HYuH2ezFtNcgchesKnwnv,200000000,1,2022-04-03T20:10:09.182Z,1150.08606
1F44FRBw7JPKvuHJvVYi2XcCPjAtY8NvVu,50000000,1,2022-04-03T20:10:09.273Z,208.364502
1F8Rpef2DPeSy3m7GQJkixjcVPXheRiWVm,150000000,1,2022-04-03T20:10:08.182Z,683.5050195
1F1xiqEAexNS8fhznZ4VF7rnWDMmvTmZPz,150000000,1,2022-04-03T20:09:44.465Z,670.0829775
1F7HYMPsFbucQLPCuFaVPZcJjTGZSNutkS,300000000,1,2022-04-03T20:10:09.302Z,1334.061036
1EyokhsQ2TZV929RTzdRxcYZrosGfyW3j7,50000000,1,2022-04-03T20:09:43.561Z,204.774002
1F5abALvYRySD53669UhEYYpM1joUjGfmu,300000000,1,2022-04-03T20:10:09.315Z,1827.68097
1F27XP9ntq9it8xs81P3K9TDcLTWjHQerj,300000000,1,2022-04-03T20:09:43.575Z,1251.5310060000002
1EYPcXighpHpEQiknPz2wLXeHz5H3V3omf,50000000,1,2022-04-03T20:09:44.507Z,208.505493
1F2ghkthh7dTK9PN7U6K8TukVcyKsZ4WcY,300000000,1,2022-04-03T20:09:44.520Z,1251.5310060000002
1EYAhV5iSxLnh7EZp9T7zcga8TDAruiGhG,410000000,1,2022-04-03T20:09:43.593Z,1733.2544795
1F5BkEzrxCY2kqDmmVhjyagLh6eVB78SUr,150000000,1,2022-04-03T20:10:09.371Z,680.0760045
1F4xod9SkjwG6HqevhXh8Nv5B8ZfHY8u7T,300000000,1,2022-04-03T20:10:09.386Z,1251.393036
1ExpnEZBqXWqNQcY2AQFXvQX3MBXh1kk8w,50000000,1,2022-04-03T20:09:44.546Z,208.565506
1F6xgfHsoYyXFQr1VPsc3DEzzgWfArve78,250000000,1,2022-04-03T20:10:09.409Z,1463.9700325000001
1F5Ln1HidFSt3cudLhXQA659dCveo8u8YA,400000000,1,2022-04-03T20:10:09.358Z,2320.728028
1F8i9aairTUarU9HwgK4YTkuXEz42VbuWa,410000000,1,2022-04-03T20:10:09.434Z,1765.3451631
1F2EBfpDqJrfjgivsVkMP7Ju3V59PwS9nY,400000000,1,2022-04-03T20:09:44.577Z,2424.664064
1F4AvL33aBotGmFCaJKPBY8VsxSVLWkRBF,300000000,1,2022-04-03T20:10:09.537Z,1827.7230840000002
1F737YpGW7DCX3M1FMYSVWzPonLQ5gdbUX,200000000,1,2022-04-03T20:10:09.554Z,1151.073974
1EYEmASy2TSiFocCHi3AiBozrr5TKgSTC,300000000,1,2022-04-03T20:09:44.654Z,1839.062988
1EykvuNLFhxW9y34bcyLSEvr92GQHnBx2F,200000000,1,2022-04-03T20:09:44.634Z,845.48999
1F7tNQ93xsoU9Zm5DmYvjgf41TqeY3nDzC,1001718,6,2022-04-03T20:10:09.570Z,25.3372945166046
1F8BssfbHGysQPKB8MqVjSxkAFURVCzck1,50000000,1,2022-04-03T20:10:08.420Z,210.367996
1F752TT5EiEgVHBzH4i5yz7aNkFm3gzJL9,410000000,1,2022-04-03T20:10:08.323Z,1739.3470508
1F1husf5mGer3LmK4ZJLBJ8z15VxjnY9mA,300000000,1,2022-04-03T20:09:43.656Z,1378.808991
1FapGzBS1dNUW3QHN9K1EiEQjcSBGkcmjD,300000000,1,2022-04-03T20:10:08.350Z,1280.295045
1FALw5J6sNZcSinBQC9S2bTQTW2cDiMH75,151000000,1,2022-04-03T20:10:08.386Z,640.66583963
1EyVdbucjmT5Jm8rjMA1ViNLsYBCmkng4T,50000000,1,2022-04-03T20:09:43.674Z,212.0149995
1F34BihrcPSxE8iVKtTdobZYPXgfdFuLqR,100000000,2,2022-04-03T20:09:43.724Z,438.798004
1EYtePkb5iKZTbmSnjABdQ4jmKgZmh9hqe,300000000,1,2022-04-03T20:09:44.619Z,1231.332
1FALsMgJCNshswX5P4v3igGeTVUmYsB5s2,50000000,1,2022-04-03T20:10:09.591Z,210.310501
1F7KDSdqMWSueaNnFNU2mRhhryUqfuC4JK,400000000,1,2022-04-03T20:10:09.605Z,1638.192016
1EXTcmKoE42BPRGvsGhK2VkF2w6HGc2Eo6,400000000,1,2022-04-03T20:09:43.846Z,1672.355956
1F8bsTorBToopX4879N6dG5N3sLM1r3wZJ,300000000,1,2022-04-03T20:10:08.490Z,1837.532958
1F2Lddpd2yzwF8nKwZURDhEpdRggwMfDtr,410000000,1,2022-04-03T20:09:43.787Z,1823.1429246
1F12RoazrPn9hPaw2U1uqPFkMheuyk2gAi,400000000,1,2022-04-03T20:09:43.801Z,2320.728028
1F4c9mtzUcdkxPWs4Nebmhhzh6HrJaDvjx,50000000,1,2022-04-03T20:10:09.619Z,208.505493
1F8CFfJndbB2nWN4fyXVmVLE546vZ7o63P,410000001,1,2022-04-03T20:10:08.528Z,1733.25448372745
1FauhgMBswcoJned4iyoh5EouB9mVMgkpj,150000000,1,2022-04-03T20:10:08.582Z,670.0829775
1F9ZM6yyh4N3qwSHjsXRPibvbbSnMLYGXz,150000000,1,2022-04-03T20:10:08.594Z,690.724503
1Fafr9D6zzQdNJB3mswRWpGjyR6LbDtPtz,510000000,1,2022-04-03T20:10:08.625Z,2115.561651
1EyfeFpyJFrr5ahb56PJSmFRYajGFEhqeY,419960000,3,2022-04-03T20:09:43.900Z,1783.6546912014
1F97rCXtxTVE67DcxSNLPxiAR6uzYEj38U,550000000,1,2022-04-03T20:10:09.694Z,3725.320467
1F5Wqsjb7ZujpPCHJGVqRC3LrQdmrY4wc6,100000000,2,2022-04-03T20:10:08.641Z,424.954987
1F7dW6ApAUBUo3h19cCsdt4XgPp7iSoc92,300000000,1,2022-04-03T20:10:09.659Z,1808.52594
1EzNZyNig2JoKU68PUeTWe1HeTY2qYKo8g,10886540,11,2022-04-03T20:09:43.883Z,728.4654356230326
1F64KLh69SBGFD13zeqjMewngNSUdcyW3o,400000000,1,2022-04-03T20:10:09.675Z,2562.248048
1F4iBPSzBwH4JpjcztJxbTwCuB7kwL1wLZ,700000000,1,2022-04-03T20:10:08.662Z,2896.285035
1FaUcP9sCzKoDEYDU9wDbuzo3eZCH6vyp6,150000000,2,2022-04-03T20:10:08.686Z,676.3424835000001
1F7E2SrCJokSu4RAvvn9s1EEz9zXjGECWy,410000000,4,2022-04-03T20:10:08.703Z,1713.6359631
1FaKcGAxYxaNfTSs6yoNsoxgiiS6q7uy9K,50000000,1,2022-04-03T20:10:09.761Z,212.0149995
1F1ucZHNFWkUwDQd5YK4W8juHG8yUzccyv,50000000,1,2022-04-03T20:09:43.958Z,204.774002
1F8z5Sk1NeMjLXpDQw5oX46GFu1n45qh7w,400000000,1,2022-04-03T20:10:09.773Z,2666.09204
1F52Y1VPkstW67dJGiyJgBYregJEEaZX7i,200000000,1,2022-04-03T20:10:08.730Z,843.380004
1F3MyX5rv1HMnprHjtRUYZYEqXk8nTiQbM,150403676,3,2022-04-03T20:09:43.972Z,858.2493147020325
1F6Uk7wx1SckGu5fsTwv7RDKyiVh5fmCE7,300000000,1,2022-04-03T20:10:09.832Z,1791.446961
1EXEgmgkr19xxbVt946B4j1VK9Zmxuhm7b,150000000,1,2022-04-03T20:09:44.006Z,682.1489865
1F2CaqQPCwgLqpZyaayqBJS75fzYzhv7v5,200000000,1,2022-04-03T20:09:44.841Z,1163.394042
1F3cQNX9vgNKRXqD6pa1ANXAxHyN71zphd,150000000,1,2022-04-03T20:09:44.819Z,682.6454775
1EY56C9sZK8XwYm4u4SY7SRWdofm8vDAUu,200000000,1,2022-04-03T20:09:44.900Z,1171.073974
1EYmkCu2JiEAgqNf5a7kDhF8cX9PwYpgF6,50000000,1,2022-04-03T20:09:45.003Z,206.6535035
1EYAcAFcy4mfHj7FjLQfARnA192jPKrHYv,1020022,1,2022-04-03T20:09:44.940Z,4.63871315671802
1FaHixPZgFPGeUXx4XS2f4mMzjMsEhqoGk,750000000,1,2022-04-03T20:10:08.744Z,4337.1675075
1Ey4NpXuGkGKZG7AUDpv3mjj1s8Ec3sf2A,510000000,1,2022-04-03T20:09:45.109Z,2125.3179204
1feqxeMY9eg177JhVUigM5PCsYtuuX6xu,400000000,1,2022-04-03T20:10:07.876Z,1695.956056
1FfCciDtLfrp2tKiH1SzhByqw1N9VhMxyY,300000000,1,2022-04-03T20:10:08.759Z,1262.618958
1FN6qcY4izsU12fgRiDUUW2p9EtcuRv11t,50000000,1,2022-04-03T20:10:28.378Z,206.6535035
1FcVhxfJKrSirfq4Srfw86AR8qXVhZLXn9,201979998,2,2022-04-03T20:10:07.801Z,878.8613984203403
1FDo8froiuenUkAuBSLyRBnA9uVc6Z8EsU,150000000,1,2022-04-03T20:10:07.844Z,679.0919955
1FdwTj9ohXUR94249WNUVqUe3JhWozs69L,250000000,1,2022-04-03T20:10:08.781Z,1480.2575675
1FFpvpkx6rmLydsVi2GbJnD2xnyBm5H5uT,50000000,1,2022-04-03T20:10:08.803Z,204.774002
1FgSZotRw2TeeyQZZHi7FNMdXtJ5zMTZeX,100000000,1,2022-04-03T20:10:28.391Z,418.088989
1FMgH3gcRgpKNdzB8skMWvN5sbh9M7p4Jz,250000000,1,2022-04-03T20:10:27.400Z,1683.3424375000002
1FMBqkio8ryWjtDhK1xvTGNHp4YZq4fcm7,100000000,1,2022-04-03T20:10:28.418Z,400.184998
1FBxjXncarxMSzKXzbHodGPK7Xa5zKJWvX,400000000,1,2022-04-03T20:10:08.821Z,2653.02002
1Fb3FfLrTf9iD9NpbtXUCeVRjcbykxUNXM,100000000,1,2022-04-03T20:10:08.966Z,424.230988
1FCBqTr3dzjno1FCd6XbX44bP8DcA3VHmk,400980000,2,2022-04-03T20:10:07.938Z,1676.260741653
1FjtCQVLLuPUuZvwDBCXrkPzVSmAHAr9ui,100000000,1,2022-04-03T20:10:28.433Z,420.785004
1FicdEhaYNdmJD9Zfrv22MZLmAJw27oNLM,400000000,1,2022-04-03T20:10:28.463Z,1646.495972
1FDzSmsPAm4oJ8RR2mTDfEqab5K6CSmUqd,300000000,1,2022-04-03T20:10:08.851Z,1824.936036
1FhYQHr4a6wwK3A5hRWdkVUnLkmYG321YW,100010000,1,2022-04-03T20:10:28.505Z,610.4970175974
1FejhkaYQPF42RCBK6KkqxCZ6wW3pVqQmr,15291021,1,2022-04-03T20:10:09.005Z,97.55060093562462
1FmGSbquu8go43w1pJt544ik63ZoTq2Ujm,50000000,1,2022-04-03T20:10:27.485Z,205.222
1FBQD9ekJMZiYr6k9GUyuKcr1VonGmAuS2,200000000,1,2022-04-03T20:10:09.026Z,895.952026
1FkB2QKT6G7YPqCnv5RYnVMqeYS2wC9yyu,9487431,1,2022-04-03T20:10:27.543Z,60.64299416770983
1FKyL3hZogdxWXDDqX6gSkjS2VzmV1qvgs,50000000,1,2022-04-03T20:10:27.560Z,210.310501
1FGgqTtRueUR3Hw1nQzGzNeQjxnjmpqtn8,510000000,1,2022-04-03T20:10:08.040Z,2124.2315541
1FJLYejnzuX6rZfBPH3ZvAX8WuECxXgS2b,50000000,1,2022-04-03T20:10:28.567Z,210.310501
1FK16F2EscdgAnB7bDFUP4NTVVLY3E4TcV,250000000,1,2022-04-03T20:10:27.589Z,1617.5024425000001
1FgYzyEQaacVcxrM6EWcRmAceMyx9W3vjx,100021000,1,2022-04-03T20:10:27.627Z,425.04422754727005
1FeMSXZ7YeZn36Qymik3w1MEMgDn9KuAdz,200000000,1,2022-04-03T20:10:08.080Z,1345.728028
1FLregB9rXqmpsmqhGw3ti8cMk57ZaXQse,400000000,1,2022-04-03T20:10:27.720Z,2300.17212
1FCYsmg6pF3Mj4qb5C1JKrPADf8GpN7EeY,100089000,1,2022-04-03T20:10:08.094Z,422.74889795754007
1FeFW5p2BDfY1SJGPX7gX9a2Cve2TX28so,50000000,1,2022-04-03T20:10:09.120Z,208.4149935
1FbEPivHhmzGuEC1yUmMHH12Zt1VuSHMNN,400000000,1,2022-04-03T20:10:09.056Z,2347.011964
1FK9pCAAKuQYWWFs57vjWwfPPnuHxmWAGg,1001189,23,2022-04-03T20:10:27.682Z,102.86822161123797
1Fhgwk1KH57F5NXAskKSdyeZ3Ubphz2Too,50030000,3,2022-04-03T20:10:27.736Z,208.3822703049
1Fe3z85keyBvtX7eTyfY89NXGPYj791x2n,75000000,1,2022-04-03T20:10:08.067Z,349.56674175
1FBQVbACsyLQmA3BgLnSbez9WBUk46GY9N,200000000,1,2022-04-03T20:10:08.114Z,1175.60205
1FHJdpNQPoEHy3Rm4cJn3KspVGv59x6erQ,51980000,2,2022-04-03T20:10:27.792Z,215.3640630772
1FmNjRzGQXwKwDHoQsrBdSipnepsVVSjcL,50000000,1,2022-04-03T20:10:28.611Z,218.873993
1FJUfYFCdAo89QwK5FScQhJp88TncMaC13,50000000,1,2022-04-03T20:10:27.771Z,204.774002
1FGKH6taQRZJZdrrGEJq7Nuz6kEbgyKcVA,250000001,1,2022-04-03T20:10:28.676Z,1468.8975583755903
1FfnPS9qBSKMNbnoV3MWHxD7McxtiK3RjJ,50000000,1,2022-04-03T20:10:08.150Z,208.364502
1FG6Jy4SBbMzzYs9Q8vtpaYL3ySwdNBUkn,300000000,1,2022-04-03T20:10:09.246Z,1251.393036
1FFAP1Yq4amuoVvvjhN4QnTMRdYQaibojD,1000000000,1,2022-04-03T20:10:09.209Z,4245.44006
1FDdLDA1sBiFf4zstZHvPCC8wA9QhzDq3u,150000000,1,2022-04-03T20:10:09.222Z,682.6454775
1Fi2Lqq5RiFMuJzz4QYrwL6aZoN4pUgpXW,50000000,1,2022-04-03T20:10:28.758Z,204.774002
1FH4wbB6DUzXTGRWgSAbinwueyu1tkX1Wi,300000000,1,2022-04-03T20:10:28.772Z,1249.547973
1FKki6uRt1fgEFWHxsTTiYfn4EsowSYWrN,50000000,1,2022-04-03T20:10:28.789Z,208.505493
1FFVzhzDnaqMXrPq3g3aS4H5q1X84HbFsP,300000000,1,2022-04-03T20:10:08.166Z,1726.415955
1Fecq1TVMPMjWQTbvYdCoYeTquR4DisbF5,250000000,1,2022-04-03T20:10:09.290Z,1480.2575675
1FMGTqGz8VxyaE5t4FGnwuumLh7GTYxqcN,50000000,1,2022-04-03T20:10:28.872Z,208.565506
1FbjKMbMErqbdcGRdAB2nBG24XzN8TFfvB,300000000,1,2022-04-03T20:10:09.336Z,1251.5310060000002
1FGGELwFzzz3XGdjYmpV5h3KSZZpJRT1ad,300000000,1,2022-04-03T20:10:09.472Z,1837.532958
1FFVjHCQB6j8uAjQ6jKxTiP87oJfgoyFZd,300000000,1,2022-04-03T20:10:08.237Z,1271.967042
1FEweErLBZMJPtUqLjMAqCw5BzfucWP3uZ,400000000,1,2022-04-03T20:10:08.207Z,1602.280028
1FGCeK4AZBdiDMyJfzLF8Hny23LTYn7MGN,100000000,1,2022-04-03T20:10:09.489Z,420.785004
1FkjTgPNcx2ucHaEa846HSd9sMaKMD1GUh,410000000,1,2022-04-03T20:10:28.932Z,1707.2154491999997
1FLorbp3rLnvJeZUuCrQ4NjxDdHz7i1K28,50000000,1,2022-04-03T20:10:28.891Z,210.451996
1FEd18WaFTUjau6da9pyZC3MduBS3tGZmb,150000000,1,2022-04-03T20:10:08.279Z,672.4769895
1FJ6PsaHAcXMjhAiqWCgNN6A7PuC7VrHAW,250000000,1,2022-04-03T20:10:28.916Z,1683.3424375000002
1FeqrSzwrNdgqb6UQXstYjr7dmfR5GKZ7W,50000000,1,2022-04-03T20:10:09.503Z,203.7440035
1FcU3MxEaxuNgpJHuqQoGf68gBmE2wbQe3,100000000,1,2022-04-03T20:10:09.517Z,423.734009
1FJexguapB7B46g14AMsfSfMTz2DZwNSot,100980000,2,2022-04-03T20:10:28.904Z,424.9009727721
1FewYoy8jaHL8U34wiYBwYPqoGWcYb6Hwz,100000000,1,2022-04-03T20:10:08.220Z,420.735992
1FmFpiawD7pWoEiWpkWFtt7Qb6xMwoidiF,80000000,1,2022-04-03T20:10:28.946Z,359.5399904
1FEwgbajTv3tvvExFQQxd132d3najR1joi,50000000,1,2022-04-03T20:10:08.399Z,227.5484925
1FMMbwkkPVtUeiHw7fdryBnTbBr7dPKULr,200000000,1,2022-04-03T20:10:27.986Z,834.262024
1FBCqcN1VFFi4ja7FwWDefMroqjAVXrayF,400000000,1,2022-04-03T20:10:08.295Z,2682.508056
1FjHDrxhRdH11HDQppBu8L99F7NZtf6aNq,1000108,32,2022-04-03T20:10:27.905Z,134.6132573018291
1FkQX44apwJqyXBaZHx9KKNNLoetybjUQS,50015157,1,2022-04-03T20:10:27.934Z,210.37425452527313
1FgopiRDRx4MPqi5dgnyTGe9zVYMVr1P8j,50000000,1,2022-04-03T20:10:27.971Z,218.873993
1FhipUAwmDVFSBJhMAEkMFm93UY4JPbspk,102000000,3,2022-04-03T20:10:28.975Z,437.16282306
1FkkPadmUfnH1vZ4vn9URALiXBC7hjEbLw,410000000,1,2022-04-03T20:10:28.961Z,1713.6359630999998
1FiNLD8BHt3jZu3H826dDvXrPEq3p51dLX,50000000,1,2022-04-03T20:10:29.048Z,205.222
1FHfWURRgPhbRqEEmzJCFEkszbWRCNpBCg,50000000,1,2022-04-03T20:10:29.099Z,208.505493
1FMe2Dfc6kKakjiSTfbo2HP2ocSPxeACsY,300000000,1,2022-04-03T20:10:29.136Z,1384.277985
1Fayz7JriFfCQW5DB8StMYWmhkgjvkr8ch,1036206,1,2022-04-03T20:10:08.514Z,4.71078923079528
1FMUzD2rHWvxbcY1RNgv7mF9kWaaCbECbx,250000000,1,2022-04-03T20:10:29.187Z,1437.607575
1FcuSjhjKKejb8N8Qn9NU2EKZVjRaUiEd7,50000000,1,2022-04-03T20:10:08.608Z,218.873993
1FJ5Vyvavxb4Lr4xP11wDSUdsBoSyWgc34,200000000,1,2022-04-03T20:10:28.058Z,1341.254028
1FBNTTaYfmzRg5bXZxDz79Ppk1GgHRAVgw,80000000,1,2022-04-03T20:10:09.647Z,360.22561040000005
1FG3m5ccSA28kksXzS1FXyXs381eC1EFmF,400000000,4,2022-04-03T20:10:09.731Z,1786.88794
1FmMomtPURNpHJbrjaaCA2eBkzY8oQ6zRx,50000000,1,2022-04-03T20:10:28.126Z,210.310501
1FmQFtacmug9F91buo4Tf75DeJkX5LaFCf,400000000,1,2022-04-03T20:10:29.280Z,2300.17212
1FGYM2ag6gcM6WnJY5CgYwPXCZc6j67hhG,50000000,1,2022-04-03T20:10:28.081Z,208.505493
1FjX3dZQFsTLREG3gGxQ5kNJjegvhMFDSm,100000000,1,2022-04-03T20:10:29.205Z,425.190002
1FkG7gMNoRvbAfYgcGNY8krbMNbkwwAbk9,300000000,1,2022-04-03T20:10:28.094Z,1228.644012
1FLEtq4bm6yMgwdT61hfMjWuQ6TBCGFQVE,50000000,1,2022-04-03T20:10:28.110Z,208.4149935
1Fcp3uX3E5w6Q6JGFeTTDKok2E1xteKN38,250000000,2,2022-04-03T20:10:08.718Z,1732.8840330000003
1FL3qBjBMuTkyrHvBtjcieiPpGoqXx6gsz,100000000,2,2022-04-03T20:10:29.403Z,424.954987
1FAyt68Y9pg814VMk8ZxnoBNk6KwG7wXMW,50000000,1,2022-04-03T20:10:09.785Z,332.842499
1FENecf52ndqoYmDH5DtZZ9ZVeRCKSQDYa,200000000,1,2022-04-03T20:10:09.819Z,870.245972
1FFg12xZ3MUrHMX6GoRSRT67BZeA3x8dUE,50000000,1,2022-04-03T20:10:09.885Z,211.3724975
1FboRKmrReNX9C2ECwSWEt3kGinZxSE1FQ,50000000,1,2022-04-03T20:10:09.805Z,208.505493
1FcXsYb2vGqeqMwhjBdSqTQHaZzdtB8gAj,300000000,1,2022-04-03T20:10:09.864Z,1837.532958
1FD1X8ZMJhBAAaHaS7SK5hXeNeysUaH2kX,300000000,1,2022-04-03T20:10:09.936Z,1829.2049550000002
1FKs3EDh6emhZpwGcj4ASSb3ccURHNYoQT,50000000,1,2022-04-03T20:10:28.347Z,212.0149995
1FMzMsR7MSFHw7E53KvwhWs1hTfGz62rjd,150000000,1,2022-04-03T20:10:29.431Z,689.4044955
1FeCxNZbCSHmJwHR7TbfZYtTP2AVTpFrwf,200000000,1,2022-04-03T20:10:09.954Z,1316.156006
1FN56aoiQuPSUoVZMGBq3U5jeEqXBhMorm,100000000,1,2022-04-03T20:10:28.208Z,432.519012
1FdqqfoFZBf7QMgUPrW8BpCSyVNzGKNRwX,300000000,1,2022-04-03T20:10:09.918Z,1868.5830690000003
1FHhghziNzrfeVbZsoQGZnM8R9CU8LX3i2,400000000,1,2022-04-03T20:10:28.359Z,2455.931884
1FwLjv1yK8o4xb4WbFtjgpa9ej4GHx3NcH,400000000,2,2022-04-03T20:10:46.674Z,1667.342178659178
1FvkaVoV6Hq6G1zKd2tqwh1EFw2QPHv1qW,50000000,1,2022-04-03T20:10:46.642Z,208.364502
1Fx55jbeWevcqkGHsg5gpaLVvcDvsKDdmM,50000000,1,2022-04-03T20:10:47.758Z,208.505493
1FRWhSQUsmYfmyT2uh4XnwJxnu7nDkm6na,200000000,1,2022-04-03T20:10:28.404Z,1067.728028
1FtcmW1m6VJeWgFUp7Q5gWLmpXyBvcHcUQ,50000000,1,2022-04-03T20:10:46.687Z,209.0444945
1FtyzaQ8gUQGKcZW3ro4Lp3BKyzgjxoQWq,412383768,4,2022-04-03T20:10:47.774Z,1720.3702400770355
1FqWHEuLrSHWetcSZaMRXjFWYwK2EPVBeJ,400000000,1,2022-04-03T20:10:27.347Z,2709.323976
1FwGLgBQ8YpjgH6VuoTjYyV7bFCpVCTZS2,400000000,2,2022-04-03T20:10:46.828Z,2426.3290549599997
1FxBVPa8fEbqGsMzKDnakjvnTnADtgbwY8,150000000,1,2022-04-03T20:10:47.858Z,631.309479
1FwDqyCUhBgXkdQgLGCAvgGjDmo48VQ2t5,510000000,1,2022-04-03T20:10:47.811Z,2127.6027102
1FS7hARLJZwpPFDyojYgjWZbqrPxHMnbBJ,200000000,1,2022-04-03T20:10:27.440Z,946.927978
1FoFHFMCvbqexcyrHYEGxgLXaPhNEBF4W7,400000000,1,2022-04-03T20:10:28.491Z,2411.36792
1Fw3V6pohH1Nzh1EDnhvLcMM2HBayMFDho,1006897,16,2022-04-03T20:10:46.741Z,97.95787244446562
1FNxnAwbS2RQ4ckZhySwZ9z4kgkc8tPGqF,200000000,1,2022-04-03T20:10:27.428Z,1185.380004
1FrrQ67wcpDLisYaGshw54f2veHDzZTTQe,300000000,3,2022-04-03T20:10:27.457Z,1234.180511
1Fprj335bR14EiAzY6mbzs8sj6f4ocm3qS,250000000,1,2022-04-03T20:10:27.417Z,1683.3424375000002
1FWCyofJWbC2cAkrkAehhfX5UdMeXKEAg2,410000000,1,2022-04-03T20:10:46.812Z,1708.5889163999998
1FW3FJRCK3gdzXkpmuz2PWZGxge4hseqjS,400000000,1,2022-04-03T20:10:47.844Z,2309.756104
1FskmtXTsgfcbDopvRyj4hxiBzMbx6YScW,150000000,1,2022-04-03T20:10:27.512Z,673.516479
1FvkUbaff5221s4iAY1mR6LgymUW1RNuLc,250000000,1,2022-04-03T20:10:47.875Z,1445.7225025
1FtAxZhAbrzDdDkki59MyJruJKsHyDQTLa,150000000,1,2022-04-03T20:10:27.472Z,997.9485164999999
1FVNe4Hd4o55Z2ZDb6Bn7zgw3UCYAbL6vv,300000000,1,2022-04-03T20:10:46.865Z,1239.921021
1Fsr5t6wj2JiAGgjQWBeSmSYQMMA5UfZv1,300000000,1,2022-04-03T20:10:27.527Z,1228.644012
1FVwznj47pEv1kfZN74AYFoTB4WkFUh4uW,410000000,1,2022-04-03T20:10:47.890Z,1710.4257082
1Fv1fK1JsacJ1fVCHfoU3fJDyMHxNhCmjL,100020000,3,2022-04-03T20:10:46.930Z,400.65012100139995
1FsVpWW7ZK8dmwZ2fycRBQbz7xh5dBLoSt,100000000,1,2022-04-03T20:10:27.498Z,418.040985
1FQsv2UktVMDyDwjvFRm1XPcRFS3UDyt2m,300000000,1,2022-04-03T20:10:28.524Z,1827.7230840000002
1FpP3XgPRvKzZg75znuRXvPkQagd7SZEHm,400000000,1,2022-04-03T20:10:28.553Z,2440.815916
1FuTVc8G2FSMZ1uetXmLon69G12MVHFFWk,200000000,1,2022-04-03T20:10:46.997Z,1144.605958
1FndUnnksYkyBjiXTFqw6H56jc7nZtxqiV,202058944,2,2022-04-03T20:10:27.647Z,1340.166059130147
1FXAmUurRoSm5M4x1PMgH3FKrEE7B5paAe,1000229,25,2022-04-03T20:10:47.940Z,109.44930590273474
1FSqt2qHVAfGADQU8CSKu6pd783TrNBZ1f,853502,1,2022-04-03T20:10:27.754Z,3.8234842304752608
1Fvdq3vB7DDPCMYif69o5f8CPeWTeeE3AT,550000000,2,2022-04-03T20:10:47.109Z,3665.8765550000003
1FqPrLZjJYcNsNhfHf2fio4abwjT1oYJwk,100000000,1,2022-04-03T20:10:28.583Z,418.040985
1FSVMJuf4f5YRxi7NsKgMu2V1cQcb1zBxk,300000000,1,2022-04-03T20:10:28.596Z,1228.644012
1Fv7tCuSAanzteTMdngaMN46Ve8k4AKUQW,100000000,1,2022-04-03T20:10:48.013Z,418.040985
1FwSKajzwxgLTsz4NoLGomnRsjT5RVZB94,500000000,1,2022-04-03T20:10:47.205Z,2669.3200699999998
1Fx6SRVioK63YjdEYT47KViz4kHsBrVMZF,400000000,1,2022-04-03T20:10:47.223Z,2450.043944
1FUdvCDjqKvRZhB64LiTLzvxxaNtgDsn2E,300000000,1,2022-04-03T20:10:48.000Z,1843.6320179999998
1FnuBvgWV5S4yReE5fEAdWT8vUTo4dBKxB,50000000,1,2022-04-03T20:10:28.627Z,217.561493
1FU95a3HvoCCCa92wHUCc2qCCZuSKzcqBv,50000000,1,2022-04-03T20:10:47.192Z,210.310501
1Fs1T2RESrAT44zovp473H5F8NpMCXdwct,309980000,2,2022-04-03T20:10:28.648Z,1888.4818236019998
1FT5Y2vMAvfypCNWZ9zVcE9jzqriibYrFY,100000000,1,2022-04-03T20:10:28.660Z,418.088989
1Fq97nq2Nq1zVk8jSbjLuU5Mqc6RQjsfaK,300060000,1,2022-04-03T20:10:27.809Z,1265.3230200012
1FTiVqvXknypeGLLPeSiy6tWkjive67GeW,50000000,1,2022-04-03T20:10:47.268Z,205.222
1FNHVXSsToQL5VLPkrQdEXHvrDY9WggZou,300000000,1,2022-04-03T20:10:28.746Z,1837.532958
1FWzrjSQak35u4u9Axhwd8SvrQXfAmwSiv,50000000,1,2022-04-03T20:10:47.332Z,209.0204925
1FnBtkqxw86oQsEYt1mNyeMhJWTEfX1bvL,200000000,1,2022-04-03T20:10:28.701Z,1175.55603
1FVisHeh7nK6jbDhCtJaG4BXFvC9KtQ84i,50000000,1,2022-04-03T20:10:47.293Z,210.310501
1FNApqN2QbciynxAd1cTwnLeN2qoiwx7hz,300000000,1,2022-04-03T20:10:28.727Z,1817.078979
1FUjWmjcKabwYyXec5NRg4TYir5pcDzh5A,100000000,1,2022-04-03T20:10:47.310Z,414.81601
1FttFZVGTF8jhVHyTXe9JsNQDPsLyg3cVU,300000000,1,2022-04-03T20:10:48.096Z,1251.5310060000002
1FoFHn1pjXapvpoDwMmB9K7HqLqxDgzm1z,100000000,1,2022-04-03T20:10:27.844Z,437.696991
1FuYe24zpw3tZCqZhieJJUyZQgnEmarymD,100000000,1,2022-04-03T20:10:47.385Z,416.729004
1FScPw6LZH3M6fhaf13ZaB5d8Mjv2QFsy7,150000000,1,2022-04-03T20:10:28.834Z,664.781982
1FuhRqJbRnphZgvMekZsyPqDXpPp31ZMiW,50000000,1,2022-04-03T20:10:47.414Z,210.392502
1FreUUgkixVyN3JcPu6uuUm7fn8EJCJGPj,50000000,2,2022-04-03T20:10:28.819Z,210.84453309839998
1FpaA5YcM1w7BsKvzGK9PZKQxyfmDZdGiC,203360000,12,2022-04-03T20:10:28.803Z,1233.5614789072
1FuNg2KA9ANdNK9vMiasWSa36SjDuQySeu,100000000,1,2022-04-03T20:10:48.158Z,417.945007
1Fr8xcEe9LkqN8Kgnr5dqj4cnyU7KJLNpb,100000000,3,2022-04-03T20:10:27.828Z,416.394012
1FUPbvKAT69qSEgFDgJWaMUGG6JnvqU33b,1000004,30,2022-04-03T20:10:48.131Z,129.6461209824096
1FWW3Ae7BVnMbiYZprgrq4Bszr2AQXEr4h,250000000,1,2022-04-03T20:10:48.185Z,1468.8975525
1FSVaN4EhYDmM7BV9JSfntJrNUUP3VfXcm,300000000,1,2022-04-03T20:10:27.877Z,1733.282958
1FR4xaXijf5YJgUJ6QUjEc52hsukn7K4CZ,400000000,1,2022-04-03T20:10:27.857Z,2666.607912
1FtZTiWCTWi8DTodaqJXyQqoZ6Tk9aR2B7,50000000,1,2022-04-03T20:10:47.441Z,210.8255005
1FVJn9NapWuWMam99W24e6M8f81g9FuBy8,50000000,1,2022-04-03T20:10:48.224Z,217.561493
1Ftym5ejMHmqZcG5YZJJeg291Hmu74HqRB,100000000,1,2022-04-03T20:10:47.494Z,421.444
1Fqc3NY7ogNpsCue43xfz3jKdRAwVQ28pA,150000000,1,2022-04-03T20:10:27.891Z,636.0449985
1FwQLqJwk3fsY3vUMrY4EhjaHhwwpcRAMa,50000000,1,2022-04-03T20:10:47.454Z,207.4299925
1FWNyCgLoHE4JoezTWQAS43DTvwovxbAmY,400000000,1,2022-04-03T20:10:48.283Z,1665.576048
1FU6x1rXBdH3fP1Jk3VeVZ4gpNuwS4ohjj,300000000,1,2022-04-03T20:10:47.509Z,1808.52594
1FPMJhLghEh3SrzzQGWX62nWYXYeJhMZjt,100000000,1,2022-04-03T20:10:29.007Z,416.321991
1FRDJam9RYgn8W6zdQK3Ge7zrWwmf4vvsB,200000000,1,2022-04-03T20:10:28.992Z,1159.302002
1FRwQDGQshDJ6XEW7mr74XCdvsVAwmet2m,400000000,1,2022-04-03T20:10:29.024Z,2422.771972
1FWrTcWiPPjUdK2rgKhLqr93rzdo8reMGb,50000000,1,2022-04-03T20:10:48.350Z,208.565506
1FsaboB3WcjXDpzfWReovHPTMjp68DQDEq,300000000,1,2022-04-03T20:10:29.114Z,1829.2049550000002
1FwQhGPR9zwjnjGHLoLZNghiK1qzw54Cx,150000000,1,2022-04-03T20:10:47.557Z,632.166
1FrG9rJnWmACNbycGWFjoNe9Ae9tLnBXeE,400000000,1,2022-04-03T20:10:29.170Z,2436.964112
1FQAyDYzLi9aTP5pyTanu4GQFz4DLotkxQ,200000000,1,2022-04-03T20:10:29.080Z,823.247986
1Ft21Ed4mx8ADmVghnMPV22V3iUkDVxYj9,410000000,1,2022-04-03T20:10:28.002Z,1710.4257082
1FVxxqr7ftVZAJhe5GCRRd4BpzgzMFT5F2,300000000,1,2022-04-03T20:10:48.365Z,1271.202027
1FoDQ6X9rnj3Syosm2rnSNt35MBrarqG35,50000000,1,2022-04-03T20:10:28.024Z,204.774002
1FvZtZVMgysnXGZsYsnUGDG6u3RW8q2ZCP,400000000,1,2022-04-03T20:10:47.529Z,1682.484008
1FNPKjPvho7QQaKf4cTQeY5xq6t5ipngTA,100000000,1,2022-04-03T20:10:28.039Z,424.230988
1FW9xGDLs7QrkR7fWCCZFJfM98v2WL61eg,400050000,2,2022-04-03T20:10:47.605Z,2423.0748184965
1FtVNo9s2gpc1Zg1nvDWL5J31mFgFPo4SY,700000000,1,2022-04-03T20:10:48.459Z,2898.455014
1fUngA9iTjeD2G4F394XnQn4n3eGaU9gA,150000000,1,2022-04-03T20:10:47.619Z,658.9844969999999
1FSRsCnvCjpNKraGmVpH7eP4Jxk39WidJX,410000000,1,2022-04-03T20:10:29.224Z,1713.6359630999998
1FoYgh97B4L4hdTL6kh1MYuGNYSpV5FzA4,75000000,1,2022-04-03T20:10:29.292Z,336.23849475
1FohKsopUVop3w8sci8Rkx1ncnvKuFixwy,100000000,1,2022-04-03T20:10:28.182Z,416.515991
1FUKHd3moVYTMFYpHggERjYp7HrzccMPPa,50000000,3,2022-04-03T20:10:48.523Z,210.310501
1FrxEhsKegBWW2xR3wSREh9x9DVQtcg9Sv,1004068,4,2022-04-03T20:10:28.146Z,23.28036085088272
1FSwUrSCsk9H1UHz5ri2VmRw5SioLPBfQC,50000000,1,2022-04-03T20:10:28.159Z,211.186493
1FX7br1iwF56tKdGBQYvxNrZms69qyPZBW,500010000,2,2022-04-03T20:10:47.685Z,2038.5770286969
1FwXGMtLrrmy1m5WvsxyYtyMF8G3PRmK1d,400000000,1,2022-04-03T20:10:47.700Z,1665.751952
1FUiHcCHA8XfvuwFiWUvxYtrdimvmvFMJ2,300000000,1,2022-04-03T20:10:47.715Z,1228.644012
1FnpGKnsbf6A3CSgmYGy58oAiSMEk9pYEV,150000000,1,2022-04-03T20:10:28.196Z,626.9399865
1FvSWGbooLefQyWMHr9TtC8ACgNjdTEr1e,400000000,1,2022-04-03T20:10:47.732Z,1659.43994
1FqDV8Z3D5NVQgXCnA34HNxcsq7Uvv71h3,100000000,1,2022-04-03T20:10:29.417Z,416.321991
1FNNNhzP16rC6dK4ZLUGuLGB64UWLsULNz,100000000,1,2022-04-03T20:10:28.227Z,422.372986
1GAeeTVa4DaYmXSLTD4EwkRVNygtTbmYzb,150000000,1,2022-04-03T20:11:06.967Z,987.9960014999999
1GAqrAkAG6pB38bj3QBDvtaY3wGtQTpqVg,200000000,1,2022-04-03T20:11:07.003Z,1331.369996
1G9S8usDBQisKAzWMDwnWdiZHFZW9nwYN6,400000000,1,2022-04-03T20:11:05.866Z,1778.748048
1G6rasNeAkKfSciwpR8qs5wajYh9aJfBhu,100000000,1,2022-04-03T20:10:46.714Z,446.721985
1GcRQJddRQSqpiQMqpU64S3UCXnrMPdXzp,300000000,1,2022-04-03T20:11:07.031Z,1249.182036
1G9yin96Y5qN7FF1HQ38GdDdVzk9XkL66J,200000000,1,2022-04-03T20:11:07.086Z,1094.930054
1FzNEXoi85QpwNVhNkwUGx5qK2jYrPBeY8,552886390,2,2022-04-03T20:10:47.795Z,3375.0174199099383
1GbSmWca8Bz3wqFP9KWik1A8ve3UE6ziCL,10000,1,2022-04-03T20:11:05.954Z,0.06391929930000001
1G9fYEHLiRTAL14PhqvGTuHCxSPemxE1FT,50000000,1,2022-04-03T20:11:07.100Z,208.197006
1GaEwCXrc6Uqx5eS7hU7vWV9dNytyZPWCF,50000000,1,2022-04-03T20:11:07.183Z,210.845001
1G74crRTxK39Zz75X3cRWPYNewASUmDBQ6,400000000,1,2022-04-03T20:10:46.728Z,2814.808104
1Fz8mbMC19M4Hf7fmiZARwKshFt7W6zYW1,50000000,1,2022-04-03T20:10:46.783Z,208.4149935
1GC889p4wF8UezHqcNsQ4dUZq1YZSfr1KX,1000709,14,2022-04-03T20:11:06.167Z,58.12157690211108
1FzkKdTTMZQLMazzhn7oLz8hBUCFJkZh1x,322522113,2,2022-04-03T20:10:46.848Z,1851.622011154804
1FzqRs12Sackze8Yw2iCzvUJNWb2JjyN9x,100000000,1,2022-04-03T20:10:46.797Z,418.040985
1G9Rq3mg32mKuh2RJhVjGC3ode4W7DL1SE,50000000,1,2022-04-03T20:11:07.154Z,207.4299925
1G56VNHnVbdMM1oGzdidzhMaHeVUH7WEpj,200000000,1,2022-04-03T20:10:47.825Z,1220.871948
1GBdao5TnQzpTcT5PwhRwKdVkbcpBunxtF,410000000,1,2022-04-03T20:11:06.122Z,1739.3470508
1FxwmRHddBXt3AK8tqV6QUDMs1o9mBTwrx,50000000,1,2022-04-03T20:10:46.877Z,205.4694975
1G34g9Ap9imudSh5o6Z62ct4WkSc7hx7yf,300000000,1,2022-04-03T20:10:46.891Z,1788.8939219999997
1G9eBA78Qzi6msA87HQiUhEPwsKQfJ6M9N,50980000,2,2022-04-03T20:11:07.260Z,212.59220066280002
1G2ox9cNb8tVD5L74FULx5GYH5u5ybwdxP,100000000,1,2022-04-03T20:10:46.948Z,420.785004
1G8LsYQ2QkapGeX7ETGX7ty3y1MqUapF32,300000000,1,2022-04-03T20:11:06.376Z,1843.6320179999998
1G9qchqQnVchtp99xyqkeEJc1DJ3AADoud,300000000,1,2022-04-03T20:11:06.390Z,1228.644012
1FYACs52ungwS251pN9c2NsfuNbpgYejwz,100980000,2,2022-04-03T20:10:47.017Z,451.099860453
1G6w1VpLCUDvMu2FzU5kkgxTAgr2yQM8dV,50000000,1,2022-04-03T20:10:46.967Z,205.222
1FybKFDrGSK5EgLp5aCPySkvufxWkz5T9E,510000000,1,2022-04-03T20:10:46.980Z,2132.2538439
1Gb5BbYBLkwkgTN95xASY34oe2tatG76V8,300000000,1,2022-04-03T20:11:06.405Z,1272.692964
1GCLCebwc3dWvV49vVUPiczC4MNrM9dAp3,150000000,1,2022-04-03T20:11:06.423Z,670.0829775
1GAEdkwxM6A376qaJRRSNRFr3MLPRMyGzk,100000000,1,2022-04-03T20:11:07.425Z,420.785004
1Fxf43v21mYM9ykrigyFgNSjm1FCrUqVEi,200000000,1,2022-04-03T20:10:47.905Z,1150.08606
1FYYLRDAkhsmb5KD6Y8RJdQtgQ5c8LobBm,500210467,1,2022-04-03T20:10:47.032Z,2368.3164304537286
1GaRMu44C7q9wGX6Y21f8PfmP96wzqWxbS,400197543,1,2022-04-03T20:11:06.471Z,1687.4369460369055
1FZU9ngKwVxgGdquueoMiCjLNFRHarfUTM,100000000,1,2022-04-03T20:10:47.088Z,416.394012
1G956KbEmu65bjpW9dWERxMmLbZszmuXDY,251497201,1,2022-04-03T20:11:06.435Z,1645.9687467101764
1G427iSnLDXafxkVau94qMqqkFKRBHXsap,100000000,1,2022-04-03T20:10:47.922Z,414.81601
1G4Y1zinoqQHRLTWVTKdQFJ4EYchBxMxq1,50000000,1,2022-04-03T20:10:47.149Z,206.6535035
1FyhGGga7M1viKZmj56fg2bdxvAvxzfsZU,50100000,2,2022-04-03T20:10:47.135Z,208.57731749100003
1G6dCyGRPhbHPk6QRWKedd7Tp1uSwLSHXs,410000000,1,2022-04-03T20:10:47.161Z,1700.745641
1GavurTQqxSNWPECvU8oJEGCUFDcGQbjG6,400000000,1,2022-04-03T20:11:06.485Z,2505.263916
1G7VpJjKC7GnTmjNNkq3kXWK6iXNHHEr3f,410000000,1,2022-04-03T20:11:07.519Z,1708.5889163999998
1G2bbfjDfE1tX9NQGMaEz4iKzNtkfk1oHa,1040992,14,2022-04-03T20:10:47.983Z,61.797657140661094
1G7Q8DenDDU6WoyLGeRDTP6vKYXehqqJy2,410000000,1,2022-04-03T20:11:07.495Z,1749.7365614999999
1FxR3onY6rG81X9t7h9Xan2dD3QQamA6F5,50000000,1,2022-04-03T20:10:48.028Z,204.774002
1GAWLhjFx11KoztS5fpT7bmyDfaWSrk19w,410000000,1,2022-04-03T20:11:07.507Z,1708.5889163999998
1FXshpEJTDC4MiAh4scuYMqr3ParG3DMoX,50000000,1,2022-04-03T20:10:47.238Z,218.873993
1GcfSQBrSWRmofuw1eSA2KKd8bwSa3JbEq,410000000,3,2022-04-03T20:11:06.545Z,1837.7938726000002
1G1aELbiCRVQC6G61KwMiHCKuXpawg5Ajm,50000000,1,2022-04-03T20:10:48.062Z,210.392502
1FzG32JNkW56JGoAvEzYkSVJKQHcTB1T1Y,400000000,1,2022-04-03T20:10:48.047Z,1672.355956
1GcB8wNZs3QNnPYExFVV3pFW4Y5i2ZigGQ,200000000,1,2022-04-03T20:11:06.525Z,1346.212036
1FYccveruwg8HvTXPxyzWFs7ryR9XxSLkx,300000000,1,2022-04-03T20:10:47.350Z,1241.915955
1Gb6LJ4rTRyxdGgYKzSM35Cx7bcWtz6S42,400000000,1,2022-04-03T20:11:07.681Z,2147.679932
1G1JLegZ3WL6iYMuARF1WMFUyK4kt61R9x,50000000,1,2022-04-03T20:10:47.401Z,204.774002
1G5dPLvkDe8p4wq3d4DJRzB5vaC5BqySwM,100000000,1,2022-04-03T20:10:48.118Z,423.412994
1G9qgTvi5AoRjZQUVTwH7pjViY3Z9naQx7,200000000,1,2022-04-03T20:11:06.560Z,834.354004
1GBFa4pGx5a8WjL1ETRQvxVVSGTNYLWtgt,250000000,1,2022-04-03T20:11:06.582Z,1599.7250374999999
1FzvXgTYpwr7j1ySg5GPXbFD8qHYQv9euA,50000000,1,2022-04-03T20:10:48.173Z,210.310501
1G5rZy51MSA5YRbyHdnT9xvUovbc8gZTYW,100000000,1,2022-04-03T20:10:48.245Z,424.230988
1GcTfGPGVuXTGSgDAPvPRUoLgTjf71raTf,400000000,1,2022-04-03T20:11:07.772Z,1778.676024
1G66gwLKsdaECw3CDQBwFPuZq4K2FeJQwT,150000000,1,2022-04-03T20:10:48.207Z,675.4559790000001
1G8pxLj8rWMMJKwEjpe54vW1Pkye5mZMGa,50000000,1,2022-04-03T20:11:06.655Z,206.6535035
1G9e1odrdVdSzqGTwPZCMHnFr581DHX8Lg,100000000,1,2022-04-03T20:11:07.746Z,426.765015
1GCbLWykfVU22faXd8xNEEBrfLRh4Vrt8L,250000000,1,2022-04-03T20:11:06.688Z,1437.607575
1GA1okexnLvcBkV5LYcZfgoBEqeQ3CLVY9,250000000,1,2022-04-03T20:11:07.790Z,1443.597565
1G485vZjT41ob2DPo54Ks3rBRYqc4aiEy6,200000000,1,2022-04-03T20:10:48.302Z,1346.67395
1gaktgn1wki8FJzwYtTXMaU7CmfHMWSPo,550000000,1,2022-04-03T20:11:06.703Z,3175.914643
1G2RFZKpFu4h69idQrMe5FJdk8HifPhUK1,300000000,1,2022-04-03T20:10:47.479Z,1261.046997
1Ga2a2xC12iY9TYQW7TzvjRCivDfCjhSV6,400000000,1,2022-04-03T20:11:07.808Z,2438.93994
1G3Dvy8JLD1xF9mz3sXYu37MzHzpApM5P7,100000000,1,2022-04-03T20:10:48.317Z,461.425995
1G4f21epvi8MUG8jvR8etAtsCu3HiG5JUR,250000000,1,2022-04-03T20:10:47.543Z,1683.3424375000002
1G2DA4hZtPqDekU5LMfxdTYk9XwMxmoGs5,50000000,1,2022-04-03T20:10:48.332Z,212.272003
1GaK5cJvB9wKmt4Uowb4TukVVdWJF3eNXb,510000000,1,2022-04-03T20:11:06.721Z,2125.3179204
1G4Jo1CNU8yirpBKjQLQFeaavaeykspMVf,50000000,1,2022-04-03T20:10:47.592Z,206.6535035
1GBQxMYbDuN9j4oJG2cDsSwJPSbHZWpFhh,50980000,2,2022-04-03T20:11:07.870Z,214.5161950392
1G2rCAUaZp92jtFukb6iFp5xh8QQEFSN9a,1004636,1,2022-04-03T20:10:48.396Z,5.6898060168728
1G1L1rqpga3BAuXhRBSKxF6NEMZSQBRLar,300000000,1,2022-04-03T20:10:47.572Z,1841.9489130000002
1G917RfCGEUTdf4KLSeXsfFtfvKCCnYhWh,100000000,1,2022-04-03T20:11:08.080Z,417.177002
1G1X16gGwLfFe6U7AMnc5Vv4UjFszBvfAx,50000000,1,2022-04-03T20:10:48.416Z,209.0204925
1G2FMBHUKiJEqnhxazHNTCDi4YnfFkJx8H,250000000,1,2022-04-03T20:10:48.429Z,1542.8024300000002
1G8GF6Wzjf3cnSid8y8T4D4i1mhCRqLNmt,1015515,2,2022-04-03T20:11:07.919Z,9.216468661797
1G7Eyw6WHtNRFHFCUgCyYbBiMbyJX7dyrx,300000000,1,2022-04-03T20:10:48.441Z,1908.576051
1GAG7dtcaaKSyodjMUcNv6QNkW4ZjZzE2L,400000000,1,2022-04-03T20:11:07.886Z,1819.063964
1GbL7myvG6Jbkjga8hjLk7MTGwUSEKaQcA,1000066,38,2022-04-03T20:11:08.040Z,158.2401677218208
1GA8i6CFRyRb3CEiV9X6jCE91aAynM6h1Z,300000000,1,2022-04-03T20:11:06.842Z,1839.062988
1GbCEb97P4TaWNm3fdG4WdCPoPyXyqU5fA,100000000,1,2022-04-03T20:11:06.857Z,414.81601
1G7sxgCdekuQN1J6nz63wvV66FGFdFNVE7,550000000,1,2022-04-03T20:11:06.823Z,3220.7340715
1G3huzckvX8GxXKncFb4nFmjsJdb5BfxZv,400000000,2,2022-04-03T20:10:48.474Z,1686.7595219984998
1G5VXuv5hKZoNa7Wxb9GsKCQyhN3YVT6jw,50000000,1,2022-04-03T20:10:48.485Z,208.2579955
1G7cjJcHP7JD4YjmMzeKFs9v2PhdBb4uee,400000000,1,2022-04-03T20:10:47.639Z,1734.015992
1GbwLnWpmyFpScSscK1v2uRoaLJYMWpds1,100000000,1,2022-04-03T20:11:06.891Z,416.321991
1G3CXD8kvbfD8nCjgM6WvZUB5txyQEvZKr,300000000,1,2022-04-03T20:10:47.666Z,1726.6109609999999
1G732yiA9EPD8GXyR7HyYgKHwVfAjsHzCr,300000000,1,2022-04-03T20:10:48.509Z,1254.1229549999998
1GcbfiAKU8BdRLDxrZWMRkhNJytfrtkeUT,300000000,1,2022-04-03T20:11:06.916Z,1808.52594
1FYpTn5tApTCbKRmXRc73B4uAX8fAFi4dd,1004376,5,2022-04-03T20:10:48.539Z,20.789176320318003
1G8qRWkVGrq9W7Jm4cxhHAxnLiSmxRkuC1,100000000,1,2022-04-03T20:11:06.936Z,424.230988
1GCwqds176nzU7pFcz4LqgRGMTNXTBBPzz,300000000,1,2022-04-03T20:11:08.190Z,1839.062988
1GcRB7BPKRZbKCQLNy6DU1Vw1bYNfq5oWx,200000000,1,2022-04-03T20:11:08.214Z,1316.156006
1GbM4ynmtLMDuknDRbGkR6biSWjhfDH59r,102909300,2,2022-04-03T20:11:08.276Z,429.313932519186
1FXjvVvr4mSTjr2hTaydRgQth7tPZ4hhto,50000000,2,2022-04-03T20:10:48.578Z,207.160507
1Gaz5DVokBqJ4ogsGV1MJ7GNmMR7RqF3wu,400000000,1,2022-04-03T20:11:06.952Z,2326.788084
1GNWANeKgDrEc6exFtjAzWZRfx71uJvo72,150000000,1,2022-04-03T20:11:25.356Z,912.468018
1GnmoP2Wr4zEeYKpdVgoibEEjD4hKtKmy8,410000000,1,2022-04-03T20:11:25.409Z,1700.745641
1GKTwnkzHDqV13YgirXVwrzMQo6WsfdJJk,50000000,1,2022-04-03T20:11:25.482Z,208.1609955
1GjoVawgTuABvT7V3LzvHkieYR6DehT2nF,400000000,1,2022-04-03T20:11:25.557Z,2350.236084
1GJFnH7ZS6opKXHnDYTvW3iW4ZQQyjQ7rh,50000000,1,2022-04-03T20:11:26.405Z,210.8255005
1gnScsytYKGtTcB7zCN5eAG7Dg7qpokwu,50000000,1,2022-04-03T20:11:25.578Z,204.774002
1GiDrL1PfT1cr9qoQCtXvSZnZsHMBGfQ7R,510000000,1,2022-04-03T20:11:05.983Z,2132.2538439
1GEjoM9BDeWsjHxUSNgPyZfb3YJTvXq42z,400000000,1,2022-04-03T20:11:06.036Z,1893.855956
1GLv2YGeuCAhvqnH6ZBdA7JADS37cfp3pY,400000000,1,2022-04-03T20:11:26.493Z,1665.751952
1GesyWy61dTQfNqvAqqpHPCqmNMje68czb,5000000000,14,2022-04-03T20:11:07.207Z,285394.90070000006
1GezhhmKvpGSxmf1c7vw3TgSuaYDwxjyZG,300000000,1,2022-04-03T20:11:07.112Z,1827.68097
1Ggo5ZUXmuYqA2vMAPgugiZL3yyD2bgDoi,300000000,1,2022-04-03T20:11:07.140Z,1272.692964
1GcZnjdqzghLqsWMdHSEQKCYLNpQ7bEH8b,1001420,5,2022-04-03T20:11:06.207Z,20.855372185361
1GG3rhqf6QLchESTxXfHo5MZArDmSGKG12,200000000,1,2022-04-03T20:11:06.080Z,1192.595948
1GkcsFHgisBgcYGkefUZJazEBDwF1eDgQg,50000000,1,2022-04-03T20:11:26.564Z,208.364502
1GizqTqx263BVXTuJVCXWMcdtkS7ANPP35,400010000,2,2022-04-03T20:11:07.124Z,1686.8012411969999
1GG34RSWedxUzx3fJaC6hdxpQTajuRCq84,510000000,3,2022-04-03T20:11:07.227Z,2155.997633497
1GdDuNAHhCyToj8zteCqqxk5o3pr5z4Wu3,300000000,1,2022-04-03T20:11:06.280Z,1791.446961
1GEeqQKAa1bPwf3dmLfisy69NN8HWWBXH,400000000,1,2022-04-03T20:11:07.243Z,1671.839964
1GN2brc9ZbaGNw2XEjzk8CYej9AbUbAAYf,150688977,2,2022-04-03T20:11:26.596Z,1060.4013841076742
1GgXFKMgJBpSSQKuQAUijAwUc7g3RAfgZ3,50000000,1,2022-04-03T20:11:06.297Z,206.6535035
1Gd1Y2PuJLFx2JtV9B63nYzyodYGKkXzge,550000000,1,2022-04-03T20:11:07.275Z,3523.091066
1GJCV8QJTFoRx9LKo4P1bf8dja54fcL3EC,50000000,1,2022-04-03T20:11:07.290Z,216.076004
1GoANGrxw3MmLkTDeW5yLVFqMtmiGk3aiJ,400000000,1,2022-04-03T20:11:26.579Z,1665.576048
1GcYJg4AMhZVnNJmt89p4qsqpgS2ECzsG7,1000924,27,2022-04-03T20:11:07.462Z,113.89502184911998
1Gk7aei9NaDxQihRsLzVPw4eqnAQxt7YLC,150000000,1,2022-04-03T20:11:25.731Z,690.724503
1GHvhztP98jU3EPJMSDpFTSCNCSt5dm2LJ,100000000,2,2022-04-03T20:11:07.304Z,429.712900799
1Gm7NLnJw1nyy7Bjmem8dmt2cGbntKPukK,400000000,1,2022-04-03T20:11:26.645Z,1665.576048
1GHJt4B4B9Zpd3P4CwLxKRVGMnGx1EbRzD,410000000,1,2022-04-03T20:11:07.328Z,1713.9680384999997
1GKgUzuKKFQU1sKee1K8JRKdANWLiTQzRC,50000000,1,2022-04-03T20:11:25.644Z,210.310501
1GNXwJWLcyYwWkW5UcvhZ7nLuqv5EP6yPS,1001840,22,2022-04-03T20:11:25.677Z,93.11728155920962
1GHoDLwGoZsc1c83mTXmRnZWBH7qq1Wphf,400000000,2,2022-04-03T20:11:07.447Z,1728.6102830300442
1GeGYFoEBrv8Bv8VZDdqEembPyxXpfyZjJ,300000000,1,2022-04-03T20:11:07.479Z,1830.6119370000001
1GmuCxDz9gaMmCKosJRuNWvEyipetsveHX,100000000,1,2022-04-03T20:11:25.771Z,422.372986
1Gn55MUXka2C9ENbviS8kfh25GCXM9FH2u,50000000,1,2022-04-03T20:11:25.786Z,208.4149935
1GkyPG8nFVBMpQWd57ZX6LweAMeMuxrybv,300000000,1,2022-04-03T20:11:26.662Z,1829.2049550000002
1GndtX2Nw9GVA5Ayq8fy1YBFdkszU8fbGP,50000000,1,2022-04-03T20:11:25.799Z,208.505493
1GdEjsiiMJSsZB5oWHzZmw3JKc5kvQ8WtQ,300000000,1,2022-04-03T20:11:06.511Z,1261.863006
1GHmmtVdWN9Yco7EMxuMkCVAyRRZrfASAu,50000000,1,2022-04-03T20:11:07.535Z,208.505493
1GP48Z43GRDu6LqcowuGF181sjiGU8Snzw,300000000,1,2022-04-03T20:11:26.708Z,1701.71997
1GL6tEhj9onR8oB3vNgCD6FowkAciwZMJ9,510000000,1,2022-04-03T20:11:25.833Z,2125.3179204
1GNdwqHp1We5U9bkSQmGKtoPrQqLqf1cZ4,51490000,2,2022-04-03T20:11:26.721Z,216.6621985596
1GJQ2ucKaiQ5Pv38HvV1sLxNNai32EZpFh,410000000,1,2022-04-03T20:11:26.738Z,1700.745641
1GJqbAz9n1HJgeWvRZDUH4Yb1cCjb8sQKH,100000000,1,2022-04-03T20:11:25.853Z,424.954987
1GD4Rn5SCEZCaeB2h4wttbfPv9WYcyR8Tz,300000000,1,2022-04-03T20:11:07.550Z,1251.393036
1GoT4WTGBh3UvwbrVnNqudutZg82HC2qut,200000000,1,2022-04-03T20:11:25.941Z,1132.70996
1GL4mQTiX6kwqFYRXmtgG9o56Sk9qthDtn,150000000,1,2022-04-03T20:11:25.928Z,673.516479
1GjTJUx3iwepNMYipmQ3gDWt1r69bK5eYF,100000000,1,2022-04-03T20:11:26.820Z,414.859985
1GiKVHZiDRGd7LQ1NoYSWMGG2yfwZQYCSK,1000128,34,2022-04-03T20:11:07.579Z,141.05549619275513
1GdgWUu6VhextTrmEuPnExmKF5SiSdSRZU,200090044,2,2022-04-03T20:11:07.632Z,1322.1290390635927
1GLZfHJAjhEM6oC8t1CDp4XwgM6oXx3CZn,150000000,1,2022-04-03T20:11:26.768Z,689.4044955
1GMoCjQXd8xLEerirDfJj3mucgwUwZLLQQ,150000000,1,2022-04-03T20:11:26.784Z,676.3424835000001
1Gk4rPWX6vDwGHSHqFZ6ed3E87kmsZykwo,200000000,1,2022-04-03T20:11:26.836Z,1345.728028
1GGZmvCeQ11ermqXffroYBoj4uad7FgrG3,400000000,1,2022-04-03T20:11:07.670Z,1668.043944
1GdyEzVchXj4EKr1FMbu9mKpsAN64NvksY,200000000,1,2022-04-03T20:11:07.562Z,1173.505982
1GNitVDkmdNHsUXgu8VFD2tMQQJ1xHpcnE,50000000,1,2022-04-03T20:11:26.858Z,206.6535035
1Gn38eA6VmAtdpBt7ayuuTp4SkRgiLaHuB,100000000,1,2022-04-03T20:11:26.005Z,424.544006
1GLUXJmRVZS1TraFjB5KXQ7LcUThsqGzMb,250000000,1,2022-04-03T20:11:26.138Z,1437.607575
1GEhapjBkhXT5dMWXD9qUBNBKUGH5wMcqJ,410000000,1,2022-04-03T20:11:07.700Z,1735.9932754
1GogsCYYizrpcwbMksgC3FfdC38NFxB9uQ,150000000,1,2022-04-03T20:11:26.951Z,690.724503
1GhjTjdPQa5RQybf5zVtwDLYGvqSzhrDNn,250000000,1,2022-04-03T20:11:07.733Z,1468.8975525
1GKChZEjdhJ4rdz3Fasap6UoYED7sbmJV4,150000000,1,2022-04-03T20:11:26.053Z,634.1174925
1GoMrXnsA8zNW6ntHZnzSdh6UULM8DqMwc,300000000,1,2022-04-03T20:11:26.020Z,1794.635925
1GJUu4vFvFC3sMPedtuNqXHayn4eA65s4r,400000000,1,2022-04-03T20:11:26.967Z,2494.035888
1GKyi5ZR4ChLv86PzY87YJr5rA4jsPa5Em,100000000,1,2022-04-03T20:11:26.167Z,414.81601
1GHoVaXYc3qKX9KVWZqz2CRVkwe6S6S9Cr,100000000,1,2022-04-03T20:11:07.713Z,416.321991
1GhqLBSywapYotbtp63HD7HZZMx9jxsh5G,400000000,1,2022-04-03T20:11:06.638Z,2427.892088
1Gd9QDjGeRKhMx7pteMCieNNU6K2G2a5Co,400000000,1,2022-04-03T20:11:06.613Z,2311.043944
1GGfec8cRVgJYixfY9twauMnwL389S7fX,410000000,1,2022-04-03T20:11:06.597Z,1713.6359630999998
1GmG7iEY3TEhb2ePKm48VJR2DZr7tUM6p9,50000000,1,2022-04-03T20:11:26.981Z,209.0444945
1GmLYDxZrEKw2pEpjGNzkLs6g4KmVAoSWB,510000000,1,2022-04-03T20:11:26.216Z,2163.8382662999998
1Ghe8gQgZehuh7HuAPSUgesFzSWSQE6vX3,100000000,1,2022-04-03T20:11:07.823Z,414.81601
1GiVhZ74hPx1qeynFfJEcrc2fT2LNEREfh,410000000,2,2022-04-03T20:11:07.836Z,1710.4257082000001
1GjsDSoZvGtyKkicuAcXHQ81Wo5hsGptMi,50000000,1,2022-04-03T20:11:27.015Z,216.076004
1gFdvFa9oP9YFL7j8N8hzShEVbCoEUSm8,500000000,1,2022-04-03T20:11:07.849Z,2266.920015
1Gm4xLy3hM527XWXwedstrQQc6YFA7NKti,300000000,1,2022-04-03T20:11:27.083Z,1830.6119370000001
1GnwKuVfcg2DpVqJhwoQChR1GqJkMVJKLG,250000000,1,2022-04-03T20:11:27.096Z,1520.6074525
1GEac8KTUxTFKo11bzoKfQHpBEhbm8Q1B3,300000000,1,2022-04-03T20:11:06.755Z,1253.879973
1GE2hbQQZM9gjsshEcYk9rHy2nceyCFvJQ,400000000,1,2022-04-03T20:11:08.066Z,1665.751952
1GLq2wsxaQStQTnLkVQwtuCPL2ta13t5Jz,50000000,1,2022-04-03T20:11:26.249Z,204.774002
1GHGWQw5pPf1kCeFeUZ8KM8e5gy9PyW1hT,100000000,1,2022-04-03T20:11:06.741Z,407.488007
1GDLDWLhPuJ9w2ZZPGmX3s4WQJWd2ho8t7,50000000,2,2022-04-03T20:11:06.779Z,216.259506
1GE4wz53ss836us7SaTrDQxeoAARTTWZjS,14094837,3,2022-04-03T20:11:07.905Z,175.42151599192334
1GfHqE6NevFzDd6s8F4nXSVoNLd4h8inQN,50000000,1,2022-04-03T20:11:08.100Z,206.6535035
1GK2TXroSQWz7wngTdwj7sfdgV4rbmp6h9,400000000,2,2022-04-03T20:11:27.200Z,2620.139892
1Gdb7TowZfeUBjEcamN6jfwjKGCkvdARuQ,1059755,28,2022-04-03T20:11:06.801Z,123.74025369116046
1GiFtyKRfbSTX6xJoQ6X2ABkizhcMmQF3Z,60970000,3,2022-04-03T20:11:06.870Z,252.4554317194
1GkUy92ysUBYSXY8DmHmcCdXHMy5RR6o1q,50000000,1,2022-04-03T20:11:26.280Z,204.774002
1GJtXCkTJw8jzrjJ7Gwu63CDSQSXhrDGKS,250000000,1,2022-04-03T20:11:27.234Z,1481.7250050000002
1Gh6u28T7CxVWJepNWV4DbdwNzaGrkTuNP,100000000,2,2022-04-03T20:11:08.117Z,441.3893015764198
1GkYNcCCkTxckim7cV7hMCy5kRFwnh3uUc,200000000,2,2022-04-03T20:11:27.269Z,1213.180054
1GJ8oqbhopoYJRev1oQWFZygEa3uPjYnKb,400000000,1,2022-04-03T20:11:06.905Z,1668.043944
1GGwpYMDCSfiEuKRaWSUXsSTpf517GpP3i,333980000,2,2022-04-03T20:11:08.132Z,1549.3694734798999
1GhdBsXwYzR78u9mLjDXosCS1c8CNCpw15,89988314,1,2022-04-03T20:11:08.250Z,588.8403234264487
1GE9U6fTjjnp8yUD5bhJPjofmCxRweGRRg,500000000,1,2022-04-03T20:11:08.151Z,2273.829955
1GMExL5X12eUe2WfWKuBstz5777JB7Sit9,410000000,1,2022-04-03T20:11:26.314Z,1710.4257082
1Gjx7HbehFzSakEGj3MKdh88dssDNc1Qmy,150000000,1,2022-04-03T20:11:27.249Z,667.003509
1GkjpJafoAff6ES1CHiCPn9DeUFUp2VtUc,1000000,2,2022-04-03T20:11:26.337Z,5.52456497
1GKNdVUodRG45wHdbqzjk5iLjD9ywMPf38,300000000,1,2022-04-03T20:11:26.354Z,1839.062988
1GfwXD8z9Ri1CCYReMuNdPN2vRwvigx4zS,300000000,1,2022-04-03T20:11:08.292Z,1807.875
1GUCNYyS2ih8UsGdLxL7E8rM3dwE6RCYtC,100000000,1,2022-04-03T20:11:51.074Z,420.348999
1GX8SwoWGqPTw4czhjg5ocmKcTW72HmayA,400000000,1,2022-04-03T20:11:50.102Z,1668.524048
1GuW3EpX8bE8nw7rhXfGHpFmZak4jzaVfw,250000000,1,2022-04-03T20:11:51.096Z,1472.7999875
1GtorihNxNsYm7swkd4qG3FSip9iVQk2uo,400000000,1,2022-04-03T20:11:51.029Z,2388.595948
1GSzTGX8iRDfUKMQGQnP7BVzicEzC5sBg3,400000000,1,2022-04-03T20:11:25.497Z,2297.271972
1GqPuxdAcrZwATeY8ySPWoHdrnwWBZm16A,300000000,1,2022-04-03T20:11:25.432Z,1249.547973
1GQS1d42WRAJUBZvBC4gdx8MvDktMxeDBq,300000000,1,2022-04-03T20:11:25.595Z,1231.332
1GsGfXFaKLD2yFwSgV5zvk7sfhZAz8SiCC,400000000,1,2022-04-03T20:11:25.469Z,2734.647948
1GUDFW3W3SS6G9u293ogobsVis5MXyAwAs,400000000,1,2022-04-03T20:11:51.043Z,2292.864012
1GpEFBVLVmTdjmo9ay5Hxty3qhyFGL9uWk,400000000,1,2022-04-03T20:11:25.532Z,1672.16394
1GqLy8XzyHzWUh48m2RJRFjB9qdSukNiRq,150000000,1,2022-04-03T20:11:25.518Z,710.1959835
1GSdpL4aTUXrApdEJ19UZdPB7SCAkC3TAt,50000000,1,2022-04-03T20:11:26.420Z,208.565506
1Gy78oXpD76XTfbTGX1Edqzwsv7FzsVXwj,300000000,1,2022-04-03T20:11:50.081Z,1836.3989880000001
1GpPg3owppa6zm6R2nJjpfn8PDryk18hW1,200000000,1,2022-04-03T20:11:26.439Z,1221.368042
1GvSFuUsLREvopX2r3bY5oM5PEsAW8bgGS,1853508,1,2022-04-03T20:11:50.118Z,8.24230934238096
1GpswAy3quuNzYix8XdD9xK38Ai98G6WqG,510010000,2,2022-04-03T20:11:26.468Z,2251.1296040964
1GrcF1YuGJYCv3DM3URniUNCGWg6HmA3wF,250000000,1,2022-04-03T20:11:25.611Z,1532.55249
1GQ2bf6opMhFcSkUWeWf2XMQ6Sav42uSSs,150000000,1,2022-04-03T20:11:26.515Z,635.119491
1GWBpAzmHzkiUZZJEMPPHqKMx4h7sByyi3,200000000,1,2022-04-03T20:11:51.134Z,1245.722046
1GSiXSXGjd8dwEhtAR45h8c3v4CY6tuqnF,1452764,1,2022-04-03T20:11:26.530Z,6.242715956179319
1GvMpsc4MysK8nj8jSrPRRWDkTRr7Yn74e,150000000,1,2022-04-03T20:11:51.149Z,625.0935059999999
1GpDUreiPJak4ypJ8cib35srTZGUCmTmo5,50010128,2,2022-04-03T20:11:26.549Z,218.62627647002125
1Gq6NRBQcGZg6PsgJRcK7fBJMPfCv7eeb,50000000,1,2022-04-03T20:11:25.629Z,208.218994
1GWbWy42cHKAStuymMHQ23HdYjYmasSHjc,50000000,1,2022-04-03T20:11:50.196Z,206.6535035
1Gq8YLEjQT94J7Qag1vxPpXVi71r96GVTq,300000000,1,2022-04-03T20:11:26.609Z,1868.5830690000003
1GPdyrFc6niGFWPypFPxvgdAaJTczZNNNh,100000000,1,2022-04-03T20:11:25.696Z,422.372986
1GX8A1mKGSDG6aPJdncMQjYHUqNAKt6YKh,200000000,1,2022-04-03T20:11:50.219Z,1211.968018
1GWyCxNVFBHY15N2HGNeWJGTFFdxfKLU2n,300000000,1,2022-04-03T20:11:51.194Z,1306.527009
1Gr5HpRMDqYxjruF93cTNAoKDzsBqFNsdm,240000,1,2022-04-03T20:11:25.713Z,1.0031039784
1GQozy7LkgjWCFkg9DqLavcM7Hjhg4MW5p,410000000,1,2022-04-03T20:11:26.624Z,1713.6359630999998
1GxNaDxi1biKjzpgQxzaHCBnzXRQN1riTt,50000000,1,2022-04-03T20:11:51.228Z,210.310501
1GsqqRPp2unqStLpSav8s9UWYyjMqGXzCE,400000000,1,2022-04-03T20:11:25.660Z,2368.412108
1GPhzv9SoJjdcVG2f982SGeBPTizv5iREB,50000000,1,2022-04-03T20:11:25.745Z,208.505493
1GWxXbZ5Dy7hkhbsVKuBKDp8UJ4yEigiSd,100000000,1,2022-04-03T20:11:51.282Z,424.230988
1Gxk7aj8GFUeyruMmPnLZXjhgH6HhnJNbb,102562696,2,2022-04-03T20:11:50.257Z,433.19712161730257
1Gy55axqu4kCRBX9Sf657AWGBrqNLZeYcA,410000000,3,2022-04-03T20:11:50.238Z,1806.066713
1GRMuB5KsLRjsdnyP7NjXohLFmpxktFWSJ,100100000,3,2022-04-03T20:11:25.756Z,416.73831299100004
1Gxy8ArgjAXBfdD3VutfhB5JEgGbpgNP6E,200000000,1,2022-04-03T20:11:51.297Z,832.643982
1GVrzuLcgr5Ztsxk4i4xgu7VtqvgNxJpQc,400000000,1,2022-04-03T20:11:50.272Z,2302.147948
1GuBCnhUZ4kv76DL8e4YoGnUb4fK5QBhvy,200000000,1,2022-04-03T20:11:51.311Z,1067.728028
1GqHPZwUjnrrP1327zwpcaJqpmEXuBrmNg,100090000,1,2022-04-03T20:11:26.676Z,416.76876661079996
1Gq78Sw3vcewY7g5UaGNFoLTXekx65XKV9,200000000,1,2022-04-03T20:11:25.813Z,841.570008
1Gqn69MkG1QdnoujmShEycUj2deaPtUCt4,100000000,1,2022-04-03T20:11:26.686Z,632.828003
1GTshanuuDXmJ4ETuPrugQ8RtATQPEz9Ha,50000000,1,2022-04-03T20:11:50.306Z,212.272003
1GpSifLAVLxvEezoQztLQWYV5tsxgatM3k,50000000,1,2022-04-03T20:11:25.897Z,208.4149935
1GT9cvxEF1NRemjn4xSLNWpuBGkTnA2FG,100000000,1,2022-04-03T20:11:25.880Z,424.954987
1GSWZMZUWunS5Br6cporNj84Gn6hYtM4s7,50000000,1,2022-04-03T20:11:25.911Z,208.505493
1GUpDpMuPrWc1NKVbSnYcQoBukphqwqkMF,300000000,1,2022-04-03T20:11:51.398Z,1726.415955
1GVbmiA8dYcz51ufkUmBKMMUA2iqW6mYLg,300000000,1,2022-04-03T20:11:50.362Z,1832.6760869999998
1GT4k6JywSk69wmaMkUL8m7RbvMLyXbgAi,300000000,1,2022-04-03T20:11:25.955Z,1837.532958
1Gu2CZgYycxwnUrECawyFbtKUJ54j3ao8e,100000000,1,2022-04-03T20:11:50.380Z,424.544006
1GtAE5Fxz1YikytRbjdgGPsnNW6DBw3Gwn,200000000,1,2022-04-03T20:11:26.801Z,834.262024
1GybFi134My7higfUv2VBSQ3KHLQysmZwq,300981454,4,2022-04-03T20:11:51.504Z,1255.569143302911
1GTDXiPpdWbKMVarFM6TBzowvNdJxSvJXB,400000000,1,2022-04-03T20:11:50.468Z,2617.872072
1GSVm1iVCjkn1tzBVQxdJTKfqsJ7bSerKa,410000000,1,2022-04-03T20:11:26.886Z,1710.4257082
1GRybUurUWGJiTq4o3cSkDiMvf27J1SJWg,300000000,1,2022-04-03T20:11:26.924Z,1726.415955
1GsW7thFWMaL8TaEhRfvqGBGHovyBhkgxK,150000000,1,2022-04-03T20:11:26.040Z,682.1489865
1GShighGEQwDs6hVdbfMLRvAfJtCrsgC29,100000000,2,2022-04-03T20:11:26.187Z,416.321991
1GPTFjWogisVD92EqfX3zYvdT3kzzGQcpr,150000000,1,2022-04-03T20:11:26.201Z,631.309479
1GqG66DpxJWrN3E4jbj4v8bdPAmvR75aYX,100000000,1,2022-04-03T20:11:26.997Z,420.735992
1Guiumf7jX11Ri8V7wms5YRo8AGMz5r6py,250000000,1,2022-04-03T20:11:51.591Z,1683.3424375000002
1GW8oUErDFJ7QJzpDfwSnHaoBM7Q7hvBrd,50000000,1,2022-04-03T20:11:51.534Z,204.774002
1GWjzkqgSxfRtMMcipEkvipsKCtQ5ktXF7,100000000,1,2022-04-03T20:11:50.567Z,416.321991
1GQpap3fG9KTHJM2n64e2ndnGparsDtHZe,50000000,1,2022-04-03T20:11:27.068Z,208.197006
1Gu9QXDcJ3YaZ7A5D5qS14cM6qDkjajqb8,1002577,12,2022-04-03T20:11:50.633Z,51.00979604268935
1GUPe3BdjUqDttdtu1grnN2EzbDVSQ9oxp,75000000,1,2022-04-03T20:11:50.606Z,331.04175599999996
1GwKRGeon8FsFsDhEvi396WmBZAFc85DnT,300000000,1,2022-04-03T20:11:50.620Z,1870.5269159999998
1GWU3goH8s2JaAs6TtTMaTR3r3TKsUbckz,200000000,1,2022-04-03T20:11:51.604Z,1144.605958
1GrvZuZstvLX3p243Ejn8gdX3PvYT4ZxQk,29872168,1,2022-04-03T20:11:27.032Z,141.43395821358152
1GU1DqiSq3tzMYpJ9NnnrdN7xAvHzqbNJC,400000000,1,2022-04-03T20:11:51.620Z,2705.184084
1GtKvBYtGhBp4WFmkKhu5MxBeZMSqy6NeS,100000000,1,2022-04-03T20:11:50.708Z,432.152008
1GW8FkMoChMheunyh1V4zy2a9z6gXWjvj2,400120289,3,2022-04-03T20:11:50.721Z,2552.605027788248
1GWSXqRN74rShXRg2vqoMTeuD2VugNUKEJ,200000000,1,2022-04-03T20:11:50.750Z,1352.592042
1Gs6Qnqd3Ly7tvGG8svNU9dm8p7uDoEVNV,400000000,1,2022-04-03T20:11:26.234Z,2458.176024
1GQr2HJ6FhFAKCRuSCgzKVM8wczDF12T1T,510000000,1,2022-04-03T20:11:27.122Z,2154.6633102
1GXMT15AQXsgr2fHEqkUUitU6vR6SxucQd,300030000,3,2022-04-03T20:11:50.773Z,1254.2483672954997
1GSDGk15yCzvVjtLVK5opDqKqJzpQvUFyq,750000000,1,2022-04-03T20:11:27.174Z,4569.202425
1Gpj9NacayHHSZXPJek1DDz1QzKGq6n4Jx,150000000,1,2022-04-03T20:11:27.187Z,935.965485
1GU7Nb5puwQeTrWw9f9AZ1Q2QCpsu2Yc2T,520000000,2,2022-04-03T20:11:51.715Z,2192.1327739999997
1Gt3EPs9nJvC438e5HSaQDoxFG6sgpXsB6,150000000,1,2022-04-03T20:11:26.263Z,690.724503
1Gy39qDQRKM8tHueo5zgZupmPFjTHHe7RZ,300000000,1,2022-04-03T20:11:50.851Z,1261.863006
1GpGU4dBhtJhvDSxsnupGr3sRGQTWRQwyG,150000000,1,2022-04-03T20:11:27.218Z,671.9640195000001
1Gybf1NkH8ejYXcSbkAjrSrxoKBkE5XZmS,300000000,1,2022-04-03T20:11:50.791Z,1274.864961
1GRquhZwsSFSqbDQVfZwKeDhXBL1cDrihy,300000000,1,2022-04-03T20:11:27.153Z,1841.9489130000002
1GTkrJxxuCYLrvrvmGBfdDtxw9M2iLEcT9,250000000,1,2022-04-03T20:11:50.883Z,1645.1950075
1GpNo14uTndVnLSjqSiLdtYY3BQ7wdGSn6,500000000,1,2022-04-03T20:11:26.298Z,2684.599915
1GwEq2eYNtqXnixevXFVqGvvAgRB4axA32,150000000,1,2022-04-03T20:11:51.732Z,881.3385315
1GwY8k1hmks8EvzJ17rHqu4eWubs8Y6WFZ,100000000,1,2022-04-03T20:11:51.778Z,420.785004
1GtGxyLweqDuLUHosi6Jikn4fhNnf3pnZe,300060000,1,2022-04-03T20:11:50.913Z,1821.2832498132
1GVrMcS9aBA2HpvwMCSEwCfThiRwQirAah,50000000,1,2022-04-03T20:11:50.944Z,287.7684935
1GwyU9DZGgnJxkroKB8PNxMLFSVobFG6As,700000000,1,2022-04-03T20:11:51.015Z,2959.214965
1GusLDqkL1ShHDgSyRGPsKS7haGogxCYRU,700000000,3,2022-04-03T20:11:50.969Z,2947.8086766730003
1GwGYPaMaG28yQDuKrQB6N527EZHwnEw8V,300000000,1,2022-04-03T20:11:51.880Z,1824.936036
1GQaSP2WKaMuxesHNcZwLaR27bmTgkMykp,400000000,1,2022-04-03T20:11:26.371Z,1668.524048
1GXVvUV43ik9P7aZRDgpA7zRt5w1DARZko,400000000,1,2022-04-03T20:11:50.983Z,2411.36792
1GvKDJ35PJEziZTLFwsGRGe1eWEG4yi4gX,1000141,10,2022-04-03T20:11:51.816Z,60.5778395712013
1GT3drXNB2kJ5n6HiZ2FCuxw2VVsbV7HvP,50000000,1,2022-04-03T20:11:27.295Z,208.588501
1GXNfLB4my7F2Xck9Xhy3x6SnVkgMGoZFQ,510000000,1,2022-04-03T20:11:51.000Z,2320.9946234999998
1Gq52EeywZiq8QeMminQbayAZGChHmaty8,50000000,1,2022-04-03T20:11:27.282Z,210.310501
1GrAzjqhFC3VAXU2X88xfzZ8LvRo7Y2arj,400000000,1,2022-04-03T20:11:26.392Z,2450.043944
1HD1xxzmDyjtxxyNTVaQstXbWnCqdf87Jh,200000000,1,2022-04-03T20:12:10.370Z,827.94397
1H8Kaw3MmDzeKhsrnP1CjcjyvZW89Wp6fq,150000000,1,2022-04-03T20:12:11.187Z,635.119491
1H8zGt9hr3TFvXvFoZQ7DYUN91DQS7YpP,100000000,1,2022-04-03T20:12:11.281Z,416.394012
1HagvWUCYvC6qr4bSP8UWUZwXqc97Tjx4r,150000000,1,2022-04-03T20:12:11.215Z,671.9640195000001
1GzhZNmfxH8vLoZveMzVPmGaNjDmEhLVpm,100000000,1,2022-04-03T20:11:50.014Z,418.088989
1HCZYbaMAKSAhrUYfb4fuWewgHoqF7Yu6B,550000000,1,2022-04-03T20:12:11.346Z,3165.4534285
1H7WnhuZr1aSHZWaeQ39wZwEGKbQWZZjyY,400000000,1,2022-04-03T20:12:11.299Z,2562.248048
1H7NmoedGjDdbdTQjnmt1SC8SxTdjzkgAT,705000000,1,2022-04-03T20:12:10.416Z,3206.10023655
1GYqH1fbVoUTnHs8mk1CPcDB5Zw3NoYEZ2,50000000,1,2022-04-03T20:11:50.133Z,207.4299925
1HCdZMejRzdDE4qvJYdcjDR2DE9D6WUKL1,50000000,1,2022-04-03T20:12:11.375Z,205.8119965
1H4Qkjbe7ooyG2BoSKZgq6Sxmh9LNbDF6z,50000000,6,2022-04-03T20:11:51.118Z,213.45430140000002
1Hd8KFZSCGeQ3rKiBHSGExwN1NxDo9LreD,400000000,1,2022-04-03T20:12:11.360Z,1668.524048
1H7hcGxKqedXKDCNvVWT9i3fzPEFGLkyWa,310000000,1,2022-04-03T20:11:50.149Z,1272.3764
1HcJrGwZhAcf4cDiRgU1viAFFEt2FDJEnK,8485585,1,2022-04-03T20:12:10.385Z,38.58955471739735
1HcUBeADVWJPJ8DtSVbjPpowWBMtcF8shv,210970000,3,2022-04-03T20:12:11.393Z,879.3862235739
1H9a8g4ApBuqPUuJEwUYtgYncLsHToH34a,1070623,1,2022-04-03T20:12:11.423Z,4.39430786612
1HBgbwxmTeF3hMRzqUXYuqTREL7syfYtt2,1521551,1,2022-04-03T20:12:11.471Z,6.3041055317271395
1H3sXZtRybLpHVdPBstjMevbP3mmgBApZz,100000000,1,2022-04-03T20:11:51.179Z,418.040985
1H7Gph98tLQz7qRfkma1bDnW1DyNiiEzbx,50000000,1,2022-04-03T20:11:50.163Z,210.392502
1H4tMpwRxqngZtCrBcDAKNGCDJXd4EF1bt,50000000,1,2022-04-03T20:11:50.181Z,218.5820005
1GzYHdo61vCEtKUXhDDV28U7fHUptfuoH5,400000000,1,2022-04-03T20:11:51.164Z,2436.964112
1HbjwUpjvGRhPbb42Vn42KgoytAkqG6oVY,50000000,1,2022-04-03T20:12:11.458Z,205.8119965
1Gyxdo9zCGiA2FvU3khMVN9nhDtW43So5W,253970000,3,2022-04-03T20:11:51.264Z,1710.0739154075002
1GZqVGmJgpdLo6VgY7fBNGZUgE91b3TwYD,200000000,1,2022-04-03T20:11:51.211Z,1229.088012
1H7dwK3VCK6RqoRc7PmcZDiiEFKJboxsXr,300000000,3,2022-04-03T20:11:51.245Z,1241.915955
1HB38BoVjvYeAUb8SLbaPVTCF6Q8XCqpPH,100000000,1,2022-04-03T20:12:11.588Z,416.394012
1HbQJw7YhgAoQYYh9iWZokiGZfbPH1ZjCW,410000000,1,2022-04-03T20:12:10.502Z,1707.7155630999998
1HD8aHeQ9jtU8cTBvxrcVzm93bRs852HFs,510000000,1,2022-04-03T20:12:10.537Z,2131.5959540999997
1HBHQkwCBSEoeErLT5JzV1zGNhGtBtFZx9,100000000,1,2022-04-03T20:12:10.515Z,435.122986
1H8KjbPsPSGCvRLj68vF3VoYzYzMhP9nuK,319938700,2,2022-04-03T20:12:11.606Z,1938.8207231426668
1H7qzQ8SYdxFARfaKm7exbbToHuwRCDf87,300000000,1,2022-04-03T20:12:11.625Z,1250.1870119999999
1Hd3nvWLfcXUzcC7ZPwJ1AhYUvsum7fiDC,100000000,1,2022-04-03T20:12:10.552Z,423.412994
1H1nBmEigWRLEQzxhGdHT2PZiF1TFTKQQv,300000000,1,2022-04-03T20:11:51.346Z,1241.915955
1H949Aa4N8hLhgyzkR2hC3TksnjECym3wt,3253412,2,2022-04-03T20:12:11.651Z,27.43608852930824
1h5Nx6jA4aLdj2Qn8NydX7bCAxi3HQkSU,400005221,2,2022-04-03T20:11:51.329Z,2468.5161078859483
1H1ecNyjF7QfbmAW82Eu7Hgsqz9JsKedLV,300000000,1,2022-04-03T20:11:50.288Z,1955.351991
1HBFjftPr9KfVkZwLUJruECWZwYyL42EL,50000000,1,2022-04-03T20:12:10.574Z,205.222
1H6VXpabopw84US5pDzn7HK5LnYZPiTHNn,300000000,1,2022-04-03T20:11:51.413Z,1261.863006
1H5q9c68fEW5vDBcrAdAi4dt3166DekmG7,400000000,1,2022-04-03T20:11:50.322Z,1668.524048
1HaqnxeSVCb1EeDVJwwFP4SiN7W36itqvk,50000000,1,2022-04-03T20:12:11.668Z,206.6535035
1H6zN4px56JWzZ1VnRH3cmS5kxfhobMr8j,300000000,1,2022-04-03T20:11:51.378Z,1726.6109609999999
1H6bx14w33o2ysh8ci6AmXBWK7XW4QqKND,300000000,1,2022-04-03T20:11:50.336Z,1251.5310060000002
1HbNLUDMPn8X7wo9zkQV48KXXCm8T47noq,50000000,1,2022-04-03T20:12:10.700Z,206.8775025
1GYzfqPTEivUbfzC5Q8ZgFeM9fNFf3jjsS,100000000,1,2022-04-03T20:11:51.433Z,441.389008
1H684QHLG1kR86WmVfLMkSoR5T8wdJuF6c,50000000,1,2022-04-03T20:11:50.403Z,210.392502
1HAt6ebAEgueeDGCRAuESeTwJEpHnVKuWR,400000000,1,2022-04-03T20:12:10.686Z,2709.323976
1H5CggSVyshxouxpem1JJ4XVhe726JUnMp,1001596,1,2022-04-03T20:11:51.446Z,4.215757547712321
1HcAssQMwHuXZJRiqbRhWBcMa98YQQiVxS,200000000,1,2022-04-03T20:12:10.758Z,1316.156006
1HbMESJpr11AGj49ZAtUzxzVHFUYSZpzuE,410000000,1,2022-04-03T20:12:11.763Z,1725.5792426
1H7WYb8SGqLD9GFK17RiSBjDM8x7aSucdL,300000000,1,2022-04-03T20:12:11.793Z,1898.4840089999998
1H1DMFFYz3yBbZY21ZqwWuyiA8N4LhGARH,100000000,1,2022-04-03T20:11:50.423Z,407.488007
1H5Na459VsSg73sLq66TmmbPBzZiJGLg8x,510000000,1,2022-04-03T20:11:51.463Z,2124.2315541
1HcTcMr6M6hB31JW2uMh2xnuNQ2Hnm5ciD,410000000,1,2022-04-03T20:12:11.815Z,1739.3470508
1H7eCvG8WkrerCpy4zHoxn6kj29sRjBpR2,1139656,3,2022-04-03T20:11:51.488Z,19.886257107393604
1GYSZkXVkPoAZ89Q8tp52uxAfyUA9URxPJ,150000000,1,2022-04-03T20:11:50.483Z,682.6454775
1H5gvsngnkeFxaxF1bVgaq4d1uUwmmwfbg,300000000,1,2022-04-03T20:11:50.503Z,1254.266967
1h9WfAwhiCZkhtdSiwWG2in1EgFXkfyeX,150000000,1,2022-04-03T20:12:11.778Z,904.26297
1HbR8U9YFWh7KsMkqLfkPbLso1rJYEyEYV,100000000,2,2022-04-03T20:12:10.744Z,420.621002
1GYURTbqcnF9H3fvu7PgD3yopQWWA1GGQA,402970000,3,2022-04-03T20:11:50.438Z,1680.9128390564
1HbyqtUrPyxwFkrXdRC6u4ZMhGe1mycQn7,300000000,1,2022-04-03T20:12:10.730Z,1830.6119370000001
1Hafcix2twieA5CDWYwc2Sodrk1HEx9Amu,300000000,1,2022-04-03T20:12:10.714Z,1244.44803
1H6opg7DxgDGU8vRDKWG5CvCuE2QNZw6A3,250000000,1,2022-04-03T20:11:50.517Z,1466.8824774999998
1HD9mYwSPfVxpohPHzt1H9MrhZ1UwC2Dbw,100000000,1,2022-04-03T20:12:11.744Z,622.861023
1H48fev7teW32YzBmzWaQ5GvcMFPwd5f2r,1005287,3,2022-04-03T20:11:51.571Z,12.581478504287222
1h35nRFGmgnz4gzYjmb7bTHefhKoRopwb,300990000,1,2022-04-03T20:11:51.518Z,1820.1708884673
1Hc16FWCK1qajAiJSQqvULDAMfCEmW4i9S,100000000,1,2022-04-03T20:12:11.871Z,416.394012
1H1JjENYfMtRMNcy1KJ8EMRxcaTgzEYsxB,100000000,1,2022-04-03T20:11:50.534Z,416.321991
1HB78UYyfaTQYVRLGWq3fLrBykTwo16KGF,50000000,1,2022-04-03T20:12:10.822Z,210.310501
1HaakR7aUxu7PXNREWBr5Yh3serycdj9Wb,410000000,1,2022-04-03T20:12:10.806Z,1713.6359630999998
1H22ULoeNwtpsCo6C7JJQVM6EkQnShySWP,150000000,1,2022-04-03T20:11:51.639Z,680.674485
1HBMzttaZw1VkN9aSDXsJN1Lnhpsutko2X,100000000,1,2022-04-03T20:12:10.844Z,422.372986
1H4hvqfRUNQSwDUQp7uNCyez43eY56V6Ez,400000000,1,2022-04-03T20:11:50.736Z,2289.211916
1HD8953kDQyJHEpY6N7PonZdJoGWvU2Aqk,300000000,1,2022-04-03T20:12:10.882Z,1272.089997
1HdBm1i5NsHC8h7ryfj5Drf364uJfaXM8i,300000000,1,2022-04-03T20:12:11.962Z,1791.446961
1GzWyYnTrBEwtyaeYTPP6mqYY43BmKBmfV,410000000,1,2022-04-03T20:11:51.653Z,1739.3470508
1H1g5bk6jnYwYc5fbutDDgQP24mYP9HYU4,150000000,1,2022-04-03T20:11:50.671Z,631.309479
1HawrdzCFrrbCzv43ejkE5uDebZJcKC9Z8,101030000,2,2022-04-03T20:12:10.863Z,425.1190895412
1H5qUhs12nfxGFVop2FHwjZBpNy9sZBb2A,300000000,1,2022-04-03T20:11:50.683Z,1817.078979
1HCwvgWUtFCwQC1dwRBoyHfThKgYfGkjHs,100000000,1,2022-04-03T20:12:11.939Z,424.230988
1HCQ3bNQ2czBa2ZfybrrMxq4XsoHSGugcX,52980000,2,2022-04-03T20:12:10.927Z,216.9785325192
1H5cu844eAgWS2aAY5TLptz7qy82uCWtLg,50000000,2,2022-04-03T20:11:51.684Z,207.16047209709998
1H6xYAf5zz8TfUejSakWV7SAt7DkLVJPsg,300000000,1,2022-04-03T20:11:51.668Z,1249.182036
1HcWH1hke5tQ6tsLC7ComCZY3FM1AuyukS,200000000,1,2022-04-03T20:12:12.014Z,1150.94397
1HDgiXxjW64hv6k6kpLHfsB2AppBorEk4F,100000000,1,2022-04-03T20:12:11.054Z,433.503998
1H64z6corkHcyheKauRuF3odgttaSAk1o,250000000,1,2022-04-03T20:11:50.838Z,1418.099975
1H6UkqEZ6fy2SSjxVFErUdmkR16GksVamy,50000000,2,2022-04-03T20:11:51.698Z,218.84823809950004
1H1bZvXkchaJ1JetPtirh8PnzEsfTBZLZ4,50000000,1,2022-04-03T20:11:50.811Z,207.4299925
1HcViPc1eTSVN4d8QWDCQXU3hG51dfUGXs,400000000,2,2022-04-03T20:12:10.968Z,2281.892088
1GZ3RraqripmpbW7xC8osEuQNAtRv33N6,400000000,1,2022-04-03T20:11:50.867Z,1657.284056
1H1XjSkhvpmXiSyaDLdwZFkToiZEAWcFyY,500000000,1,2022-04-03T20:11:51.750Z,2082.579955
1H2wbPK1KagYAqvkj4vcPnssNEbuWvyKLN,51651423,1,2022-04-03T20:11:50.897Z,218.16165763659077
1H1gYBA3G2sLj3chHBwc5rZ4wkJLTucatG,300000000,1,2022-04-03T20:11:51.765Z,1851.362916
1HdAEjiei1YkdbAcXGJi7cndhK2gzAWX9j,400000140,4,2022-04-03T20:12:12.079Z,2321.456837288327
1GZYeJuJd1H6WWYjGNmwGjmpvwpEuHHEHM,200000000,1,2022-04-03T20:11:51.797Z,1279.78003
1HcotPyRQu4LD9QNUkQDyrYVGBc6KXfsfu,50000000,1,2022-04-03T20:12:12.165Z,203.8535005
1H4svneSxiwgnDeiM5NtM2yK3tcxNJH4Xx,200000000,1,2022-04-03T20:11:51.895Z,1229.088012
1HB4KgiPZ98erN2wfgHbkAEgQXmJGGQREH,100000000,1,2022-04-03T20:12:11.156Z,424.954987
1H9fWdFzvoR6TwmmWySnfkBSRxpu76uHVB,150000000,1,2022-04-03T20:12:12.099Z,622.224015
1H1h3tp16d9xL9tzp5RTC5QSuKPoDxNSph,200000000,1,2022-04-03T20:11:51.835Z,1346.212036
1H29pdVJXzsX576qQdUyWPA3Q5xT21gjJi,50000000,1,2022-04-03T20:11:51.863Z,211.3724975
1HfrjvJha543RXA3yGMTQVW388zkpUzfz3,400000000,1,2022-04-03T20:12:11.227Z,2666.09204
1HfNErQwok7YA3eeXi8B5o32DnKb38ZWFH,100000000,1,2022-04-03T20:12:10.333Z,450.894989
1HFmcJEmFAtfoquHr16Fafhh6uTcpBcHoY,100000000,1,2022-04-03T20:12:11.266Z,437.747986
1HF7zzAcaXR1HewpzbGts51uMcXHH7TJo2,50000000,1,2022-04-03T20:12:11.201Z,208.565506
1HFL2P7ZAHpEHLK2nVw2XXog3Ep5ZNsfR1,300000000,1,2022-04-03T20:12:10.289Z,1726.6109609999999
1HDTK6vv7wEhQcTPRrTjNoQNSMQWgBT6hh,50000000,1,2022-04-03T20:12:10.400Z,216.751999
1HfUptnpc59JRVhBouyuZ3uxzFRBAkQakF,300000000,1,2022-04-03T20:12:11.327Z,1249.547973
1Hg7NvnQbAdrp2BmhZeaz1kri5UUw29ZKk,51000000,2,2022-04-03T20:12:10.431Z,232.3922049
1HEN9PwWvYr8sLqwCP9EJug71dHJEhJ75C,510000000,1,2022-04-03T20:12:11.439Z,2163.8382662999998
1HeZh5HGh3qGS3k1EW8fXH6L5jcy31Qbax,50000000,1,2022-04-03T20:12:11.495Z,210.310501
1HMjwziC8MLkBf84PUUFvZ8fZagiyzwhFz,300000000,1,2022-04-03T20:12:29.517Z,1740.546021
1HhUFyaR7KjszVuNu3bQ5vpU1vraaSprvh,400000000,1,2022-04-03T20:12:29.491Z,2318.604004
1HFWzDjEbk4ViN7QD3zDN3VG42YTinKmrF,410000000,1,2022-04-03T20:12:11.409Z,1836.7016532999999
1Hoa68WUZVqNq32jp3sGKpPMQn5tZTpVyo,150000000,1,2022-04-03T20:12:30.671Z,676.3424835000001
1HJwYVxqCD8vEbw2nrj8jLBVT5BE7fG7hp,100000000,1,2022-04-03T20:12:30.579Z,437.696991
1HFvSaQvNo5WTC5oFdiGc8LPrCh3U6GqSX,510000000,1,2022-04-03T20:12:11.510Z,2348.4633102
1HjiXw1oYvvYwsgiMbyvGqyK4VYvLBKKem,150000000,1,2022-04-03T20:12:30.623Z,673.516479
1Hgj4atGusSBC8piJ477g87FLdqZfDmuK7,200000000,1,2022-04-03T20:12:10.486Z,841.471984
1HGbMe7ac76HQuqxBcB49VLuv8ukYuL5sB,510000000,1,2022-04-03T20:12:11.526Z,2299.5644439
1HdyiddmKUSbnpeHCa6fA9bJY6nRd37ba,1000001,29,2022-04-03T20:12:10.448Z,122.02777318765109
1Hk6aqnZKa8iS8T4SGaptZFQezDB1A5uzX,400000000,1,2022-04-03T20:12:30.685Z,2440.815916
1HfR11r9sAUHAGr5RxWJNjXSFPtLG34E6t,100000000,1,2022-04-03T20:12:11.570Z,418.088989
1Hikxwps8e1esBuH8YEnK4yd1U8keUCA1h,50000000,1,2022-04-03T20:12:29.572Z,208.1609955
1hLHyzq1Anh4qgPBqLd3QQioCJqw4gk5s,300000000,1,2022-04-03T20:12:29.585Z,1830.6119370000001
1HnKyoQgJm9JszeqYCRA3J1spY8CF9acaP,50000000,1,2022-04-03T20:12:29.599Z,210.310501
1Ho4fR9XC78bcMiwA7UwvFKAsEEodpq3tW,50000000,2,2022-04-03T20:12:30.731Z,212.4774935
1HmR3ceAwMsJZaCGkHr4hFBhoGzMuCK9Rq,50000000,1,2022-04-03T20:12:30.719Z,208.9725035
1HkGvEuvNBRgYsLuwqS45AY7hzMBYcvyUU,400000000,1,2022-04-03T20:12:30.772Z,2433.248048
1hHDrLTYnmNCww7mQAhCbKyVW2cGQQkqM,50000000,1,2022-04-03T20:12:11.682Z,208.9799955
1HN6cWo2Kq2bENUvF4Geev7gLQnFp5sucW,50000000,1,2022-04-03T20:12:29.633Z,204.774002
1HhRqDxYqGzL5r4BYapmi7fPac5npaqw52,250000000,1,2022-04-03T20:12:10.591Z,1443.597565
1Hdm1FVEH9mHXCraY4KSpWT5CHVhG8PaTK,500000000,1,2022-04-03T20:12:11.700Z,2882.984925
1HGtpgsPKJD9q9gHCk29Y9cU8XvyzAdimh,410020000,1,2022-04-03T20:12:10.607Z,1749.821914503
1HffkqYFzg5EK7jkXyp1engVWoYkAuAQMW,300000000,1,2022-04-03T20:12:10.629Z,1827.68097
1HdTph8Z3KpysyJrvQBVcpnzSeKoDQ9PbW,200000000,1,2022-04-03T20:12:10.667Z,875.393982
1HnDVDHmSoDcg6Jwfp1eYyqRSumVETsDFz,400000000,1,2022-04-03T20:12:30.813Z,2544.768068
1HnArtUZwinwbAetwDCXdgEwgmhcsJTV7D,550000000,1,2022-04-03T20:12:30.784Z,3240.1599725
1HmHAbiNzPw4BRipLPy5djURqwmVynJJrS,300000000,1,2022-04-03T20:12:29.652Z,1228.644012
1HEcTyBPUira7woEQg8C6Fypj5SbZrXeeF,250000000,1,2022-04-03T20:12:11.714Z,1682.1600349999999
1HMe5nFBUUHHX8tgTxjYdxLcua9LZxhHuV,300000000,1,2022-04-03T20:12:30.848Z,1249.547973
1HofgJXqdkwkgHGnGpfvbNBgNoJZ79L1hG,50000000,1,2022-04-03T20:12:30.923Z,208.505493
1HnC1dELm64yFfecNohUEyqcR7Rw47YvzS,200000000,1,2022-04-03T20:12:29.745Z,1331.369996
1HiRVSq6vp77ewyaF6hEkRTBFvZgMmzmyY,410000000,2,2022-04-03T20:12:30.952Z,1713.6359631
1HMCDZAuBWzPhJ63uVFXtvmhFgxfyVPMPh,1002401,4,2022-04-03T20:12:30.879Z,17.87228858148
1HkdNAcqzMMLb2Lh8j6EAMbVsUE4sAeAvJ,150000000,1,2022-04-03T20:12:29.728Z,653.2635045
1HFNURT1rpAtrQf5zTKx4X3fbeXd26FuTZ,300000000,1,2022-04-03T20:12:11.728Z,1839.062988
1HgxCg6f1MbPZBke35dxjMg1wrdwcQ66e6,410000000,1,2022-04-03T20:12:10.778Z,1757.2231123
1HJKQMqVBHQggpmoSU3HMaZeEcY1K3vR5p,13953041,3,2022-04-03T20:12:29.809Z,272.34341542460334
1Hevt5hhUokf7r25u8UvHjNdJw141icy2y,510000000,1,2022-04-03T20:12:11.832Z,2132.0090235
1HL3ugshbRC1UAwUp4tCaEVd5PMKeBc8Br,300000000,2,2022-04-03T20:12:30.981Z,1241.9159550000002
1HjWHArGfBtFdG8NhPusLX1yEPE4ygqGoa,100000890,1,2022-04-03T20:12:29.770Z,420.78874898653567
1HLcJfHSNWYVPstmnWX5r2SWmDqJejwAWp,79556440,1,2022-04-03T20:12:31.017Z,330.01285010604397
1HmgLgn44D77bntsYg1yECW734Ea56o6PX,150000000,1,2022-04-03T20:12:29.843Z,680.0760045
1HJ76tJCUh45gzJHqd4kNe7QTF5WJBjtVi,150000000,1,2022-04-03T20:12:29.893Z,908.5394895
1HEKjJzHZtF25cTgPBjVPUxJWmqq1RUBmA,200000000,1,2022-04-03T20:12:11.888Z,1216.624024
1HezNd3ofy8cUhPdHTAjNyxZJRdudrc4VQ,700008684,5,2022-04-03T20:12:10.792Z,2919.2989765417688
1HfyyWLYUDF7bbZinQvn7ojJ5sq7ggpaBp,50000000,1,2022-04-03T20:12:11.922Z,210.310501
1HiSCLcH8k7bCGEjT4uaHec2gWbpiftxsn,200000000,1,2022-04-03T20:12:29.879Z,1308.19397
1HLFTBzjHtoKzX9WkCAmpZLJ5jsMj4irnx,100000000,1,2022-04-03T20:12:31.064Z,418.040985
1Hn964z9FZiUgLp8StVGBSr8VjWWmY4aEi,250000000,1,2022-04-03T20:12:29.863Z,1683.3424375000002
1HefYde7RTVjkRKaVQsMUjiCbAjFKEDhYL,50000000,1,2022-04-03T20:12:11.906Z,204.774002
1HDvrtmpgGAEPKpHpC2a44sNWAcBhJxAwn,300000000,1,2022-04-03T20:12:11.977Z,1254.1229549999998
1HFdB28Z4pN31i5kyDAd5TfsoRhha4Xf8X,100000000,1,2022-04-03T20:12:10.896Z,417.010986
1HMENYPPx47kZhJXLAeF6oXH1TdkKoBzc8,1135631,19,2022-04-03T20:12:31.124Z,89.97841457801152
1Ho64T9Ld3WuxuuH9Rht88MWLQzLJWZoBu,400000000,1,2022-04-03T20:12:31.108Z,1653.228028
1Hne8e5SHJoUJVkEbzacicPk1xduUmASza,400000000,1,2022-04-03T20:12:30.003Z,2433.248048
1HdNQ2rSsfZgoZSZLFAp3boTAVFBmHwgSU,150000000,1,2022-04-03T20:12:11.993Z,671.9640195000001
1HhR8hpfrHHgg9SScrsyB6nE1r2hjtxWFN,100000000,1,2022-04-03T20:12:10.911Z,420.785004
1hHvwtzkAGydYWH5qyLBE8hehcrp8oP2x,50000000,1,2022-04-03T20:12:29.943Z,217.561493
1HkcFD9vTqSAVxwk8yeCC5Ak8uDfnhGffK,300000000,1,2022-04-03T20:12:29.991Z,1808.52594
1HJMb6gx1cMJ7aJtuPUoHy3kXLSWSqCte9,250000000,1,2022-04-03T20:12:31.220Z,1682.1600349999999
1HkmmxDtrFFc7UHZj4k8fjuz8nTskYehu5,400020000,1,2022-04-03T20:12:30.084Z,1653.3106894014002
1HoCiLGRN7mdGyg5mpyTFyF5Vy2oZj6YSD,50000000,1,2022-04-03T20:12:30.096Z,208.197006
1HgziYpEQDq8TJhZeoXcSx9S9P7VteLuWu,150000000,1,2022-04-03T20:12:12.046Z,674.3984985
1HGmzVvzUYGV1CJKsQCHCHDpFytZX6gf4f,1001167,5,2022-04-03T20:12:12.063Z,21.22624210044165
1HKeTKA1ntdqHNr5U1aUjL7fyzyMoGFQdM,150000000,1,2022-04-03T20:12:30.051Z,894.4469609999999
1HKWYWuj1HCBjwjRH6DLUmcu1RHnqGYpSc,400000000,1,2022-04-03T20:12:31.170Z,2368.412108
1HfGxZJzUJgkcGry4iXHX63J2ShFErmDSX,150000000,1,2022-04-03T20:12:12.030Z,671.9640195000001
1HfoHatqwdRhXkDBJNeBEk4E5XncmVCbUr,100000000,1,2022-04-03T20:12:10.991Z,435.509003
1HnVvw8tSBxKa96JWTVbAQi4oVWCcq8mDc,200000000,1,2022-04-03T20:12:30.037Z,1330.024048
1HnfVs2hcVBhmSwNGjjekrGhA2cCyc1mqn,400000000,1,2022-04-03T20:12:30.017Z,1693.651976
1HGqXeSGuj3RVYd1wu5CaH4FcVMgYmyir,201888077,2,2022-04-03T20:12:11.024Z,840.8961246273931
1HieQMaE5dwzecXfEGNn79pkXD1ZpmBswU,50000000,2,2022-04-03T20:12:31.197Z,210.3941982982
1Hnm6ZxJ8EVSAXRxiL3HNMq7WZjRDjPttq,250000000,1,2022-04-03T20:12:30.159Z,1516.4750675
1HHqhHJ84Hempxy7jsxNAiW8CzFMNTARB,50000000,1,2022-04-03T20:12:11.087Z,210.310501
1HJTZYfCfYBuRQyu9wy2p7vwWfD5P6hyaT,6307617,1,2022-04-03T20:12:30.143Z,25.24213696529766
1HHKxVFK2MoXrZS9KHebkiSsoKgkqYAAcK,200000000,2,2022-04-03T20:12:11.070Z,1311.1130055994001
1HGDWr5ZBrYVaC6Xp5bcXePq9bYVuzf7Mr,200000000,1,2022-04-03T20:12:11.111Z,1354.661988
1HdT6Kvw7TFwJbgCQ98med6kJz3LuKKQ6r,150000000,1,2022-04-03T20:12:11.099Z,682.1489865
1HJuz8J3YFoajP4KMRgH7LxktoNwoieJpR,510000000,1,2022-04-03T20:12:31.374Z,2267.9037611999997
1HEKAkytQoRyX7Rwz89k2Qz3ATjzPdpxVs,400000000,1,2022-04-03T20:12:11.140Z,1655.88794
1HLttMfrUwkBTj5Z9GASAegKtFHARDp5q3,300000000,1,2022-04-03T20:12:31.388Z,1244.579955
1HjCtUtGpSGWoekJ9UZmsCupVCsUiDjKpx,50000000,1,2022-04-03T20:12:30.239Z,210.310501
1HfCT3jpAzo8DFfTwJcKDCCUKWvmEHfgtM,100000000,1,2022-04-03T20:12:12.116Z,417.177002
1HdQhM4XuCRC14ZsqEqqbWjhyr227PHkDv,50000000,1,2022-04-03T20:12:12.133Z,208.588501
1HfUAV46SW3JEZRoukXtyRvsYJJoZMDUqi,250000000,1,2022-04-03T20:12:11.171Z,1664.2124949999998
1HHtfCssGJV1BNz3Qb9QLzTFva76ZCjZEb,50000000,1,2022-04-03T20:12:12.184Z,216.751999
1HfY1xhF6Sn1ZxrGm8fdxVz3XdLXBrQVro,400000000,1,2022-04-03T20:12:11.125Z,1659.43994
1HL4xPvkE82R87pbhV2QjZ4Crf2eqwN5gE,400000000,1,2022-04-03T20:12:31.526Z,2297.271972
1HkSqRc5MZRtoJwxaCWFKY81vriyZt3KWL,410000000,1,2022-04-03T20:12:30.189Z,1884.3722877
1HVXmvGegarWFJb42zYV464fjEkeffVT5V,300000000,1,2022-04-03T20:12:54.731Z,1719.648009
1HWXwKdrEJRwhkterTCDYmsHzEfuLcLSLR,403107784,1,2022-04-03T20:12:54.780Z,2713.342753130441
1HqwpMxPScbrnjkAYXseqvi4EaWUFoVVLH,300000000,1,2022-04-03T20:12:30.271Z,1818.498048
1Hpasy57vBjkBbSDnNqMMQNETEcG91zhde,50000000,1,2022-04-03T20:12:29.416Z,209.0444945
1HTu1MTXMtWUaHruL6SDJkQdxYXho4AEHB,50000000,1,2022-04-03T20:12:55.850Z,208.505493
1HWtcirRngEPCfqPWqMjqdPUMmnSztNiJ5,100000000,1,2022-04-03T20:12:55.880Z,418.040985
1HpARFuZ8Yi1qpRr3EkAac9UpsK13Bt1fb,400000000,1,2022-04-03T20:12:30.296Z,2450.043944
1HVdViQzWYzz3BHKRsayGs195b6kR6hvVj,400079675,9,2022-04-03T20:12:54.823Z,2620.6617911147378
1HtAAPmG1NPoSFt5tJUiT83rQMfUU8hfvX,150000000,1,2022-04-03T20:12:54.852Z,997.9485164999999
1HqyFambCHe7TZeD8bWsExF1Jm7p3URkzi,450000000,1,2022-04-03T20:12:30.307Z,2729.6551215
1HWVQVDXZPWDQcq2bafdE5nADEQP7RUPuy,300000000,1,2022-04-03T20:12:55.834Z,1365.290955
1HtwyaBiMrG1eKEYTh9hK7dLnSy1wcy6bC,410000000,1,2022-04-03T20:12:55.980Z,1738.5229958999998
1HuTSbmJai8Q93JJW9mdtyH8ai7w22F3nn,410000000,1,2022-04-03T20:12:55.999Z,1739.3470508
1HpT1BevPbwnfZmEH27LQSho6MuJHUEAG,400000000,1,2022-04-03T20:12:29.502Z,1641.776
1Hvi1dqv7SreLatXWYdFMRCKsb8JGDPoR3,50000000,1,2022-04-03T20:12:55.913Z,210.310501
1HwawimXKwY4cRYkQcYGXrvaGE47kxQaRC,50000000,2,2022-04-03T20:12:55.945Z,212.47646939288535
1hoywzBBSiu1ZPUQQvTVyh11pRBemf7uE,150000000,1,2022-04-03T20:12:30.556Z,682.1489865
1HRz9mfRgWjBbJagTzKpY2sXd9vJw1Xz6z,410000000,1,2022-04-03T20:12:30.323Z,1710.4257082
1HQaxECcs295S7rSUEBHHdr8uhDk1twK9p,410000000,1,2022-04-03T20:12:29.533Z,1707.7155630999998
1HQXfYVhurUGfYDW5QFkNQkcDokPnqHLqt,100000000,1,2022-04-03T20:12:30.567Z,429.713013
1HP8vWWV114EYKxHZLabVxWjR9B9PdJfFJ,300000000,1,2022-04-03T20:12:30.610Z,1814.1840809999999
1HVLLtAK81fdAmXezZcjWJZDUb3mVb6tDg,400500000,3,2022-04-03T20:12:56.026Z,2810.9269927800005
1HQCv5LLWX8D7f2WZLoeayzWLaDoaJia2G,200000000,1,2022-04-03T20:12:30.599Z,1326.51001
1HsvMvY1DwSmfj9Qc76wNRryT9AeQiUGRK,100070000,2,2022-04-03T20:12:30.645Z,437.4249658122
1HV1DEM51mqDs6mu4V4NGyXUPXTCXAtvpC,150000000,1,2022-04-03T20:12:55.001Z,625.0935059999999
1HqXoH1trkaJXVnHStuEzVPFWJqezSuwC6,50000000,1,2022-04-03T20:12:30.706Z,208.505493
1HwNWCnJCJnQosYnpx7JvpWzzLyVmoz4Mi,100000000,1,2022-04-03T20:12:56.046Z,422.372986
1HWi8RKnJ23zUQ12kJVGLBzhYAKiXFiYdy,410000000,1,2022-04-03T20:12:56.071Z,1713.9680384999997
1HPvHfTtkgvuNddGzjkrg3bsMhUN72Vb5x,50000000,1,2022-04-03T20:12:29.548Z,203.7440035
1HVVw3fm2nBHVZMLVrHDohz9DQPGKqaXZ3,50100000,1,2022-04-03T20:12:56.058Z,211.266691002
1HUqQcjtXp5BaGU9SZbRFQFoPMVmAnaU7m,400000000,1,2022-04-03T20:12:56.151Z,2356.47998
1HT3u5montYJyaoFKPeJyyabYb1vnUcJka,510000000,1,2022-04-03T20:12:56.094Z,2124.2315541
1HsfQ1tcVN3yMtp3EYH3yMtSXRsYfSZcTS,300000000,1,2022-04-03T20:12:29.620Z,1850.256042
1HuLrXAKN9QiQW5e6a7q1p4bkhAQ5tjHtn,250000000,2,2022-04-03T20:12:55.134Z,1530.3343399750001
1HWKcYeo3Uj5kJBiZqZghpta7uXwWz5hP9,300000000,1,2022-04-03T20:12:55.149Z,1791.446961
1HWwDCeyeuFBMuU9chAryZiA8jri3RErks,200000000,1,2022-04-03T20:12:55.118Z,1252.631958
1HqC3uxaeyfzypDv54KLetpBDn1QpmcKWm,150000000,1,2022-04-03T20:12:30.745Z,675.4559790000001
1HRGM2qYKYLh31dwR3vRjA1n5AKDDzHjfV,50000000,1,2022-04-03T20:12:30.758Z,212.0149995
1HwKPpZpLri4fdEY3mSJQpFrY1R4BofhFY,300000000,1,2022-04-03T20:12:56.217Z,1280.295045
1HraRTZSR7rR1o6RniyR114hWmXDp4Ngkm,200000000,1,2022-04-03T20:12:29.683Z,1212.543946
1Hr78ZLRXa7F3GYNJtrjSFPxX1MNJFdEWK,200000000,1,2022-04-03T20:12:29.696Z,1352.592042
1HPiyRxyHWRaBqScdJJYHFzQu4anmTEN7t,510000000,1,2022-04-03T20:12:30.833Z,2143.7798949
1HsEwERDfCwXiWiqfnuj8r6JNvDQ2AE6xY,510000000,1,2022-04-03T20:12:29.710Z,2127.6027102
1HS8ub9UunUvKE6NgLz3WLwMMgjpotVQfp,510000000,1,2022-04-03T20:12:29.667Z,2132.0090235
1HVNsrTbTmPV6XZiTEs8ayz4vkx82mbrVo,410000000,1,2022-04-03T20:12:55.173Z,1713.5745286999997
1HVL8wSY5UBqDm6yMTBxnsPWpib8uLGqsv,50010000,1,2022-04-03T20:12:55.220Z,210.4100695992
1HtMGDzsP3ThiKNFzemu1EDfZAU1drqGQ3,100000000,1,2022-04-03T20:12:56.251Z,435.509003
1HQCPR1TYqyPtvSLzFR7rtqk8hczv5YjMW,1136344,5,2022-04-03T20:12:30.863Z,25.5850116333592
1HUNJoHNre7nd7YvkJ2PfJpjcSy7hpeMUx,400007426,1,2022-04-03T20:12:56.263Z,2590.684083157117
1HSCyc4AomfmAPnjAReY1nUczJBPooCjHH,50000000,1,2022-04-03T20:12:30.894Z,207.408005
1HoH16qcbx1zZE78hhkgNnJ6gmkhHZeaUZ,510432000,1,2022-04-03T20:12:30.935Z,2165.41071666816
1Hpu1C7ethKML6hLzkaHiSnDMAhPCFgmfr,400000000,4,2022-04-03T20:12:30.911Z,2734.647948
1HU9TfotjmGusTV7yDhYV8LAwTpaEANBek,50000000,1,2022-04-03T20:12:55.292Z,210.722
1HRjsDGqjkPiEj86B4Sx7z1kQhzKTLANq7,400000000,1,2022-04-03T20:12:29.790Z,1682.484008
1HW1pTwQdNsBpzckd2DiA5TTkQ5p2xFYgc,50000000,1,2022-04-03T20:12:55.377Z,210.392502
1HuamwSZj3puYNLiKquN2mi7r2hUwQEaEq,400000000,2,2022-04-03T20:12:56.278Z,1685.7760000000003
1HTWRqkSjJyacz5uy7ZHc4EsBnbcYnh4n6,250000000,1,2022-04-03T20:12:55.328Z,1435.7949825
1HsfFFc79RPwNt35C6GMiseymMEPy39bky,300000000,1,2022-04-03T20:12:31.000Z,1250.1870119999999
1Hvmb5sx6hrapSxX1gTuWzyxJEHjpzwX1F,50000000,1,2022-04-03T20:12:55.358Z,210.392502
1HvzyCZPnqwkLm1ksfsPfvXZxk4HMNieZq,104990000,2,2022-04-03T20:12:55.391Z,443.4493980014
1HWKFu2XwJqFH3FnWdYQcJeNBPb3F7MKtr,100000000,1,2022-04-03T20:12:55.405Z,416.394012
1HopcMDC4xFGyk6YirvQK38Sz9t5V11AGj,200000000,1,2022-04-03T20:12:31.029Z,1346.212036
1hpK1R9DKRjKXxXzCBu6MmA3YtFYPQNFp,400000000,1,2022-04-03T20:12:29.905Z,2692.424072
1HsyabyUyNr8dusXPiGAxzMc78ucFLJJMW,50000000,1,2022-04-03T20:12:31.044Z,206.6535035
1HvgG2q85j2b2KKj3qBRqcyZeKLov7bNoe,50000000,1,2022-04-03T20:12:56.299Z,210.392502
1HxAmgKsykPWpXAjq7oqwFUZoHduV5xQJa,400000000,2,2022-04-03T20:12:56.327Z,2364.216064
1HSoYjS39L2SHiFCHHutucWcoUy5gaK5Xq,200000000,1,2022-04-03T20:12:31.078Z,827.94397
1HxRmjgQWrXZ8TFRd3B4Ez9L57uYkhYVwt,100000000,1,2022-04-03T20:12:55.438Z,417.010986
1HqvuRMPLmAYWw3LTzELip6C6iWAGPdgQu,200000000,1,2022-04-03T20:12:31.094Z,864.304016
1Hw6tUqY82Pka79yzz5yDoeSTTD8YVLyuL,400000000,1,2022-04-03T20:12:55.453Z,1646.495972
1HshXyccEQaQCaBtY4YKMcQEeJL8fp8shz,400000000,1,2022-04-03T20:12:29.926Z,2709.323976
1HWikxKCsE9vaMFC3aGTB55RTcnvzDXhak,50000000,1,2022-04-03T20:12:55.556Z,216.076004
1HxMXr9JDfJrS6kg3JPmMLzH2zNzLKDauc,409990000,1,2022-04-03T20:12:55.509Z,2409.9254223975
1HWMwuB7n4i5PEG91FTRm2zjrAMTYkWUT1,50000000,1,2022-04-03T20:12:55.482Z,204.774002
1HTLHfQRu6tD2gwJJ3nXSe7DzNuHdK9vA,300000000,1,2022-04-03T20:12:55.542Z,1317.9689939999998
1HRUz7FasXrJaoqg77M2MP1Kc9jMU6q8yN,100000000,1,2022-04-03T20:12:29.957Z,610.892029
1HSpQCe8iSSqrLHVrhobfzVPTU2LPNncNx,50000000,1,2022-04-03T20:12:31.145Z,209.0444945
1HSur8DHE416Gc5EbBHQtbd5NaK3iyt2gw,100000000,1,2022-04-03T20:12:29.974Z,414.81601
1Hy1btSAhFFRKX1od268zkh93HnS4YoQhh,410000000,1,2022-04-03T20:12:55.618Z,1710.4257082
1HtnRLkuPvbdFUhhACKHajcWYCpgPAMePR,8078976,2,2022-04-03T20:12:56.456Z,98.52068620350721
1Hs7drpijzPcG4fnnL4ewWsVZFfZtAjGow,250000000,1,2022-04-03T20:12:31.237Z,1590.4800424999999
1HU5rCqrYDJVdL6aEi22bk12aTLUDuTKoi,1290412,24,2022-04-03T20:12:56.490Z,166.28351738471903
1HUeoAFFnxBQLknJXPJMtqV8GXHqyHFhDA,300000000,1,2022-04-03T20:12:55.666Z,1244.44803
1HrXBVmjL5bywzHKvSxk6zu46Y4UxViCDF,250000000,1,2022-04-03T20:12:31.274Z,1601.40503
1HXgSSLZSZQdkjt7tDKVkMMRNuXA1X7R5o,700000000,4,2022-04-03T20:12:55.685Z,3127.6648212820946
1HP4PoFgKQTLhQnauaNxk6b5heFehAM8eR,200000000,1,2022-04-03T20:12:31.292Z,1216.624024
1Hpt7NTsuJmMBAFFMMfASMkYPjkAXAoCu5,300000000,1,2022-04-03T20:12:30.111Z,1989.765015
1HttgmhKZLhyin2kNrvextyRGUxU7GhyxB,100990000,1,2022-04-03T20:12:56.474Z,424.95077553960004
1HS1cruGu9WANbV2jQGCJrtvHGCmA7ddQH,400000000,1,2022-04-03T20:12:31.182Z,2448.531984
1HXw9H9oQvaoeb8MNDXnanggk4D3hvMugo,300000000,1,2022-04-03T20:12:55.731Z,1839.062988
1HTApDmUqxcB3MY8maKibJqf6MeYdPyWT6,50000000,1,2022-04-03T20:12:55.743Z,210.310501
1HPNjrjDtm14zrrJHZ2dmYyfjviV2acyPK,252500000,2,2022-04-03T20:12:31.341Z,1510.4852368750003
1HuJUFJUhSmE8zE1AZYwfp9uQ7y6egWsv2,50000000,1,2022-04-03T20:12:56.549Z,210.310501
1HqiPgWswccLx697gr14jGXtqR9QCvnJyb,100000000,1,2022-04-03T20:12:31.360Z,424.954987
1HspEuMDFeYnvnRL3T4w353QuP6guqKWSD,50000000,1,2022-04-03T20:12:31.327Z,206.6535035
1HrmbsJshxna8N8fqDF75SU39SaLrU1AjT,50000000,1,2022-04-03T20:12:31.313Z,229.8014985
1hSxU9N5Z6SQoCv32vMZHeQ3nPyvfRmjd,50000000,1,2022-04-03T20:12:30.203Z,209.0204925
1HoSXjJn2jU7kEgX3jE7iZaBTBEnc1zcNL,300000000,1,2022-04-03T20:12:30.218Z,1242.9630419999999
1HWvyDpWmoo8fibRyFcr54dNXuDsFUHjGR,300000000,1,2022-04-03T20:12:56.564Z,1244.579955
1Hs625NboNfPDAK97WRDoNaz1dPYKFqB25,100000000,1,2022-04-03T20:12:31.545Z,449.598999
1HZ7nSBYgCZbMcxmdyW6V6qdQYjYBHF9eU,100000000,1,2022-04-03T20:12:54.809Z,575.536987
1J46mbcKNeMxL9mHnjNfvugAL4fryRJ3g6,1489518,1,2022-04-03T20:13:14.283Z,6.7591793169882
1idKbdmWo1DM9GKP9ZVnjyvH7upVA6XxG,400000000,1,2022-04-03T20:12:55.769Z,2351.2041
1HzEKvHPYHUnvCMzAndjLpJnMwvUDL5nd5,410000000,3,2022-04-03T20:12:54.793Z,1707.2154492
1J6uM3PoouYJWxe5UVKVvZGs281qyoGv1b,150000000,1,2022-04-03T20:13:15.363Z,632.166
1J7ao7uQNFYsgvEmRcTimDKs7Rr8W44gsz,300000000,1,2022-04-03T20:13:14.301Z,1249.182036
1J5o37VKEJ4XyuqLcPogGBtF1XQdf6LVKE,510000000,1,2022-04-03T20:13:15.425Z,2132.0090235
1J5wumNgUNsoF8FkYWzxG9XPNDrUcHG3rL,300000000,1,2022-04-03T20:13:14.357Z,1818.498048
1HZzn8syPtyubWhuViWoeKyLiyAfsC7BwM,50000000,1,2022-04-03T20:12:55.817Z,212.0149995
1HZUJK58xn5LsVUVjVDVFCUvYL7CnZwiRt,150000000,1,2022-04-03T20:12:55.787Z,644.5695195
1HzW3ecFJLJfv8RPxo6QSV7bacmANsa3Hn,410000000,1,2022-04-03T20:12:54.872Z,1708.5889163999998
1JbbUzLWTFAhXtdDs6Pnr3f3RfDZMRm2HM,1000195,6,2022-04-03T20:13:14.378Z,25.252023424546802
1J1dBxGkd9HnzAGbwqNMzWyMPrLu7tFzLr,400000000,1,2022-04-03T20:12:55.803Z,1672.355956
1HztSr78w9A738SFYhZtPmJmwy8jR84sGa,410000000,1,2022-04-03T20:12:55.898Z,1707.7155630999998
1HzHxzU9Me5ESDsJSntLzzr2GW5jKdU3n7,50225133,2,2022-04-03T20:12:54.888Z,213.433241058928
1J2urV7CsWdKM6J2Qxpbm9Jsyfk2qDzMgC,50000000,1,2022-04-03T20:12:55.928Z,212.595001
1J2NFgaXPbQHt5TLD4FGVmyUjUs9RTJzxy,510000000,1,2022-04-03T20:12:55.963Z,2123.6094611999997
1J5aLZJNaXuehuty7Mcn91bZ69mNjhWbnM,100000000,1,2022-04-03T20:13:14.403Z,416.394012
1HzBTarpbuKhBKuWdsKgZihmRJ2S22XNut,50000000,1,2022-04-03T20:12:54.949Z,205.222
1J3zfNFBW8r99wayNgbcy6pnJLMiud7amL,300000000,1,2022-04-03T20:13:14.445Z,1280.295045
1J3DKZ65bgkWyrh53pGv9GSyz4nSZ7TzW5,400000000,1,2022-04-03T20:12:56.011Z,2632.312012
1J13XXTGuDi2pHDXTQWPBHSH4dgnddzXQz,150000000,2,2022-04-03T20:12:54.902Z,635.1194242001
1HYU7NLavasr2A4d95dAwvT9eUXYL37dvB,50000000,1,2022-04-03T20:12:54.922Z,336.553009
1Hypt34h1yZB6QNPfTbzXAToqJV3t2rMSN,100000000,1,2022-04-03T20:12:54.934Z,416.515991
1J43i7D9aPpA7ZUYeMG8vBYJVsZ2Krte2,100000000,1,2022-04-03T20:13:14.493Z,418.040985
1J1qCiehWmVr4W3iGhusHqKbXJiGfWp2dJ,100000000,1,2022-04-03T20:12:54.985Z,450.894989
1japUvvmpdz4uT49CSMUjqm4n8qsJhrKu,400000000,2,2022-04-03T20:13:14.517Z,2455.9314997959095
1HySnsKYFdbcPTDvCh8e2EY9Um2W8sp4iA,200000000,1,2022-04-03T20:12:55.045Z,1346.67395
1JAvvtoaf55NAmzGxnNYvVqhy2Th8i3zky,200000000,1,2022-04-03T20:13:14.537Z,1155.521972
1J4dpiYUuoUNxvbnwgCSJjo2QgXoPFbunW,200000000,1,2022-04-03T20:13:15.484Z,1330.024048
1J9janGY1m4NWtVKS2vWUe7Ce53AAQ2pty,410000000,1,2022-04-03T20:13:15.469Z,1735.9932754
1J55gBMfVyYxoBEJr3HpzG6m3QcHFiD6uM,400000000,1,2022-04-03T20:13:15.499Z,2495.90796
1HZ55id8tgt7cXYLSJKeEuaAsZFgqNV3uz,50000000,1,2022-04-03T20:12:55.025Z,206.6535035
1J3bnfraAvQphwiyin8stUsLjaj83X2T36,300000000,1,2022-04-03T20:12:56.118Z,1613.915955
1HZxbxbwghaeXo8vutgbrVR5U5MjGkGEkW,300000000,1,2022-04-03T20:12:56.130Z,1870.5269159999998
1J9aiGDpWP741SZz5EQkx4K8BzHoGYcGcU,50000000,1,2022-04-03T20:13:15.544Z,212.272003
1J1oqkoWBMG8St8avLS1S42QcgUurpemZ,250000000,1,2022-04-03T20:12:55.072Z,1433.0400075
1JAJdDwZDGLLbw1icqLDoUBRZD4gfLZgTV,300000000,1,2022-04-03T20:13:14.673Z,1857.3239130000002
1J1hrH6ZNtTgcxJZdxcoDyLY6Nizb2wg3y,400000000,1,2022-04-03T20:12:56.203Z,2309.756104
1J5NdHbwicmU2fMzp99sJVE96xSbZCHaBe,550000000,1,2022-04-03T20:13:15.560Z,3404.4671045
1J33uM3SE9fuJ5eCmugJJNKSV1CmsCVKks,1100000,2,2022-04-03T20:12:56.233Z,4.580334131999999
1iLQwz7gBuYAN8MPxCkfwrH6dB9E2hiHa,50000000,1,2022-04-03T20:12:56.188Z,210.310501
1J1RXZ27gQ9w6BGqT5otbafeMFvJVdey7a,300000000,1,2022-04-03T20:12:55.097Z,1251.393036
1J6Sn1TPwcLnW43RuLAtgfYEL4RYCukPN4,200000000,1,2022-04-03T20:13:14.731Z,1326.51001
1Ja7Hg2z1qSggWNhuGNybZZcnBVADrfdWZ,50000000,1,2022-04-03T20:13:15.606Z,204.774002
1J6YkVZsvTpJPnwAnU9gqxF5aq5XW7zUWi,50000000,1,2022-04-03T20:13:15.622Z,205.222
1iH3LYE2VsRUUb7aYWq4yzMRwVFjZwrUB,150000000,1,2022-04-03T20:12:55.185Z,673.516479
1J89ZpczpSNpLbndNVne9hU5x7CvFoZ9up,1151739,1,2022-04-03T20:13:14.767Z,6.62793528531915
1J2KmDQyQCQJebuzdS5RFk3CSjyMZW8A28,100000000,3,2022-04-03T20:12:55.201Z,437.747986
1HZkPQPL9vNQ4SoQtTeCRXEazrvDryQwxt,50000000,1,2022-04-03T20:12:55.239Z,208.4149935
1J1xSTCwp545Hz3J4TjhRJvxT1C9R38R8m,150000000,1,2022-04-03T20:12:55.254Z,668.971482
1J3NZq6Pe3riHdbtnNBQcryMWAigtFEw2Y,114257,1,2022-04-03T20:13:15.673Z,0.48301574893715005
1J4ttw3Ctxd7iD9h97gqS7T57HzPTXgjVi,50000000,1,2022-04-03T20:13:15.694Z,204.774002
1J3GkBfPT4eBXLfy21RiBz4sG4QtAahSEj,300000000,1,2022-04-03T20:13:15.712Z,1313.090973
1J3Gi7rrzKZ8FpBhV5eMKErLqUVSn3o9Dw,50000000,1,2022-04-03T20:13:15.729Z,209.7055055
1J5jYgF4serBwWhfWytugKZU6ndHDssHsw,200000000,1,2022-04-03T20:13:15.762Z,1229.088012
1J5ctz7L6TPEJEcfGCT9EvTYHrXnpup8Hn,250000000,1,2022-04-03T20:13:15.780Z,1477.6350400000001
1J9jb28Uzv1uVLrZViR5LSbfYXvE3mb3zX,400760000,1,2022-04-03T20:13:14.841Z,2666.2523164835998
1J3fo1DXoZcG9wBvANcY9YUzCkza6C9ya8,410000000,1,2022-04-03T20:12:55.308Z,1708.5889163999998
1J9YMbJ1qD3o7f57XwLnwXn4WjHqKTs8CB,50000000,1,2022-04-03T20:13:15.747Z,210.392502
1J969iXg6ogDxEjuTzhFu2e7sDV2PjAGXP,200000000,1,2022-04-03T20:13:15.821Z,821.87799
1HY1cxkZiGMtR4Ev1T5j3fPiFWLF57ahgV,500131200,2,2022-04-03T20:12:55.342Z,2274.436518773378
1HyHGXV5AhfMwZYsEQSUaWujwxkDXdVk7v,100000000,1,2022-04-03T20:12:56.346Z,418.040985
1J93diRpJX9RuzSfyt62ceYPHVrT758UcL,300000000,1,2022-04-03T20:13:14.881Z,1851.362916
1J3PpqEMcV3WGS4Laoi4g6kReYtzEe5ntC,200000000,1,2022-04-03T20:13:14.919Z,1331.369996
1J5jwUzfyympeuYTRBCP9oBRyoujHs5uuu,50000000,1,2022-04-03T20:13:14.937Z,204.774002
1HyrfU46xC9gqwXKpnzDBKfGpzK95cRJh2,300000000,1,2022-04-03T20:12:55.424Z,1251.5310060000002
1J6buKwdSbAGML7B3CdzCQTcwBiaymSgy5,100000000,1,2022-04-03T20:13:14.955Z,597.148987
1HZFJzxSykjN9SCNx3kzGuJofwHVR1DDL7,100000000,1,2022-04-03T20:12:56.361Z,416.394012
1J2HmxhQh3UpteCkBYRoKpwu3CM8UoSgk5,400000000,1,2022-04-03T20:12:56.311Z,2418.912108
1HZubsfbRdg7ZamaKzMaUrkeKjfYEqm7t3,50000000,1,2022-04-03T20:12:55.494Z,212.115494
1J73fAF8poTLrLmCr1WwbLG4hFQA5aPTPp,400000000,1,2022-04-03T20:13:14.978Z,2475.976076
1J4akgAq5D8yau2a47jA4Wyq4qgNPGWM2b,300000000,1,2022-04-03T20:13:14.999Z,1836.3989880000001
1HziSJaYw9HXA7q9HsPuzNVP92oYAxRgbC,700000000,1,2022-04-03T20:12:56.394Z,2866.8360279999997
1JAr1vvTpgjJAohiNrQYGD5K2yWJpMLDhf,50000000,1,2022-04-03T20:13:15.963Z,216.259506
1J61jpbww14EkHsaBdJorMYhFJ4PHUTDzR,300000000,1,2022-04-03T20:13:15.944Z,1830.6119370000001
1J1mxSu7hYUPHBSGy82AbhZQcv4Ue7bjKm,400000000,1,2022-04-03T20:12:56.430Z,1686.604004
1J9BYfacuuRV8QBqHBPnbxAfovuXgp4fjy,300000000,1,2022-04-03T20:13:15.980Z,1908.576051
1J1pQu7p1bipxPgCxm3dsGLjYJQG1EJnTW,50000000,1,2022-04-03T20:12:55.527Z,210.392502
1J2FboBudMMFeiV1FM9DTj6GvFuH63Psrg,100000000,1,2022-04-03T20:12:56.376Z,423.734009
1HyWdzsRXccPPWn7kk4eaLFHyanrSgMbWS,300000000,2,2022-04-03T20:12:55.636Z,1722.320985
1HZurESs8jaZH7THTJQKnUpSNnncC6rz61,50450000,1,2022-04-03T20:12:55.652Z,210.44259555399998
1J5TRYbpLPz12GAofzf8fi3UctJF8tTdcK,100000000,1,2022-04-03T20:13:15.035Z,407.488007
1J5nMpiBwJkXriR7xRzz74soBrAcohu2Mu,50000000,1,2022-04-03T20:13:15.099Z,216.751999
1J3bUZG7x9sjgaEJF8DczqtFfS6veDC3Rf,1000360,23,2022-04-03T20:12:55.595Z,151.54725760928284
1J8omNeeWVjcmKocjRVMfug7wWKeMioJPj,410000000,1,2022-04-03T20:13:15.121Z,1713.9680384999997
1HYv4jLUg8njAyboecuBRNGmqmyBFTtMLV,50000000,1,2022-04-03T20:12:55.700Z,206.6535035
1JA9W2FVWtPV6888ppvDRYkKgjtuRA9ccQ,510000000,1,2022-04-03T20:13:15.187Z,2132.0090235
1HZgjF5xju6KpEAGKs3Hhwvx71aD4V6Fqe,50000000,1,2022-04-03T20:12:56.518Z,218.8484955
1HYZvkbRYEXYo74KhDLXkJz1tmifiWbGKv,300000000,1,2022-04-03T20:12:55.714Z,1254.1229549999998
1J1ruDre9GGNPJBUcD2LM1xEPMNDnpsEsw,300000000,1,2022-04-03T20:12:56.531Z,1829.2049550000002
1J8obEJx7tbLXuTmGNhLDpi99oShF5YTr7,50000000,1,2022-04-03T20:13:15.254Z,210.367996
1JAyfSbqRbuVp5DhnV1FWeuxtX7YcaAwYT,410000000,1,2022-04-03T20:13:15.274Z,1884.3722877
1HzCfDWwiakAY87Rx1YkvvgYsBwq7Cngsr,402000000,1,2022-04-03T20:12:55.755Z,1680.1389281399997
1Jb7zNP86WHNhJTFdWsX9mKu3akN691cgU,550000000,1,2022-04-03T20:13:16.069Z,3156.5159285
1J5MFSab9R7tWFGbV7JF6rAmjn6o52xFqF,200960000,2,2022-04-03T20:13:15.221Z,1373.8871290752
1JBFvQd7uvefxFCskBn4ByNarhdxnSmcSv,300000000,1,2022-04-03T20:13:15.333Z,1791.446961
1J9bU7uC12ZntYjn8mpdTNUeVrn1LWQjnG,400000000,1,2022-04-03T20:13:16.117Z,1666.063964
1J8378yCPBooKCDbDTNq6r9jLeNrwBUQJS,300000000,1,2022-04-03T20:13:16.134Z,1831.307922
1J6dYuxa7g7pnjQTxD3MWfB72kU9McQbMe,510000000,1,2022-04-03T20:13:15.319Z,2278.2821235
1Jjg7CEPVbbRHstoM1qKhydbowJnjENTuH,100000000,1,2022-04-03T20:13:34.447Z,421.651001
1JJC8io2Q75EkR8eq9v8SqA1jiek2PLEQz,150000000,1,2022-04-03T20:13:33.409Z,625.0935059999999
1JEkkBzCgdCp2Ai6xkWw99i5wSzyHVj4z6,300000000,1,2022-04-03T20:13:15.349Z,1722.953979
1JDd4YLgJwnrgwGVNco63XDk1Zy658vp1J,300000000,1,2022-04-03T20:13:14.218Z,1820.919066
1JdYuCRvrQMihWVNSJ63AeY29d5D9q2AHg,300000000,1,2022-04-03T20:13:14.316Z,1251.393036
1JfRo6fK3mSjZLg83kjHE9zreUCeEWMt6x,510000000,1,2022-04-03T20:13:34.460Z,2377.0538439
1JEY2K3Hk8nKDtGDn2EKzxdoBu4qrWQDvM,100000000,1,2022-04-03T20:13:14.266Z,416.515991
1JbzQAczckfdRrZxFqeDukwLUZBp2qJTyo,51874977,2,2022-04-03T20:13:14.336Z,218.98780598037726
1Jg4uVREec4Z6mTEAoiadgj7MgjwDjU2m8,50000000,1,2022-04-03T20:13:33.480Z,211.3724975
1JhcqPELJ2NKoHFWrPvGtSjnTJpTbgyB9k,50000000,1,2022-04-03T20:13:33.495Z,212.4774935
1Jgoau1d2yWFV4ax75sCkmgPNHm7WovCdr,410000000,1,2022-04-03T20:13:34.524Z,1727.9204
1JicKSgqqVQHRK7ytRGVaeoyL3RzwGHiVm,410000000,1,2022-04-03T20:13:33.549Z,1707.2154491999997
1jgc3mBQAurxzqJHR1MZmXFMr36eqqW6V,400000000,1,2022-04-03T20:13:33.515Z,2452.083984
1JJsGVLFmyeExV1SNSbcFSnPzf3GUTYoUE,1002278,26,2022-04-03T20:13:33.586Z,107.08752964795863
1JCaUFhnuFj42qk9DeWQeSjVsfPvn5jzbG,510000000,1,2022-04-03T20:13:15.439Z,2149.3644
1Jcq6JB1RKPgnCyHw5ZRvWMjEYQWRseC9,150000000,1,2022-04-03T20:13:15.391Z,672.4769895
1JJjL7edCtpYA9p8voosjHesHypczH37tR,100000000,1,2022-04-03T20:13:34.493Z,416.729004
1JFRrrqm49YwVrsfiLnKF5uviWE5E2obWn,100000000,1,2022-04-03T20:13:33.652Z,418.040985
1JF9LHHMaCgBp8miGCyjpNpnipnQVGEz7H,400000000,1,2022-04-03T20:13:34.585Z,2302.147948
1JFcuV882JFVVBfq9XMKoJP1xmtJXnqYzF,400000000,1,2022-04-03T20:13:34.555Z,1699.819948
1JD3LmXcttjH7yV1xc2hUNrkW3u2HKcXGz,150000000,1,2022-04-03T20:13:15.455Z,682.6454775
1JJvH2N8brRew4oAwmAWnQGPiJchjpbDyM,50000000,1,2022-04-03T20:13:34.572Z,323.5004885
1JCRnQ5ZPKWbadnqwzPKZjd6WrWzwQp1rr,6987222,1,2022-04-03T20:13:14.427Z,40.2095051397567
1JJY2Y3wctyNQqM4btZZHnt1VzDe2wUyWy,50000000,1,2022-04-03T20:13:33.673Z,209.0204925
1jgpPgTuFwRynmXuQuTPw3tjWx4m2bwVg,50000000,1,2022-04-03T20:13:33.693Z,217.561493
1JifCwx71w5g6LwuWSkmxX6aA5wau9SB13,300000000,1,2022-04-03T20:13:34.650Z,1878.947937
1JFTFEyny5afKtQgrDx8qtuzc6gcFXS5xk,50000000,1,2022-04-03T20:13:34.618Z,204.774002
1Jh2498wqcc9pqwZoqaX22LDEBo4xWFvsm,50000000,1,2022-04-03T20:13:33.710Z,212.272003
1JgZkbNnKojUCEKX8FCqKB8Lw2yKuYGJ95,50000000,1,2022-04-03T20:13:34.680Z,211.186493
1JDWPENusaSRFiKPZFcXCSB6t6cQVfK1yb,1130223,22,2022-04-03T20:13:14.472Z,150.82804001892455
1JhmsTpm5XpaE7UhahRwGkB2ieMi4Ee151,50000000,1,2022-04-03T20:13:34.744Z,218.8484955
1Jex5MxC8Rhc54qQKW9SP9JPgkhqbJkNR8,410000000,1,2022-04-03T20:13:14.605Z,1713.9680384999997
1JHCGnChqWoNd77m7J4fv5fUL1ssgwFMfD,100000000,1,2022-04-03T20:13:34.713Z,422.372986
1JbqirXuDvf95kJeSQvYnovjrBArD5xFhT,300000000,1,2022-04-03T20:13:14.560Z,1824.1290900000001
1JcNw1dFKVC5zNV8mEioX7kgNEEA9rQqx5,300000000,1,2022-04-03T20:13:15.516Z,1829.2049550000002
1JdRH2q1h1JJqcofYkBvjnLARt2fN5ijr9,400000000,1,2022-04-03T20:13:15.530Z,2325.231932
1JKjT2E8NECBBQ4rTk5FespNNGwy6nTNAt,50000000,1,2022-04-03T20:13:34.806Z,210.310501
1JicinGH4eEybZ6cd5CbCoyusvGTtmuzkN,50000000,1,2022-04-03T20:13:33.799Z,218.873993
1JHAuVfAkGqWH9THhrhgaSvAKL5fjJi8RF,400000000,1,2022-04-03T20:13:33.834Z,2433.248048
1JfL8G7dBWAvUAApDq5Bb3u1UT7gtotTCw,510000000,1,2022-04-03T20:13:33.851Z,2159.4062694
1JgELK2DqXbYAeJ7qsCa1hwpGX5P6GBEHL,400000000,1,2022-04-03T20:13:33.816Z,1668.043944
1JdYLAKQ1PzGBv6fZsHPEBwWZE3uubF9Kj,1030812,29,2022-04-03T20:13:14.651Z,135.94568980726078
1JGXH3zYgJmzRMxcVR3UC4qRnmaSkuqGe7,510800000,1,2022-04-03T20:13:33.784Z,2118.88017908
1JeKuE2apMbnaviA6eL2LYnKDGDtvpR1t2,250000000,1,2022-04-03T20:13:15.575Z,1635.2424625
1Jfn1GKSutyGLQTUveMb5foFL1M9z1Axgf,250000000,1,2022-04-03T20:13:33.904Z,1709.1549674999999
1JBZQQojJEpqnv6ZtgXb4NhzWZpL2ZVAjj,100000000,1,2022-04-03T20:13:14.713Z,422.372986
1JCYGh8SrUaKBVEtVhydYuSMMxXkLipzjr,50000000,1,2022-04-03T20:13:15.590Z,210.310501
1JF3fgdStLcwMqp8quoMuyn7VLCHbPgfZw,150000000,1,2022-04-03T20:13:14.693Z,680.0760045
1JFhpwtj78dnVJ38DUyaqcfXECAMrzMuuv,400000000,1,2022-04-03T20:13:33.977Z,2300.17212
1JbmMs8HvEASo4dsA91AAsuv36psjSsCGr,50000000,1,2022-04-03T20:13:15.658Z,211.186493
1JHSGVBu8RpMaAdkiP9JLjt6wr9r447kgw,200000000,1,2022-04-03T20:13:33.995Z,1329.10205
1JdjDWxmPG8Nbq1L7ZG4r2ERt7Hvi1UKFe,100000000,1,2022-04-03T20:13:14.747Z,424.230988
1JDsWw8mRmmxMJBBVu82vvUi2iBjPt2cNK,300000000,1,2022-04-03T20:13:15.640Z,1824.1290900000001
1Jeoms5ftP9pBtymK29VqhFK8x2dYrrYo,50000000,1,2022-04-03T20:13:14.785Z,208.505493
1JeF6DaMiR73sgcGdD7qh4coVVZ7ARhTzs,100000000,1,2022-04-03T20:13:14.805Z,416.321991
1JfEjQzupaM2DUHAtpz3rdikJJzV2vdMMN,300980000,2,2022-04-03T20:13:34.991Z,1253.2704489185996
1JiCQiErECg6TVd68KsJ7Uip7s2nU41Mmb,400000000,1,2022-04-03T20:13:35.024Z,2302.52002
1JGzqrmkgir3Pic5KbtvgHiay1A1X6Cyaz,100000000,1,2022-04-03T20:13:34.053Z,576.596985
1JHmeTUEEB99yvyw6iegichj7rMfWCt4qm,50000000,1,2022-04-03T20:13:34.096Z,210.310501
1Jg6D8bHEayz7S2qsU8vnNaLE2Z9GZ3JaD,150000000,1,2022-04-03T20:13:34.033Z,671.9640195000001
1JcFQpsgBjErm48YEEDxAz75ydA6RQKx6s,50000000,2,2022-04-03T20:13:15.804Z,208.218994
1JjBUSoGhB8ZRDCoASYhHMcwdDZvgKfTSk,300000000,1,2022-04-03T20:13:34.167Z,1827.7230840000002
1JC73ifcMWg8fusMf9AL8nPfV2qbLPe7tU,400000000,1,2022-04-03T20:13:14.823Z,2709.323976
1JhhrigixdrAoV8bUJeYRAiQokphsJtycQ,400000000,1,2022-04-03T20:13:34.130Z,2424.664064
1JkhKKPBdW2UgxvuJ5aqkfqLqn3iKxaViN,50000000,1,2022-04-03T20:13:35.071Z,212.4774935
1JEHX7LsNTLKsy2Yv5QBJz3h3VE318bPDy,50000000,1,2022-04-03T20:13:14.862Z,210.310501
1JBzDbSyffz5AKchmnxwFNrdywc3Kt4mW4,28972635,2,2022-04-03T20:13:15.834Z,390.0330995163486
1JcACkLnXbHjEgo4tLA9yUCAesR4NHNnth,410000000,1,2022-04-03T20:13:15.865Z,1713.5745286999997
1Jir6BckAVnGCFxQkVTtoH23Htja5adP6o,300000000,1,2022-04-03T20:13:34.253Z,1264.953003
1Jkafo2S8P2Yn2GqAMejUvpNndipUTQ5SZ,300000000,1,2022-04-03T20:13:34.196Z,1808.52594
1JCFedLVhoXc4ETmsQnoH6AvK7iuDXEvhL,100000000,1,2022-04-03T20:13:14.899Z,420.735992
1JbqERvaZ1kSbWAQmhZmy5639dBdiNqUb9,400000000,1,2022-04-03T20:13:15.849Z,1655.88794
1JbwwKciS3drCcHQHukRfsq4nnJimTA4Ug,1000629,41,2022-04-03T20:13:15.889Z,171.15015659704582
1JffgGHAnDhjY6rCEay7sio8MyDAc1dtyk,300000000,1,2022-04-03T20:13:35.082Z,1251.393036
1JBMvdZAk7VMYVFLRSiK7xxntv8hHvTzm9,300000000,1,2022-04-03T20:13:15.919Z,1923.2160629999998
1JHdJSzj425ozMM2LwZZLgumZpusnGMUhX,300000000,1,2022-04-03T20:13:34.268Z,1244.44803
1JBpKBfCVK7dR63k2B1nKSGJ2KVnHt6nUq,300000000,1,2022-04-03T20:13:15.061Z,1807.875
1JbUgz4Q8dVyzCP469cpmmFqQKq2YnR6e1,50000000,1,2022-04-03T20:13:15.080Z,206.9859925
1JDszZ1kr7GeLTYzzTVkTzNiiJ6uPiFKUk,39988303,1,2022-04-03T20:13:15.137Z,238.4494406259812
1JFtPZemvjBdWVFXuHdBNL27kyUzu7tpD5,100000000,1,2022-04-03T20:13:35.128Z,414.81601
1JJUUBsm5fukucMtZKGfgw637hG14mSLRe,50000000,1,2022-04-03T20:13:34.341Z,204.774002
1JBrX6xkdZLdZmDbxVTYxf11D1vDz7rRc1,300000000,2,2022-04-03T20:13:16.039Z,1232.816985
1JKhipUhAqrK2gdBxhrGTKHzeL9i2Htqje,150000000,1,2022-04-03T20:13:35.154Z,675.4559790000001
1JEASNzzEBqm8RN8pwpHLtsZmeL41cYsg7,50000000,1,2022-04-03T20:13:15.995Z,210.8255005
1JECCByCJcRcjpjea1fwCSApuUL94AFyeZ,200000000,1,2022-04-03T20:13:15.155Z,1352.592042
1JiUTEbnY5PVbuYs6jfkozbQG4wCYgV924,33079702,1,2022-04-03T20:13:34.310Z,177.61153035485066
1JBLReZCvauCLeVTxDYDcp4GcX1qgTpjbg,300000000,1,2022-04-03T20:13:16.009Z,1808.52594
1JebN4cDAPrVhZ1mJCbCqoF1ZLjqChHimt,500000000,1,2022-04-03T20:13:15.172Z,3195.964965
1JGeqZSP61YmCiDG1m5PPv27rK9dDJ9Q1F,1000000000,1,2022-04-03T20:13:35.201Z,4325.190119999999
1JgDPoZW1Npng9V6YtVyAJ4WHfKWz7yFXC,100000000,1,2022-04-03T20:13:35.165Z,416.729004
1JdkBjPpNnyNZpVVxDe6iqQc1EKnF88cfT,300000000,1,2022-04-03T20:13:16.024Z,1817.078979
1JejFWHudyzcMSymyqXiPjJ9t1vFWfgLoV,100000000,1,2022-04-03T20:13:15.237Z,656.992004
1Jd3kyyWXr7zEFd1zDMB8dfsQFZNypGkMV,550000000,1,2022-04-03T20:13:16.052Z,3165.9650275
1Jf7VxDUruhMFPcxTrRuBhGewQFp5PwGeZ,100000000,2,2022-04-03T20:13:15.290Z,416.321991
1JdGfJ1uei5yq5XynkYtNZvw9WGmLfERd1,250000000,1,2022-04-03T20:13:15.304Z,1693.327485
1JbZA9uSMhV1UfwHZJpobmQdfzmy3drMCG,50000000,1,2022-04-03T20:13:15.203Z,208.505493
1Jg6F3fbwpSkZ9K3bGEKutAZ5GPfKQAhSA,504990000,2,2022-04-03T20:13:34.369Z,2657.8054324029004
1Jey5c3g6KWdK57haJTUQ2tLDtRuZWSiHB,200000000,1,2022-04-03T20:13:16.083Z,1346.67395
1JCQxcKtDvTmQ6fc9V7DmvDzYDzgevB7Qa,200000000,1,2022-04-03T20:13:16.101Z,1138.38794
1Jkhhg6WDq6j9Cw3vShJBhCYo98BBcZXJ9,200851607,2,2022-04-03T20:13:34.420Z,1143.2352356920978
1JtKFqxr4ckUH5LeTEQJiR3FLvme2eYsCU,50000000,1,2021-09-11T15:42:20.736Z,204.774002
1JU6SJN3Han5oj38vZ2EpjJJa3dnZetLR8,100000000,1,2021-09-11T15:42:20.750Z,416.394012
1JLothzTVuq6g9TL3kcBpxwihHeSmbA71q,150000000,1,2022-04-03T20:13:33.463Z,667.003509
1JofmmDL1tsoV6HkHyPsgdo6B3PPZSHZ6i,50000000,1,2022-04-03T20:13:34.510Z,208.1609955
1JUbfBkquwxLkV4P8LUdRCLScbQStAbPkM,100000000,1,2021-09-11T15:42:20.793Z,417.177002
1JpHincMSJ3H27VWbkvPrRnuNSPkiB4qup,100000000,1,2022-04-03T20:13:33.565Z,458.536011
1JMLSVHnaq6RxcbGWkmpaYBhemWpYpBAf4,300000000,1,2022-04-03T20:13:33.532Z,1824.1290900000001
1JRoUYsAFF5pCxr5eJr1wav44gDfiXEhtT,300000000,1,2021-09-11T15:42:20.826Z,1908.576051
1Jv2h3YxtdMC7Y1D24qn8psyMpebzXMeCZ,50242900,3,2021-09-11T15:42:20.843Z,209.578717228148
1JkrvcFRnSj61CAfdfQ2docUR2XbVMKnKn,300000000,1,2022-04-03T20:13:34.478Z,1808.52594
1JnDVzHNfdoLJVacz9f24E6xGtS6xnPpX5,250000000,1,2022-04-03T20:13:34.540Z,1666.307525
1JM9Romk9pzSJHdEH3t7FqmodvDRhEtEVU,50090000,2,2022-04-03T20:13:33.633Z,208.59378818920004
1JnWjYZpwESJLERaY8QoxoP7mvAV18QtRo,410000000,1,2022-04-03T20:13:33.614Z,1713.6359630999998
1JocCCt7g2hvmV72troDzJryvbQSdDqm3m,300000000,1,2022-04-03T20:13:34.603Z,1818.498048
1Jrqk3nqEZxB4oJMMEuCczqxNXF4AFZSpB,400000000,1,2021-09-11T15:42:20.901Z,2475.976076
1JP4oZFdTNxAX76vwe8aa4CbaBWCMwyW9Q,250000000,1,2022-04-03T20:13:34.666Z,1468.8975525
1JKRxmHUE1FaueSmXCmJ6MJn7xgsrHADeL,200000000,1,2022-04-03T20:13:33.730Z,1196.42395
1JPHR3HUbA1et5quDAmi5BJ22k1EVokvzj,100000000,1,2022-04-03T20:13:34.698Z,424.954987
1jL5rqwjbgBeBeZyNtimCCh3iBuvgDZUo,510000000,1,2022-04-03T20:13:34.636Z,2154.6633102
1Js9FRm8vzbLtUtXqgkHwSCAw989K4ktXG,50000000,1,2021-09-11T15:42:20.961Z,206.6535035
1JV2q4LSbn6GMjRP7uG2ByYqwdBMctZU3c,300000000,1,2021-09-11T15:42:20.981Z,1726.6109609999999
1Jr6Lo9CoGtaPTzA2FyBXAwfCh4CRGaCDA,400000000,1,2021-09-11T15:42:20.995Z,2627.968016
1JomXd8UuHUoqYVDQiyKimR3cXZA82FaYp,400000000,1,2022-04-03T20:13:34.730Z,1893.855956
1JV2wtmAJ5qF3eLZCGimPfjh7dociBZLVT,400000000,1,2021-09-11T15:42:21.040Z,1686.760008
1JLuofauaBS1e59E7sut5V32pwabShG9nH,200000000,2,2022-04-03T20:13:34.760Z,1326.5055822654995
1JRk4hNqRqMcVKzZiFFZEi6y2JBFX8dsSs,200000000,1,2021-09-11T15:42:21.072Z,1354.661988
1JoY6EDRXZztFDL88WPQRNT3tESpd5v3kx,100000000,1,2022-04-03T20:13:34.791Z,422.372986
1JmuonQpCWc5qfyYxQH1N7uzvHcnLH22h4,50000000,1,2022-04-03T20:13:33.766Z,208.565506
1JPQQLtrjXrqRqEofEDoC2ZzfP9KvyG1FH,300000000,3,2022-04-03T20:13:33.750Z,1249.313964
1JNp7X44hskgZV3BgngKufy5s4BGtQNpKp,200000000,1,2022-04-03T20:13:33.867Z,1346.212036
1JrSAJNtNrRRgDFY5xWoVbd8nWt4fKk1by,200000000,1,2021-09-11T15:42:21.116Z,1153.19397
1JkMfoATwfuxYBDDQSWP1Q6Fg5nS8Hufgm,300000000,1,2022-04-03T20:13:34.821Z,1788.8939219999997
1JrR6kEF8h9gpm29EpF81YW71D9mk85fMr,200000000,1,2021-09-11T15:42:21.144Z,1321.534058
1JMCwedU9QZberHrzzhBZmXyxcxkUbTQQ9,100980000,2,2022-04-03T20:13:34.835Z,420.4746733176
1JowV4uytNGEaH7xwYKGKTGrkJttSH26Cy,200000000,1,2022-04-03T20:13:33.935Z,1245.722046
1JMCf8TWvtLijQ5f4jhXkw1RUnVNCr5TXx,300000000,1,2022-04-03T20:13:34.854Z,1250.1870119999999
1JkRqMQMEB8pN5JF7foKrR2BfJR53CZpvU,50000000,1,2022-04-03T20:13:33.961Z,204.774002
1JQPxPoC6NwEz1XvxMvryG6J53tbTQ1eqQ,400000000,1,2021-09-11T15:42:21.195Z,2265.41992
1Jts3PBZhCekvTDGLuKDcYgiUxykhM2Qt9,50000000,1,2021-09-11T15:42:21.211Z,206.6535035
1JmSwZrQVeVd2r6HsYD9wrQJNoFiaQw5De,50000000,1,2022-04-03T20:13:33.920Z,208.588501
1JNyQpmUHoaYvXPaNUUAhVrX67CRZ9rQqv,50000000,1,2022-04-03T20:13:33.888Z,206.6535035
1JT6Q3XNJzLbJsqGUiny8PjBfBpryUoWHJ,100000000,1,2021-09-11T15:42:21.228Z,422.372986
1JpcbXxBUMqoL2JL8PGDw2E4W1LxyTMr3D,100000000,1,2022-04-03T20:13:34.871Z,407.488007
1JnwLBtH5oEubfsZuYWK3boxj8K7v4qxdz,100000000,1,2022-04-03T20:13:34.886Z,422.483002
1Jr38hZdz4BzGu3gK4HYsXZEQVi8S1nTNU,200000000,1,2021-09-11T15:42:21.244Z,1330.024048
1JoYZMbUiGMoc6SFoWZYfsdYoHrnED4g38,400000000,1,2022-04-03T20:13:34.015Z,2268.95996
1JqcXUjLxze9WyoumtFMka6vT9RqJ5UoHm,400000000,1,2021-09-11T15:42:21.315Z,1810.911988
1JsKVxFpDJgd53EFTQZcDKHfcS493mJxSY,300000000,1,2021-09-11T15:42:21.329Z,1343.9280390000001
1JmXHM8hr1dTQkUx3Ta36FUmCT2ma9xykP,50000000,1,2022-04-03T20:13:34.081Z,205.222
1JL2ertBf3jmpHnx6Z7jv5qob27kD6PMgB,410000000,1,2022-04-03T20:13:35.010Z,1727.9204
1JsxmmyQ6EKzgfpG6rS2qCz6rPhVMkbjtq,300000000,1,2021-09-11T15:42:21.360Z,1955.351991
1JpJZaVD5HZGLRAV9DqFQGCqbfDF3CuUbP,100000000,1,2022-04-03T20:13:34.905Z,418.088989
1Jr5qdBjy9Qpf5pX1MDzaqxB7hZAvEvhBU,410000000,1,2021-09-11T15:42:21.387Z,1823.1429246
1JKmsELkqskoEYdjkMdqTSGYH7py9xrjUM,100000000,1,2022-04-03T20:13:34.948Z,435.509003
1JmQjGZVj5CbMznfMPVmL6gWzk6qPLVMaX,500000000,1,2022-04-03T20:13:34.066Z,2367.319945
1JQAhsLBPyYxsh7TGeuLrMeS4o5XR7FeFv,50000000,1,2021-09-11T15:42:21.460Z,204.774002
1JpRSkdMvusZxwsmZxbqhY5YMuqK6ujnuJ,100000000,1,2021-09-11T15:42:21.487Z,416.394012
1JrdJp72qWXQJpwvLaMm9GGdmovutnSeXL,100000000,1,2021-09-11T15:42:21.501Z,664.551025
1JSZLDChU2v6JdusejxbeH57kpkMdQmRi9,250000000,1,2021-09-11T15:42:21.516Z,1658.1375125
1JuCkJpYeBpTZvA6QxvfQWzDpxxjZfnnhq,50000000,1,2021-09-11T15:42:21.527Z,211.3724975
1JLvmzmnnRU9z7Z5hUcvEE72uTdPg9dMsP,250000000,1,2022-04-03T20:13:35.051Z,1468.8975525
1JqdoNaBG1JM1Lswbvdh6Zbs6VdC2JGaMT,50000000,1,2021-09-11T15:42:21.544Z,209.0444945
1JovVboBUzfeCRoioSiDtAPdeJdeoeiLZc,25993261,1,2022-04-03T20:13:34.115Z,109.54703888884
1JrscM9gsPT97UZTNJUAwEffdL8B3rpbjm,200000000,1,2021-09-11T15:42:21.616Z,829.71997
1Jta5JwTGtDBjW86tnEJmJRYj9LAmX2jjP,100000000,2,2021-09-11T15:42:21.630Z,608.312012
1JRdN4RHo4K5rtrT1tdzQixnggnDmF36oN,1252816,6,2021-09-11T15:42:21.645Z,34.18428658683936
1JmKenBSAvRdjQmzfV5rkV3xCRZxhvjaNx,100000000,1,2022-04-03T20:13:34.235Z,418.040985
1JQKH8r3DbF89fBwe79LPH4LF9GppajKnQ,150000000,1,2021-09-11T15:42:21.788Z,674.137482
1JLXwpZoPYFAiGFyFfnHxPjCByJPbiyGdi,250000000,1,2022-04-03T20:13:34.279Z,1666.307525
1JtCo5A8ynRRmp6aj3SpGJf64mndadswfx,300000000,1,2021-09-11T15:42:21.802Z,1251.393036
1JqAEXCAjiMtuhn1Lk1sNE9iJFVjCPJtzZ,250000000,1,2021-09-11T15:42:21.816Z,1661.3775624999998
1Jqm2D1Vxw3LfV7yv2t7pCaZ4stZShGN24,400000000,1,2021-09-11T15:42:21.856Z,2356.47998
1JTV5a9qZX9Mr15emum2W3wPQe4CuAUZ5x,50980000,2,2021-09-11T15:42:21.888Z,212.6533899176
1JQzuQdGBxyKkSi4KNmwjC8331s6acGB8e,150000000,1,2021-09-11T15:42:21.917Z,925.681458
1JPXJTKE7Np7aXLvUEQMKdpggzfG5vgds,100000000,1,2021-09-11T15:42:21.945Z,416.321991
1JpFRwXt94roWaC8W86Ea1nRatorbZ1YBv,400000000,1,2022-04-03T20:13:35.108Z,2709.323976
1JU3WguQfMSSQn6emJj3H3WxUdXjNzLp7f,100000000,1,2021-09-11T15:42:21.966Z,407.488007
1Jm1FBJ15MMkmifoQ1dhi2MeVNfT5NcmmP,510000000,1,2022-04-03T20:13:35.143Z,2132.0090235
1Jq6ge74aKYYnnvv76CxXY5SHfWJPfs8L8,50000000,1,2021-09-11T15:42:22.032Z,208.1609955
1jp538zz8S7MRymPpkDp6XqnXNMV7Tt3V,50000000,1,2022-04-03T20:13:34.325Z,218.873993
1JU5tAYHqw71u6MbqvgwPyJRYfVXQCPeFn,150000000,1,2021-09-11T15:42:22.048Z,667.003509
1JLUs3TiHQcLgzSz4JEY3JyCAnSiJh1MSC,400000000,1,2022-04-03T20:13:35.183Z,1682.484008
1JPm5KGY614PoiPtiG5XcL8iXNFFBDGFFK,252365936,1,2022-04-03T20:13:34.295Z,1614.8644257252902
1JSbmrRnwFeUXe6U7oAoNgNH9FVcpxSggY,200000000,1,2021-09-11T15:42:22.103Z,1326.51001
1JTngw5sbURisqNj8nmtp8ts8htLcXfVcb,300000000,1,2021-09-11T15:42:22.118Z,1228.644012
1JrD8j9HSfsJ8MN4nHiioBd9JEpnfWVMSC,50000000,1,2021-09-11T15:42:22.131Z,205.4694975
1JnN9Yv4ZrwVqJSd7eZryNedwrbMRwVRXZ,300000000,1,2022-04-03T20:13:35.216Z,1275.570006
1JLdDwCbh2uyPiQMBBNn9SJbodKcy1uqUo,100000745,2,2022-04-03T20:13:35.231Z,610.896580145616
1JoUViezUQrA34mb8eZkFoC77qjPAF7H46,200000000,1,2022-04-03T20:13:34.354Z,1216.485962
1JTfjznhea6G3KtNNsTkfqkAowhSL8Csij,100000000,1,2021-09-11T15:42:22.164Z,416.729004
1Jv3Dhv4TDX7kbNYorThm1hCNTbp5tQmKC,300000000,1,2021-09-11T15:42:22.179Z,1824.1290900000001
1JrS33LzXiGPbdL7N6ocjPnJKsyY3H3rtp,410000000,1,2021-09-11T15:42:22.194Z,1757.2231123
1JN6n7LUaQX3HRu9ojtRwEULvZMLRihsXF,200000000,1,2022-04-03T20:13:34.386Z,1217.267944
1JQ8DGwxmtCdXQyk4JgY3P4emfNAzvQE7q,1693203,3,2021-09-11T15:42:22.243Z,29.44400441538609
1JrTZhDWGP1ZyKBrb3etZXhER7ZT7vEoVY,300000000,1,2021-09-11T15:42:22.257Z,1250.489961
1JSiCCuViQB1eb1eorh8SSpkqLXvwdzEFM,10000,1,2021-09-11T15:42:22.272Z,0.0420785004
1Jv2Pj5vfLxYPRdVzJJeipwMnoa2tV9N84,51040432,1,2021-09-11T15:42:22.285Z,215.77087170637841
1JnBrZkXEttUmVE3Zso3Sxfabd5rhUJ6VT,200000000,1,2022-04-03T20:13:35.245Z,1330.024048
1JunLCujw8y9cQSSMPRXf73bjQoQLwcNbH,400000000,1,2021-09-11T15:42:22.299Z,2692.424072
1JkzbVSmsTrST2nMQmqkDQPWimz4RA37rk,1247900,25,2022-04-03T20:13:35.268Z,184.90446337395005
1K6QTTLYdoB3f1cSdgomrRvLBFSx3WzvHt,400000000,1,2021-09-11T15:42:39.767Z,1666.063964
1K4jjiPmUUHoUSDHwo48sU9vKApv8gQfye,300000000,1,2021-09-11T15:42:39.787Z,1254.1229549999998
1JVB6dUMjPQUi1c6kUuYmJLY1grrmLq1Mf,100000000,1,2021-09-11T15:42:20.766Z,420.735992
1JVA5NJQhifihCVtnNZzdM7PW81jjpVV6m,50000000,1,2021-09-11T15:42:20.779Z,218.873993
1KA4PKUZoL6JBdhmrumUeLK8hW9cGNk9C8,410990001,1,2021-09-11T15:42:39.820Z,1711.3377540827398
1JxE9wMiMPVxzfBg3c8PCqBQgMdkrJV6Dy,100000000,1,2021-09-11T15:42:20.810Z,672.864014
1K1SjkuzyMUfs24SxSCQ9hYdxN4pdRMqMv,410000000,1,2021-09-11T15:42:39.859Z,1707.2154491999997
1K3XvtgpezNcPoVdJaWHrVXshcp2s3HN2d,300000000,1,2021-09-11T15:42:39.877Z,1837.532958
1K9YEaVr1VqUXh9k68TZoGQ4sPTqmVQJpd,250000000,1,2021-09-11T15:42:39.906Z,1480.2575675
1JXcSMohcb8dx2h8ZggdFmugn4JnDusqAi,200000000,1,2021-09-11T15:42:20.857Z,1229.088012
1K2UvY2BHqvJe8NGpkbg4WZvYLsDLMb64c,75000000,1,2021-09-11T15:42:39.941Z,316.8622515
1JYN3crxA6tLBLaE1Pwyz1hqzNYmfrWVuE,1198056,1,2021-09-11T15:42:20.871Z,4.54846743039552
1K98rwQDPNgFFtNUoVs6RdX4eMgq5DiQvQ,300000000,1,2021-09-11T15:42:39.956Z,1699.0649399999998
1Kac7P29KsNKZoPVYRjiqD6DSo6WsMbxna,50000000,1,2021-09-11T15:42:39.975Z,208.505493
1KApcQK6nXwwPn3T2sJA5nVM9ZhTYJUFuY,52000000,1,2021-09-11T15:42:40.032Z,215.44692728
1JycaWKMeSK48hSzhh49NeojJPQNi86y2K,510000000,1,2021-09-11T15:42:20.886Z,2320.9946234999998
1KAR5hgdMnd3feopNCFrAdP2unkEYV5trk,50000000,1,2021-09-11T15:42:40.049Z,218.5820005
1JVc2KgpnTijuFeLJiGaEyrDUHQwXBGss1,400000000,1,2021-09-11T15:42:20.914Z,2440.815916
1Jxj4DPQbJSJ5ZzqXeZkDNUaL8fNhBqaRE,700000000,2,2021-09-11T15:42:20.931Z,2897.803895
1JZ3rmBG9tjCyyjuF4eB2MjDpd7tShQLK3,50000000,1,2021-09-11T15:42:20.944Z,205.222
1K62nmFui19wcoYNu6bZRGgbVWiDR1o6Lm,200000000,1,2021-09-11T15:42:40.116Z,1155.005982
1JvscoKsNbczrVybAytdHKiDBEqGkDURyS,250000000,1,2021-09-11T15:42:21.010Z,1643.235015
1JWiwbr7zSo45pqt74nvA6MhcSE5XsByrv,300890000,2,2021-09-11T15:42:21.023Z,1244.9474345444999
1Jyd5x7v1mRujVYKtmfSVaF8ZaW5utRNhz,50000000,1,2021-09-11T15:42:21.056Z,209.0444945
1K6Ytn7FrYvUQixo81RpC7dMtgkm9NjgcE,6861868,4,2021-09-11T15:42:40.170Z,171.90790296755088
1JWawu75tNAjK3NAMmwqSafS9MZECZdfUL,50000000,1,2021-09-11T15:42:21.087Z,208.4149935
1K1XsmXfQChwSjHE13gan4X7dPweKBg4jk,150000000,1,2021-09-11T15:42:40.237Z,622.224015
1K8WaKmzigUaW4in54ifoyuaxbLyBBzmLn,300000000,1,2021-09-11T15:42:40.253Z,1254.266967
1JzfF8q9uytcPtZ52xQXfnfe26ZNsg1vsK,400000000,1,2021-09-11T15:42:21.129Z,2455.931884
1Ka4JNX4GfZ97cBb5FNeqoWoobVUzXLn7h,300000000,1,2021-09-11T15:42:40.263Z,1242.9630419999999
1JyuokRPkjYx851AqpXMTisesin8ghnYpx,300000000,1,2021-09-11T15:42:21.161Z,1974.2340089999998
1K2bibyX6pgW16ShyTyEz2xhGFJ6re7K1s,100000000,1,2021-09-11T15:42:40.281Z,420.735992
1JwPuL5h5Wrv1cpZh5dnZyP68adtYgNpvE,510000000,1,2021-09-11T15:42:21.177Z,2131.5195357
1JZWeDk4UN6Z8ooMfvNiKYv1MhtqdRzTtU,100000000,1,2021-09-11T15:42:40.297Z,418.040985
1K45Wq14V69cRwTAQv4KFQvqzv2ZeUdCRb,400000000,1,2021-09-11T15:42:40.311Z,2309.879884
1K8D43D2kLJ2XcVkwezZWbbEBGp1YQA6Rv,1006435,19,2021-09-11T15:42:40.335Z,110.43165232194613
1K6hUWQjqajpMrZGP5NCTnWSH9b4Bpf21B,1034055,5,2021-09-11T15:42:40.349Z,21.608906210669247
1JwcbWKBhZfQpL3GgzYqDkzxHYNXhAG5RH,200000000,1,2021-09-11T15:42:21.258Z,1252.631958
1JWhYnQuXf8wpDhBZ8YCYePwwGrgWZpfmV,250000000,1,2021-09-11T15:42:21.272Z,1469.5025624999998
1JWFrZJBn3gbFZqqcro6gUVbENo7KS3BMD,550000000,1,2021-09-11T15:42:21.288Z,3725.320467
1K9xKB1ZMSzA2RY3bHFNExVr858eUwNtfD,400000000,1,2021-09-11T15:42:40.414Z,2411.36792
1KaEr1q8wcWe68fpPZTSXeZHsNWBSPY44n,50000000,1,2021-09-11T15:42:40.465Z,208.505493
1JWdjKsLuC4P7BGXtigutf28qCFXxB1Fc3,100000000,1,2021-09-11T15:42:21.302Z,418.040985
1K3wiky4Sj5XFCUq9ZKvenxnV6BL9ZXxPR,150000000,1,2021-09-11T15:42:40.483Z,670.0829775
1Jx6BRqk2ANxbwo2zDuieaoL3smGYCNjsz,410000000,1,2021-09-11T15:42:21.345Z,1887.9803081999999
1Ka7YG4PHFJvwZYKBVB1jzwp95nX5bcXVM,150000000,1,2021-09-11T15:42:40.530Z,682.1489865
1K81grBvxLSRV6QeVRUDtJqsyFFK2M5CVJ,400000000,1,2021-09-11T15:42:40.543Z,2297.271972
1JvQWbxTCuoEbWWrHYzCGBdtdjsL47TzxB,200000000,1,2021-09-11T15:42:21.372Z,1155.005982
1JXGCoqkVmJpULMxfAAdGczBPWQZFNcfn6,400000000,1,2021-09-11T15:42:21.403Z,2302.52002
1JXkMAtMBCG3p4M8s4f7hsSSMadBg2TBfc,1009602,21,2021-09-11T15:42:21.416Z,129.42244984669307
1Jxro5hnCSmJ9WiPXwTj1dFpb5RVL9abEN,50000000,2,2021-09-11T15:42:21.436Z,207.4302196027
1JVXuew2Tcro8GoSaLniL8JvHPNWtUmedK,200000000,1,2021-09-11T15:42:21.472Z,1155.005982
1K3ShU94hF15ovnDQ5XDqjcYDS4MK2Thz4,75000000,1,2021-09-11T15:42:40.621Z,317.80050675
1K5CetYDSN3KzzaAq7w9ahmaABZhQXe6Ta,50000000,1,2021-09-11T15:42:40.635Z,223.9880065
1JWpdwKJexDJiwm6scSucua4k5eerCuNvi,200000000,1,2021-09-11T15:42:21.558Z,1150.08606
1JVNFXYiuA7T8FMX7ePXfwpScMtLxktQFP,150000000,1,2021-09-11T15:42:21.571Z,625.0935059999999
1K6quaFg8USW3RG9CMHn1sjYscwdfdNDNU,300000000,1,2021-09-11T15:42:40.709Z,1249.547973
1K4PhXUMt4qEJRvhi925pMkQJ2JebLEJnv,50000000,1,2021-09-11T15:42:40.722Z,208.4149935
1JX7WRfBWG4Je4eo6C7xScQG6PX3mcYGf5,410000000,1,2021-09-11T15:42:21.587Z,1738.5229958999998
1JxxwMZqYU8VbLu4RwWqhn5q1z9FFya1zq,400000000,1,2021-09-11T15:42:21.603Z,2597.43994
1K8Ts7mu9vydYfoqh3nvsKjGNgqyCcyS7g,150000000,1,2021-09-11T15:42:40.750Z,935.965485
1K1W1ySoZjBRKBYqLaSSRvYd7mWusJvrge,300000000,1,2021-09-11T15:42:40.776Z,1273.632018
1JVxUF2qFvcWAghkUZmnTzE1S7V8b8LXRA,100000000,1,2021-09-11T15:42:21.661Z,423.412994
1K6aFfzMzReVvC8ZQwwmN1BQuMiy2dzpgk,2975821,2,2021-09-11T15:42:40.803Z,39.101812046705675
1K4UUqnnq9R2vUufoDECegokgdGfBNjYRj,300090000,2,2021-09-11T15:42:40.827Z,1789.4305901766
1K2cjmNpcMYkRpkZZ6sAgBg8xy6FTAxdYm,300000000,1,2021-09-11T15:42:40.843Z,1827.7230840000002
1JZGXjjcq2TgswT7herBmP2xLYjD73sbuZ,200000000,1,2021-09-11T15:42:21.681Z,1218.482056
1JZswdDCZFkaJ5GrnnCdn5vwZBzMyjpU88,50000000,1,2021-09-11T15:42:21.720Z,210.310501
1JyB18hzjEJjx6hkF4Uj1CfmmMHdVWyFLV,100159700,1,2021-09-11T15:42:21.761Z,421.45699765138806
1KA91ZvZ8s6pseteEWkA5kPM7CM1a2xbre,300000000,1,2021-09-11T15:42:40.908Z,1261.046997
1JZTqCHzjqtg6P9BXWBLczvERiKVURMQet,250000000,1,2021-09-11T15:42:40.923Z,1693.327485
1K1bqapx9fqoUQFt3gAi3YwaGs5G1nwfeg,14999952668,36,2021-09-11T15:42:40.937Z,787467.9703979912
1K1gyUVExn8qE4DkP1MzXN9JPinfTXj2Lt,200000000,1,2021-09-11T15:42:40.962Z,1316.156006
1K69Gdc4CRWR2MYcYj8ha2jDpaG97Edy2H,75000000,1,2021-09-11T15:42:40.992Z,337.068741
1KaT2J89B6SYJyZLsiu41obDbdZxHx4EWE,250000000,1,2021-09-11T15:42:41.005Z,1469.5025624999998
1JzKyzxf22ijctWKywj9zM8e8gtHCtnv5Y,50000000,1,2021-09-11T15:42:21.830Z,210.451996
1Jzh3sqVRMJjhPYbbK8m84aqjqjykWXoL4,9908552,7,2021-09-11T15:42:21.844Z,414.1817252605777
1K1eXXQJxkr8dPsCa9bormHQJMgAF78PLy,510000000,1,2021-09-11T15:42:41.018Z,2185.8141152999997
1JZbVbuS4f7eVx8WgvEGDTUXY8g4Uqq3iQ,50000000,1,2021-09-11T15:42:21.872Z,311.4305115
1Jwo3SKjx3WqxUK5ZdQ7JXxSz7vwEzgAyv,410000000,1,2021-09-11T15:42:21.904Z,1887.9803081999999
1K5GptUUsn7KobSMUKmTicesk1bPv9Shrz,410000000,1,2021-09-11T15:42:41.057Z,1707.2154491999997
1JVK5kVhudbCgiJgKUYMXytNWuzEMGgRLv,400000000,1,2021-09-11T15:42:21.932Z,1672.16394
1K4YtkJENYJx28SmMEtg3wLwKZRtFiTedj,200000000,1,2021-09-11T15:42:41.085Z,1345.728028
1K9BvxNyD2j5FccU8GoF65i8oLmiad21iF,200000000,1,2021-09-11T15:42:41.101Z,828.642028
1K32fFtdvq5Qkd2rESZ9WXkHXWWwphoxPT,50000000,1,2021-09-11T15:42:41.116Z,204.774002
1K2KEyPhQ6JmvkQimHEsKff3KojMgUKbhv,510000000,1,2021-09-11T15:42:41.131Z,2343.9752847
1JZQSWME252PicvtRGBC44CNVCndg7yrUk,300000000,1,2021-09-11T15:42:21.979Z,1244.44803
1JYfjPXh23qQqgTR53R3WC7sgVZxcwMTvm,410000000,2,2021-09-11T15:42:21.993Z,1713.9680385
1JYHFxnGHwiKFrqwr8rLbn9Grv3oS2pHWH,50000000,1,2021-09-11T15:42:22.007Z,216.076004
1jY1BXQNEje3M4d4F9EqYNqByfEHA7Lko,400000000,1,2021-09-11T15:42:22.020Z,1672.355956
1JZkPYKWYz5erdJQtwA7ufk5azPm1HG2G3,50000000,1,2021-09-11T15:42:22.063Z,204.774002
1JYzdgU77BsRS7LNvgc24JT1UGZYXdc45r,100000000,1,2021-09-11T15:42:22.077Z,414.81601
1KAJURdL6dTUp2cM4fS8gmhUEnU5LN2gqD,200000000,3,2021-09-11T15:42:41.147Z,1150.08606
1Jwm1zME7Vy7FGP3JPJTm6zXT6HJfaLwBY,200000000,1,2021-09-11T15:42:22.147Z,1073.839966
1K1psc5gCokpJCnV8b9VBtTQaPXVByTFHk,300000000,2,2021-09-11T15:42:41.227Z,1228.644012
1K2yWeC1czf75mBi4596THShCFnLtCMnxW,1000002,12,2021-09-11T15:42:41.243Z,50.94538261056144
1JYYghuv2sthSiaZq1qsGXZ15toV6EdEw7,50000000,1,2021-09-11T15:42:22.209Z,211.994507
1JzSWLmX21KXqr2bLSHG9YgadVrs9M6z3Z,50000000,1,2021-09-11T15:42:41.275Z,208.505493
1JwQsRUg6PbcSLufmvD2bPZc5vZERtf3Wz,1000099,27,2021-09-11T15:42:22.226Z,165.292271234983
1K7B3wPnnmbZLdHTm2CSwyU2YRkwYncHoD,400000000,1,2021-09-11T15:42:41.292Z,2691.456056
1KJKzKLSW7JeJFgJPF82PA85LmxW823dAk,300000000,1,2021-09-11T15:42:59.135Z,1824.1290900000001
1KK2tceN7nqqbVAfGqEd15RCbNYoxooMZC,100000000,1,2021-09-11T15:42:59.148Z,432.519012
1KbXX2ZdgS58XfVJu2T6ghreMtkQgqVKPx,400000000,1,2021-09-11T15:42:39.688Z,1740.491944
1KFdUwHBhGRYxBHwyqtXgruVA7yhWaPmWG,300000000,1,2021-09-11T15:42:39.713Z,1249.182036
1KfFkLAMbVHdZhJhEencGx4We4rRvpuCoh,200000000,1,2021-09-11T15:42:39.731Z,1218.45398
1KdKfeZe3JYSL7Vj2SvhTbNN5kATUJf4iF,200000000,1,2021-09-11T15:42:39.752Z,1148.635986
1KKo2c6YaennfXn4GnoAXV5JLZLiLUix35,100000000,1,2021-09-11T15:42:59.231Z,407.488007
1KcwFwjd1LCA81WkD9u9LqwafZgDDZbmxY,100000000,1,2021-09-11T15:42:39.801Z,417.177002
1KBNgfduCk8aeBJY1rdNzoKYL4a6rtQR6D,1015515,15,2021-09-11T15:42:39.839Z,69.25086023982298
1KKYDFx55PgRdGCvZrpL2qMiTdetm4vFy8,400000000,1,2021-09-11T15:42:59.305Z,2441.743896
1KHBzBXzx82yqRp4nt9rd6aLtCxXZFv93v,100000000,1,2021-09-11T15:42:59.333Z,432.152008
1KfCjYxxCFShCkLkM7bqvhthoxkS3SVq6P,50000000,1,2021-09-11T15:42:39.890Z,210.310501
1kjChGRePEJtKAim4Ebvrc3mwk1QrEq8h,300000000,2,2021-09-11T15:42:59.366Z,1821.465087
1KcWq3bgVajvhrG3HmmLoE64TU9rYUKvx5,1005935,14,2021-09-11T15:42:39.922Z,92.32254570532699
1KhgUNNDcKFmCAgNFSPdiUk3ceKKEkzo8y,150000000,1,2021-09-11T15:42:59.399Z,861.4769895
1KcZZ2Mi7cVSHSZzC7t98qksUcxi9sJvcK,300000000,1,2021-09-11T15:42:39.996Z,1254.1229549999998
1KEiWiP7YrWZcyULJgxwxa4FcZ6vzeyqfd,300000000,1,2021-09-11T15:42:40.015Z,1249.547973
1KhYxWq9r9EVkiLnLqd1wPACi6xeCaNf8C,400000000,1,2021-09-11T15:42:59.474Z,2318.604004
1kJTyPQ8jPDCvpt2MpnA8R8viLKAGQqyT,1000915,52,2021-09-11T15:42:59.489Z,215.1162951139306
1KeEF2jx4bTMGRgbYZsGkzHRudH2r5o1Dh,410000000,1,2021-09-11T15:42:40.069Z,1739.3470508
1KhkSmurAYrsWLB8yFnbZcY3JGKLixcswg,200000000,1,2021-09-11T15:42:59.520Z,1247.95398
1KHCB8MzyC6AT94swfMqnjwssCA4vERdUn,400000000,1,2021-09-11T15:42:59.550Z,2658.2041
1KJKc3du5dWTdeE5E2bbTirVZRxP9DBNhR,300009358,2,2021-09-11T15:42:59.567Z,1347.07497644807
1Kbxu2kEx4ye64VpVtwcBn2h4VwLT641v5,410000000,1,2021-09-11T15:42:40.083Z,1725.7063672
1Khx2q46HZNBNaY4NFhgEZJ5ByD7Ysvw9r,20000,2,2021-09-11T15:42:59.596Z,0.0832788024
1KJjiq8aSRJfLcvhn1yegPXQ3U3PR93HWV,100000000,1,2021-09-11T15:42:59.611Z,414.81601
1Kbq21V6mxPgumbR5RLMRgJgFrJXNnt9TK,200000000,1,2021-09-11T15:42:40.101Z,1229.088012
1KctoXFvpMSPkdxn5BTrYJCrLJDEUFDky2,200000000,1,2021-09-11T15:42:40.129Z,1358.917968
1KJRViPtk6WttXZw9HohPoumvnajeq5Zis,410000000,1,2021-09-11T15:42:59.626Z,1713.9680384999997
1KkA3wQUpyV9qZwNL3ufvMcvNh4Vmgnbjn,50000000,2,2021-09-11T15:42:59.642Z,210.367996
1KKQFiM39Misgp9J7oWcr3xuu9nki2ybDb,250000000,1,2021-09-11T15:42:59.675Z,1619.1474925
1KHrnJyakskuoBgQT3svpHeMzQJ8tv2ZnY,413900000,1,2021-09-11T15:42:59.702Z,1873.8411795830002
1KgvpDDQnjQXykMP1wg4RqNMLipbWUgMGJ,410000000,1,2021-09-11T15:42:59.716Z,1879.9976450999998
1Kb371JtWcUENVa5udAU63LCoTPongkWez,50000000,1,2021-09-11T15:42:40.151Z,208.505493
1KBXELTdHFiArdySCZ9UFW55BLkrcmSyBD,200000000,1,2021-09-11T15:42:40.208Z,1156.578002
1KJRCU6mDD8DkWts1PCYoqPSV55wrucBSm,550000000,1,2021-09-11T15:42:59.745Z,3665.876555
1KkPpCCAQ82M2coz1RuAuU91JdNvukPCe8,10000,1,2021-09-11T15:42:59.790Z,0.05813079830000001
1KcaoNzr3nRKPj4z1aoSSbb1DAt58kHTz,100000000,1,2021-09-11T15:42:40.324Z,416.321991
1KjfymeevdYZf8ovr6XzSXvCxqpjb6fdzy,200000000,1,2021-09-11T15:42:59.844Z,1150.08606
1Kk1hp5xuz1sUhWUvTsju2WVXJVpPTuY1A,150000000,1,2021-09-11T15:42:59.879Z,636.0449985
1KfywNAkCPsK1Rb6nHFpg1xqdX51x59ZQZ,400000000,1,2021-09-11T15:42:59.893Z,2440.815916
1KhJHwofADScF5k9jRehHZTkrSCErFBLaV,300000000,1,2021-09-11T15:42:59.906Z,1817.078979
1KdxBTQ2GuAstqWSxQ7SRMmDXz94x4eEKE,300000000,2,2021-09-11T15:42:40.366Z,1245.87444039
1KHcJ2e7UaWPg1iim7WyfaNQvpmmoCXvxw,410000000,1,2021-09-11T15:42:59.919Z,1708.5889163999998
1KfDVfZBpwhxX8X5QpB3exgVnNUzsvK7nY,150000000,1,2021-09-11T15:42:40.382Z,671.9640195000001
1KdcD1aAUyPTZ2rneb478tHAL9P1HrifmF,550000000,1,2021-09-11T15:42:40.400Z,3358.7621155
1Kji8VuWdb9jyYCwJ9Ds7yHhkT64uDHahK,150000000,1,2021-09-11T15:42:59.963Z,671.9640195000001
1KF485kxTUVVxcTnyr7wKJnqkMWp6p8bu2,300000000,1,2021-09-11T15:42:40.434Z,1839.062988
1KAWAv8fwfxeERojUu7nornCBoYoJRaZni,1040178,1,2021-09-11T15:42:40.450Z,6.376509535772879
1KCqbtp51hSU25MZD1PWe8P8xpbQM4LXva,410000000,1,2021-09-11T15:42:40.500Z,1708.5889163999998
1KeKPLfpRXPzHU2Beh2vkdBkwQrNqUU2oW,400000000,1,2021-09-11T15:42:40.514Z,2276.77588
1KfX51eQ4PJu1crNCJS4x9jSJHw2gQGDQz,4134409,6,2021-09-11T15:42:59.992Z,142.46792874726822
1KkXF34FbtFiAiaG4Hv5zNJM4KWUpNVgRy,50000000,1,2021-09-11T15:43:00.008Z,204.774002
1KEwYcokwqFn33mMU5V2enemZgpavUb86n,20000,1,2021-09-11T15:42:40.558Z,0.08468259880000001
1Kb9fTafgB11c7PNCH1q14Uh89NCCc5PLT,1001802,25,2021-09-11T15:42:40.571Z,112.77885844569299
1Kf4iKkKbJnfcDAYTJJv6B6ct9gTB2Uk3V,50000000,1,2021-09-11T15:42:40.593Z,218.873993
1KFVWhnFrmWPcnjVZFVWKfcGhzwyNMuUFw,100000000,1,2021-09-11T15:42:40.607Z,417.959991
1KjNL67t2n6h2yYEPEJzcHPmPcVuYug3ek,100000000,1,2021-09-11T15:43:00.025Z,416.321991
1KDXeMn497NFe7cuZZYhkvp77H9gDSMvYU,300000000,1,2021-09-11T15:42:40.648Z,1296.456024
1Kk1apz48P3esS1fUw8Jb3jscPhvyJ4SiQ,300000000,1,2021-09-11T15:43:00.053Z,1743.923949
1KD7kPAdtHWdAy9kvSvm8wyCPwqTe4sjgY,50000000,1,2021-09-11T15:42:40.663Z,208.505493
1KeUwMbz9AkvgAQJ9E38rJEekLxrHA9nfB,450000000,1,2021-09-11T15:42:40.678Z,2736.193635
1KFRRbngRYBTzPPsaSEqqVMCgwzNEzgJZi,50000000,1,2021-09-11T15:42:40.694Z,211.186493
1KGhiRzwXvegqw6Dzw4h6uVUXjf7oGMzWY,100000000,1,2021-09-11T15:43:00.113Z,622.861023
1Kb2WHQhtEeWgLoH2PxekLMTJ4sLP6RgP9,100000000,1,2021-09-11T15:42:40.736Z,416.394012
1KBXY6ydcwey4J4YNcXJuYcyJJUFDapy6U,300000000,1,2021-09-11T15:42:40.761Z,1239.921021
1KDzVQrNqW3LshzyzMP9L5CLYTjsetCQQL,424557426,2,2021-09-11T15:42:40.789Z,1819.614930404383
1Kh4quemdTvvWix2dFGBmVMDcmpHEd8WmK,410000000,1,2021-09-11T15:43:00.145Z,1735.9932754
1KdacnHnnX5TMW8Bdcbaa31eBqDvmLv3A1,411254094,2,2021-09-11T15:42:40.815Z,1730.8810494184954
1Kiqck2bmJhH2yMj2BxF2nAkomxNggbV6t,2846043,1,2021-09-11T15:43:00.162Z,12.71389978355355
1KF5JHePcsKkpj6pFpz1AKEvh4yW2yLirB,100000000,1,2021-09-11T15:42:40.858Z,416.394012
1KehEQk7H5Xcjsn3PeeMehAN8tTry2bzgY,50000000,1,2021-09-11T15:42:40.875Z,203.7440035
1KFL3QkaVayPH2o9bzzNuJ8FtmmJUBuJLp,300000000,1,2021-09-11T15:42:40.892Z,1824.1290900000001
1KDVb1Xo6As9fBz3T3aP8ixDWSUZFnKHXN,50000000,1,2021-09-11T15:42:40.976Z,218.8484955
1KGaHYNDUeyERSdMLYxnrHQ6gDLLPqZizu,200000000,1,2021-09-11T15:43:00.200Z,1316.156006
1KfPmBkYoVQA6CFjg1Nu9Qzvq4Wo9pcAA6,510000000,1,2021-09-11T15:42:41.032Z,2132.0090235
1Kjfy7zBX2tCvs7WBghw3KhAhHHn1vAERM,400000000,1,2021-09-11T15:43:00.240Z,2602.476076
1KCRJXC34dkZ2Zh961fiN8E9uxjksq6khP,50000000,1,2021-09-11T15:42:41.044Z,204.774002
1KHWcz7F1m8v6vj4jyF9Y5CZhQB61q5FeD,100000000,1,2021-09-11T15:43:00.267Z,424.230988
1Kdus8GnnSUqU7j4bhkbWFZNksMgJzwRJi,410000000,1,2021-09-11T15:42:41.071Z,1708.5889163999998
1KGkzSVaW2VFbb39dwUgozAc89VvdKzqDr,100000000,1,2021-09-11T15:43:00.279Z,417.945007
1KJ4krW5FhKBB3uqQKPyA7BSnZ3wdfkrZy,400000000,1,2021-09-11T15:43:00.293Z,1686.760008
1Kgtkvs8h7M9Y46QcFLkeGxbk75gUNcoBX,75000000,1,2021-09-11T15:43:00.307Z,318.21150975
1KG7Giav1zm79oWEkt8c1ofoQrruP2hUBW,100000000,1,2021-09-11T15:43:00.322Z,416.321991
1KHSoYapmUZjz5NpH8rB8RtGho5pEebwpk,150000000,1,2021-09-11T15:43:00.335Z,635.119491
1KcG3o1gyHv2uhwcE5LdnoVENLn2gxyLN1,100000000,1,2021-09-11T15:42:41.167Z,437.696991
1KDGhLuuqboRy3F2Ydn9a7MewT8b4He7vx,300000000,1,2021-09-11T15:42:41.184Z,1841.9489130000002
1Kh7PJTtp35iqYots3MDBiQNNeFSu4ZmUi,300000000,1,2021-09-11T15:43:00.366Z,1244.44803
1KiNW9W1TcGMzRZ6BPsQ1ouGN57tEMRc4m,100000000,1,2021-09-11T15:43:00.380Z,424.230988
1Kf2feCF8impkUFnSLYqF5fBQpNKRQkAqS,400000000,1,2021-09-11T15:42:41.198Z,2301.88794
1KhBFzQsoSGvwPMfBRvEkWSDiLhGx9gKZn,410000000,1,2021-09-11T15:43:00.410Z,1710.4257082
1KcfhU6ASi8qeYsi9t7LkFbjwd4q2gbzcJ,250030000,2,2021-09-11T15:42:41.213Z,1467.0585033973
1KGsQFDUaLuDMyn855Rxttu3UdLf2Goy8P,200000000,1,2021-09-11T15:43:00.423Z,1166.829956
1KiDRZL3KHPVQWrzjPnfbsk6ahCU5VecM4,1001679,5,2021-09-11T15:43:00.436Z,20.775624304039496
1KBbUHpiS4YGKPGN5yq42LT8E8rJ92z4yJ,200000000,1,2021-09-11T15:42:41.260Z,1331.369996
1KHpxLSUQU7MN7MLddgpNS9XWR7m9xqx3J,150000000,1,2021-09-11T15:43:00.471Z,630.5234985
1Kg49EDarEwuMbJ7NzNLYUZgFQ5qPxoNTw,410000000,1,2021-09-11T15:43:00.544Z,1735.9932754
1KJ2C3U8PD1va3BuUoxKjk2qbtU1vth1oY,200990000,2,2021-09-11T15:43:00.558Z,840.0577859109
1KidPvazjc6sLEM2b3WWMxw3tbGC2kvXFt,250000000,1,2021-09-11T15:43:00.584Z,1636.170045
1Kk6sekoyZhpjVXXVE4idycDgEPVeu1icd,50000000,1,2021-09-11T15:43:00.611Z,211.186493
1KTGFbcReAgpzyTdpNK9Homu9nwhfjCUMq,100000000,1,2021-09-11T15:43:18.444Z,437.164001
1KrXdecUiUmEWuL4bvvjMeZBzzqwyL9Dow,250000000,1,2021-09-11T15:43:18.505Z,1480.2575675
1KNG5sgHZGLF6pChU46XR3cJEBtHD8uPnq,75000000,1,2021-09-11T15:42:59.167Z,349.56674175
1KMNnHgvEx9oXwa7cgbnNhBJ5QttViFuRW,150000000,2,2021-09-11T15:42:59.183Z,635.3645015
1KN42RbA8UZszFJYpVjaoLkkXN1HJgDftE,410000000,1,2021-09-11T15:42:59.201Z,1880.0468164
1KPHhHqQZ9Yv2yqEU4X666cZCGMso83mia,150000000,1,2021-09-11T15:42:59.215Z,667.003509
1Kr2CHBNHFjE7V4vGiDYryEmx2ux4kb5ge,100000000,1,2021-09-11T15:43:18.529Z,422.372986
1Kq4RwrSSSoiXXTA9PHtx6u9rAFMtUYXu,300000000,1,2021-09-11T15:42:59.248Z,1228.644012
1Ks5hVz1jRXz19RBT2iW2wzSer6tS2D1EP,100000000,1,2021-09-11T15:43:18.545Z,417.177002
1KqY7V2geHBp9AjbAzfjo87CKGgRwHHUuK,100000000,1,2021-09-11T15:42:59.262Z,416.321991
1KtoKjyUHYpGzYfbzeFyZ9Q55vSxMsbtWo,50000000,1,2021-09-11T15:43:18.557Z,210.310501
1KLDFEMNam16UiAMk9zwU2xNN9Ef8mcppr,100000000,1,2021-09-11T15:42:59.275Z,418.040985
1KNyyz3Ecttojfxu58LMh7ALMfMwUaPvtY,250000000,1,2021-09-11T15:42:59.292Z,1437.607575
1Ks5j89CvHNbZJ5DgL6PugM5dxQ2AAX31b,510000000,1,2021-09-11T15:43:18.655Z,2124.2315541
1Ks5EbjcNszGXFg11j5mUAgSf7GjXde2dF,150000000,1,2021-09-11T15:43:18.673Z,797.078979
1KNwqCUhp362o4rFFPnMdwHWf5FsZuJbjD,250000000,1,2021-09-11T15:42:59.319Z,1682.7650449999999
1KmtfzRuYHWwcdSS9W5P5cuGtDtGTGHrhs,200000000,1,2021-09-11T15:42:59.353Z,849.909974
1KtSw5YYJc4AzxWXhLAAbaChax2XLws8Ar,300000000,1,2021-09-11T15:43:18.709Z,1264.953003
1KspmY9wh71YrhXVFWNS8m4zMKoxex7EZZ,100100000,2,2021-09-11T15:43:18.724Z,421.173739986
1Kqqni5ndd6uKT7v86YX7DTZx7EgkmhMPy,400000000,1,2021-09-11T15:42:59.384Z,2632.312012
1KngcBrv1DYaRDnwrq7VjsD71TL8HMJJAb,250000000,1,2021-09-11T15:42:59.418Z,1636.170045
1Kpoy576SPmKuiCsEAdFNKnpAV9xdrHQKA,100000890,1,2021-09-11T15:42:59.430Z,422.37674511957545
1KoAN17feyNbrdH6i8mVYG1iMZrKkGDfRS,400000000,1,2021-09-11T15:42:59.448Z,1685.776
1KU7sVswcmo81Vm7HbmcRwxZQ5fzNf43vD,400000000,1,2021-09-11T15:43:18.806Z,1653.228028
1KRZaGqeB2EX6QtVX5uSdc1jDWDnnaTXix,400000000,1,2021-09-11T15:43:18.822Z,2135.456056
1KUDmooHjbUQ2JBjN9Jfurn4vKBVsMbjtM,50000000,1,2021-09-11T15:43:18.853Z,210.310501
1KNp2cWtPJuyHK4CbGiKZwQ3iShSb3WAp2,100000000,1,2021-09-11T15:42:59.460Z,422.372986
1KSdR13E7fmuV5fVempetP7nijAuT9D4Kt,100000000,1,2021-09-11T15:43:18.869Z,416.394012
1KpSHeHRy4Xcr9E629fNsBK9jdfKchJS1o,400000000,1,2021-09-11T15:42:59.534Z,2621.100096
1KLeeNY5vXXsaQDriQiAdG58vDvynabDND,150000000,1,2021-09-11T15:42:59.583Z,679.0919955
1Ku4XKeVt7HpjiDc3d5KWKKniaZBYSLyzM,402480000,2,2021-09-11T15:43:18.914Z,1648.3488064991998
1KTEpXCxnUyjnCyKDrADziR75bV3LijPgq,100000000,1,2021-09-11T15:43:18.931Z,416.515991
1KLKvuNiL6GrmnMVGrXSRstMG7HQQt33c6,400000000,1,2021-09-11T15:42:59.656Z,2147.679932
1KsMU3pDxhxTPqQPajAKzkdeT5ruxfg5ih,50000000,1,2021-09-11T15:43:18.961Z,205.222
1KopgPZsyU7ENHmXgWj4Ao1w34AefQRa5M,150000000,1,2021-09-11T15:42:59.689Z,642.8865045
1KSUv2kfRev4Ed3TyuSGmPaG73iHdtq4X8,400000000,1,2021-09-11T15:43:18.977Z,2342.147948
1KN7tu6FaFHMH2xcMrWbih23inVqHwhPUg,100000000,1,2021-09-11T15:42:59.732Z,420.735992
1KuH6oLBVCetpoWVTw2wwSJcs3d22TqnRk,50000000,2,2021-09-11T15:43:19.009Z,219.399002
1KtdaifBDBqe6QjuVvq9xY87MCBzwfgidC,410000000,1,2021-09-11T15:43:19.025Z,1865.8976384999999
1KniQERPGLwPDGqm3n6EqtwSLrNEjepJri,4178615,1,2021-09-11T15:42:59.758Z,18.78701121206385
1Kp5RiXesViyxEP6qNzdz2713xkiCmtzfF,100000000,1,2021-09-11T15:42:59.775Z,422.372986
1KTFAWixd4JycK9i3NKh2i96W6CzU7oRoR,410000000,1,2021-09-11T15:43:19.054Z,1728.4123794999998
1KRN8FubZpfgSpt1AScF98YtdnMCwQ7CSD,100000000,1,2021-09-11T15:43:19.068Z,414.81601
1KmJ2V8RAWiT8KotTRZEqxuSN4ks5VCanC,50000000,1,2021-09-11T15:42:59.804Z,210.392502
1Kqu2ab8wzusw6AwhG32s7cdmk1ukYj67Q,1083478,3,2021-09-11T15:42:59.818Z,14.45425783163208
1KQMz6VEaaYtjP66B3bsiwd5kg4LrKn6Lm,100000000,1,2021-09-11T15:42:59.829Z,622.861023
1KT2ByCyP91inqozh7fmorrJ11Zcsy4abg,400000000,1,2021-09-11T15:43:19.156Z,2411.36792
1KUqgCmBf6dhtpmXsLLzoNvMX6Kr95Dm8X,100000000,1,2021-09-11T15:43:19.195Z,432.152008
1Kn4ukwmKZi8zup65MTvCExsWmSMWVXJRf,1001201,29,2021-09-11T15:42:59.860Z,122.42564711713824
1Ks25EqXQ8A26TLjo9X55PMFxiMsQs2jTo,200000000,1,2021-09-11T15:43:19.226Z,1252.631958
1KTtxD32yAMzHsEJqE7KvP2BU5Ujmpueth,200000000,1,2021-09-11T15:43:19.241Z,1144.605958
1KNXiU3B4MdrcHztjgz4zK1wx5JMav9V1n,300000000,2,2021-09-11T15:42:59.933Z,1244.44803
1KM2NnuSvmf13FVqaoLLDHadKgV2driqgj,400000000,1,2021-09-11T15:42:59.948Z,2342.352052
1KrJdxjAomdqVm78WqRHuRDw2tPe3ytjPk,400000000,1,2021-09-11T15:43:19.256Z,1819.063964
1KNZFemxqKqJr6YvjoSgsDgMKokcXVS42a,100000,1,2021-09-11T15:42:59.976Z,0.650619019
1KT2ZmzjiQ6k8NizNQVJwmw2qKtGcD8qdQ,510000000,1,2021-09-11T15:43:19.299Z,2284.6776663
1KTdwmNZ3G34TLJr2JvxpxNu6GQyqSjwVa,50000000,1,2021-09-11T15:43:19.375Z,209.0204925
1KssCK2RXVgesmMtpHENf253Gm6Riof2AC,251000000,1,2021-09-11T15:43:19.440Z,1629.89356235
1KR4QSGbTQDFZJQDvPGqMYvbJjU5hc5oFL,510000000,1,2021-09-11T15:43:19.455Z,2159.4062694
1KUMFquzY3dnfuGjceNvZenzDgGVokG5t9,1000773,27,2021-09-11T15:43:19.472Z,113.65545834932746
1KkzyRr85d4ESTTZ6WVfR3qq5Jan9uYRwp,100000000,1,2021-09-11T15:43:00.041Z,418.088989
1KrcFkLGFbZkD49zw3hoisZx6tQUxY7Lia,50000000,1,2021-09-11T15:43:19.491Z,208.505493
1KQWWGZXbAZ8463T9R85Mvpdw5tgVj6W4L,300000000,1,2021-09-11T15:43:00.068Z,1832.052063
1Kn9PhLK3P8rHgpcXjbsbxa7Y8x6eg1Cyd,100000000,1,2021-09-11T15:43:00.082Z,437.747986
1Krm6rAEvdZUucJ98p2EfTsVr4PnpKenAi,1000253,29,2021-09-11T15:43:19.508Z,122.24968134628001
1Kmty41ckXCHbin7Wyr3gS2pagmy8YHSzH,410000000,1,2021-09-11T15:43:00.100Z,1707.2154491999997
1KQgYxFwWGt3EbUNNCmJDJWXYZVpQmPhtx,304911300,4,2021-09-11T15:43:00.129Z,1857.644738608164
1KuJmR4kP2TRrSL2qY64ztJnkSty21BvTY,100000000,1,2021-09-11T15:43:19.588Z,418.040985
1KUHkRJjz9BY9NEMnEphVokCffvRcc5YGg,200000000,1,2021-09-11T15:43:19.635Z,1331.369996
1KTfqS8JUMZrn8AWcTEBaadNuVju9qL8pw,50000000,1,2021-09-11T15:43:19.674Z,210.310501
1KQZMrCS5aD1HC92ph3Q2a8HGaMguNC2XF,50000000,1,2021-09-11T15:43:19.689Z,219.399002
1Kn3PEGNaJxi4rN1FpZnem1pHqY6k3rte5,400000000,1,2021-09-11T15:43:00.175Z,2351.2041
1KMHub1QqeDi7YLnRAdmSfGTx2Qa8LZ76k,50000000,1,2021-09-11T15:43:00.188Z,208.505493
1KUnkKjidTw8nnVZtF6z3zH6zmj7b4K3wB,150000000,1,2021-09-11T15:43:19.702Z,909.249024
1KqDNa5w8YjDmTQ7YmrSatZszzkNNwtcym,400000000,1,2021-09-11T15:43:00.214Z,2320.728028
1Knaro8pmcQBdH4Zo8EfLCYEWbk3GSx1Fh,50000000,1,2021-09-11T15:43:00.227Z,210.310501
1KTFz4YjdAQrWuZX4R6yV5WL8TdgTpxa8T,50000000,1,2021-09-11T15:43:19.717Z,210.845001
1KnxAxjc7ce5xmYHnNYgY5KoN4p7gyi4eC,400000000,1,2021-09-11T15:43:00.253Z,2617.872072
1KtPALy1pCmsqpjbcJM5PRJfWw2UG2cKm6,50000000,1,2021-09-11T15:43:19.746Z,210.722
1KS4qZdB9iSRF5XrDoBpYT54dK6Uo4GTmV,100000000,1,2021-09-11T15:43:19.763Z,417.177002
1KqYQcZ72d5tLhvVStvxSc6CpMvcbUyrMn,510000000,2,2021-09-11T15:43:19.776Z,2162.5529948999997
1KREwZJb4NdEP1TNmwPj7myS4kc6adn9KP,1000061,3,2021-09-11T15:43:19.792Z,12.446558743772549
1Ku5jzTxX6juWTEgYCh1C51VPpReqRsvNc,510000000,1,2021-09-11T15:43:19.822Z,2124.2315541
1kU8Cbpk2xv9C9rGY1AeRGALU35G4f8g3,100000000,1,2021-09-11T15:43:19.838Z,665.012024
1KSJu2KRyPTL6XRdEewn1Uy3tdR9nfzFcF,410000000,1,2021-09-11T15:43:19.854Z,1713.6359630999998
1KmK4wgyanseaNUN4R1SRFrccVxZmyorhR,300000000,2,2021-09-11T15:43:00.350Z,1296.456024
1KTfJ76yPnfF1XNoUZGaAWKEjNkPWWys39,400000000,1,2021-09-11T15:43:19.867Z,1698.176024
1KLbc5VTHUd27nn1J29yCTYhnHS2RdDsrs,1001472,6,2021-09-11T15:43:00.396Z,26.30354106212352
1KrSxe75A2E8MhAR3d7DtiHFHa9afWUm7s,200000000,1,2021-09-11T15:43:19.912Z,1252.631958
1Kq5R6KhApqrMQKUbkant7gL2XGcFJjW2B,50000000,1,2021-09-11T15:43:00.453Z,305.217987
1KsHwjEPKbhQvV1gAqf4yh8g56u9eV8hGp,300000000,1,2021-09-11T15:43:19.927Z,1250.1870119999999
1KUiGz2xxS7kZiREqjMJCXLJrB9c6TLuXc,300000000,1,2021-09-11T15:43:19.943Z,1249.547973
1KLKT4p7HpB1B5PpwccztyZNjcPwxtDKZj,300000000,1,2021-09-11T15:43:00.485Z,1808.52594
1KQST52ihytJ5WiEScv9Vf9vd3DmDQ5vUc,510000000,1,2021-09-11T15:43:00.500Z,2132.2538439
1KpoAUKgYSjBgCKXBbSNUK6pWBsxeXoDAh,200000000,1,2021-09-11T15:43:00.516Z,1330.598022
1KoeeDJ9uR7GavEegF81gaCgyX78U5Wn9k,200000000,1,2021-09-11T15:43:00.529Z,1150.08606
1KPqtHEXJbTLLzkWRCK2m8xfVBN9rDKjNe,150000000,1,2021-09-11T15:43:00.571Z,680.0760045
1KSjMeSvzMXGQZkT388gqJd7MEudXovZNZ,200000000,1,2021-09-11T15:43:19.974Z,1326.51001
1KRgwtuaLX7zifABDWnL3hjPbZaY36X6ab,150000000,1,2021-09-11T15:43:20.006Z,625.0935059999999
1KQrmjafzgZNEVksVqdgd3eByfdfAVq1W5,400000000,1,2021-09-11T15:43:00.597Z,1646.495972
1L3kEqZZzhXcxn1Cq5YAaWyG5t2q8nn9eR,50980000,2,2021-09-11T15:43:37.580Z,210.7039121686
1Ky4nma2zLEBNqUD4q6LZeiWPK9FYcYJNr,200000000,1,2021-09-11T15:43:18.493Z,1313.984008
1L7xBY9uq22V3UHtEdPp3DCbWL45TYE6XW,300020000,3,2021-09-11T15:43:37.660Z,1254.3505847978001
1L8jUcLhBRRwV2cBv5UJugZCsT4oyk83c6,400000000,1,2021-09-11T15:43:37.674Z,2289.211916
1L8t81tYGLHtPMhPC4MT5LK4H3c3w3dtzo,1000015,11,2021-09-11T15:43:37.715Z,47.5778049763698
1L2ygtaGYWh1U8bduMi3KtdobmHT3rJbnS,510000000,1,2021-09-11T15:43:37.729Z,2320.9946234999998
1KwFB4UNPC4bBN4LWcnxYPNuBLhpxK4xLB,200000000,1,2021-09-11T15:43:18.517Z,1245.722046
1KYebWBhPByD8CJbqJEyPynKwCTCFb6fZb,5000000000,22,2021-09-11T15:43:18.575Z,456345.9834999999
1KvxVYWEs1FEWUKH8pDLM7X6hj4fu92bLB,300000000,1,2021-09-11T15:43:18.601Z,1971.8820179999998
1KXDtsAg4Usu6Hv2TA71rjzYipVMTkdBt7,300000000,1,2021-09-11T15:43:18.619Z,1726.890015
1KxvYUAwmJfnmcbahi1o79BEgdazLuYHQQ,300100000,1,2021-09-11T15:43:18.636Z,1828.332325028
1Kw8zY8pnFbxqsUSpBzJpRNWAnY19tHyYA,10000000000,20,2021-09-11T15:43:18.689Z,875393.982
1L5k9Rd2ERVvMVkhq4HuTWLp236iiGzT6A,149990000,1,2021-09-11T15:43:37.844Z,683.4594524987
1L8y84mTUrFtoCoVkiGUgD4LbjkD1ejiCa,100010000,2,2021-09-11T15:43:37.858Z,416.36362319910006
1L72MuvESscAHxP6K1Pr6XggNmH74DCLqQ,50000000,1,2021-09-11T15:43:37.874Z,206.6535035
1KxJbNGXToPrjAZLUZrr9evMoGvKHaRbgH,50000000,1,2021-09-11T15:43:18.742Z,204.774002
1KV5muzG7YZt5nVZjQerwmEgmn9BmESyCT,150000000,1,2021-09-11T15:43:18.756Z,682.6454775
1Kyrqk641TVjkQFqvpKxHdfBYoLDvjfcxX,300000000,1,2021-09-11T15:43:18.772Z,1836.3989880000001
1L6NkUnvyJ8ckL6zvVFMkRRgEDrTegBkRt,250000000,1,2021-09-11T15:43:37.904Z,1435.7949825
1KVYL6nV9DqrwWKpB3qhCp6A4fBL4GtdSg,300000000,1,2021-09-11T15:43:18.790Z,1723.890015
1L3CeEXVHdgPso7WJdfGwr9CLmZ9pRcZPf,250000000,1,2021-09-11T15:43:37.919Z,1480.2575675
1L8FA4RBCM3N2C4iyoWtaVmnC9fhHJMSDv,50000000,1,2021-09-11T15:43:37.930Z,208.505493
1L835o2JXwMdftcR9rBDQdgGrcs4ntJY9K,400000000,1,2021-09-11T15:43:37.949Z,1686.604004
1KYh9L4DNKH95PncSuak3MVVqDC18ijEMm,50000000,1,2021-09-11T15:43:18.838Z,211.186493
1L79oggrMGE3XAyHnLhbNg78zW6VGZDUm4,50000000,1,2021-09-11T15:43:37.961Z,208.505493
1KZU8mmEfqZcPtxRV6YsPHg8k2J4m4QUHd,50000000,1,2021-09-11T15:43:37.976Z,211.994507
1KyMgFFdVawFuRiZG8QARfvBLkmDNRf3oG,300000000,1,2021-09-11T15:43:18.884Z,1802.4779670000003
1L557z8pDbrdRpvF1TYoodrL6epHraP4cS,400000000,1,2021-09-11T15:43:38.012Z,2475.976076
1KXq6KRUgf1wtde9cnvnRADFqPZXBKuziw,200000000,1,2021-09-11T15:43:18.900Z,844.745972
1L6zQUtDN6VYsfw9xv5wBp24HCgm1UyLXg,510000000,1,2021-09-11T15:43:38.065Z,2286.4217642999997
1KWj75eSxAh9SucDoigEh9NMBBix8CrKXc,300000000,1,2021-09-11T15:43:18.946Z,1830.6119370000001
1L4ti2kwyYqyUdvqdLL2kNMtfyjWR2RyHg,200000000,1,2021-09-11T15:43:38.082Z,1321.534058
1KvwviRjgXJc38SUuvt22zQ1xKSFk1w5qd,50000000,1,2021-09-11T15:43:18.989Z,212.1410065
1KzHk4u2ZRrBHdMQTosDhiiCuAfawUA1rR,410000000,1,2021-09-11T15:43:19.041Z,1823.1429246
1L4PgP5n16WsX97LsMGoGtG9wycRbdhRKL,150000000,1,2021-09-11T15:43:38.129Z,682.6454775
1L159jjuQoRxXLDSFHzq3uZXyQg1ZKr6er,100000000,1,2021-09-11T15:43:38.143Z,432.519012
1L7ND1zQnCpzYa8JTWKi7frxxEbs8dmtZz,100000000,1,2021-09-11T15:43:38.156Z,418.040985
1KVyfubKUhibpzivPaNr9wGzjHajFaJhod,300000000,1,2021-09-11T15:43:19.081Z,1242.9630419999999
1KWYikLLbSVBXXTDmdGzzA2fpJWCijyqXN,100000890,1,2021-09-11T15:43:19.095Z,420.78874898653567
1Kw5YDKbRTNTLnDgYj7wZ1wwaqhL5G7Hwz,200000000,1,2021-09-11T15:43:19.109Z,1346.67395
1KzenP4YHe9iRUWft9Y15s8tJindqyWXWr,100000000,1,2021-09-11T15:43:19.126Z,417.177002
1L491fMneXR8JNdoCRHgyuTHtru4r6HZdP,550000000,1,2021-09-11T15:43:38.169Z,3425.7356265000003
1KwYqCfQRbpbqHwsbWjhy37FFX6iktKoA7,400000000,1,2021-09-11T15:43:19.143Z,2265.41992
1KVEpsSYksfe2XcrkSoH6ss6yMKbBT1EWj,300000000,1,2021-09-11T15:43:19.168Z,1830.6119370000001
1KYGJXpHawbh4oF6RgVthmeYTLBXvhNjDA,400000000,1,2021-09-11T15:43:19.182Z,1659.43994
1L4m7z1YYLCZZnfeHtiYmu4QDTvtdY8tnt,250000000,1,2021-09-11T15:43:38.230Z,1490.744935
1KyXPSN1TMUfhU1impMmk5mP1xVnnaJkd4,50000000,1,2021-09-11T15:43:19.211Z,204.774002
1L4DuwPG4z1XC6cKQWjj574zgjg5MTofai,50000000,1,2021-09-11T15:43:38.264Z,204.774002
1L8RaqYHuD9bSMTWnuD8w5zg9maRisDBSA,50000000,1,2021-09-11T15:43:38.280Z,210.310501
1L7ieDF5a5J13NV9ExCF4sRagiaeUoMtuK,400000000,1,2021-09-11T15:43:38.295Z,1740.491944
1L4fmYBwMVa27Sq5Qok8nM2tAg4GKnkiHh,410000000,1,2021-09-11T15:43:38.307Z,1700.745641
1KwNb1J5QBFa3CZt4yaLMQzReE9KpZRRAm,410000000,1,2021-09-11T15:43:19.270Z,1725.7063672
1KwZoET1RTYFGBSDGus1x7aPKo5zNbSZfG,500000000,1,2021-09-11T15:43:19.284Z,2069.859925
1L6qNA76ntWDmqmJaJMjpTtNZVP6u9SA1r,150000000,1,2021-09-11T15:43:38.357Z,687.8040165
1kvh7zVRrucjpEMso52Z66wKcoxUgbDSK,300000000,1,2021-09-11T15:43:19.314Z,1251.393036
1KvrSCsfgVjcqrwqEZeYe6Fwep9236Vnyp,50000000,1,2021-09-11T15:43:19.328Z,208.505493
1KYGesXZwsbN1BadzBsSqtV5uV7srikpoD,200000000,1,2021-09-11T15:43:19.340Z,1178.23999
1KXcP2tGf8egvqgTraUuojzZGDkqZnPYrU,400000000,1,2021-09-11T15:43:19.358Z,2693.3479
1L5yrY6a69y2zoDWr94CcytoBtD41Ykc54,50000000,1,2021-09-11T15:43:38.447Z,206.6535035
1L6nWjJRMGcKbeoUme1rQ1mp2c6zH3kVS9,100000000,1,2021-09-11T15:43:38.483Z,414.81601
1KUtzKHrUpWqHbDPzhnMqM7EA66NxAhE7q,410000000,2,2021-09-11T15:43:19.392Z,1707.2154492
1KUy1siEnrvaBeR1Xg6cZWwDJfpgd53FPK,50000000,1,2021-09-11T15:43:19.408Z,204.774002
1L86YJQkHXAfK7GWb48Sk3Yiiy2Q9SkJYN,50000000,1,2021-09-11T15:43:38.515Z,208.4149935
1KYDD3MramLjz5p1W5Z3QapKoV28V7V1yj,400000000,1,2021-09-11T15:43:19.426Z,1734.015992
1KzjUSf6D9xQhQqRmZgtix2LWJwLtDw35F,50000000,1,2021-09-11T15:43:38.548Z,205.222
1KuqGiWxsGFgiRaLaus47bKKNAPQ5oFnMN,150000000,1,2021-09-11T15:43:19.531Z,673.516479
1KxyeoWNEPzw5oF15FnrM2yU82G9b8w26a,100000000,1,2021-09-11T15:43:19.544Z,416.515991
1KYxZmDqtdMG89usvuqC8QyEbXxBL3mwVx,300000000,1,2021-09-11T15:43:19.562Z,1733.282958
1L6kvFCNMP9x2L6Ji7ysiT3jNczzbbQR4W,50000000,1,2021-09-11T15:43:38.564Z,206.6535035
1kx143AxD5HFmMvESi2Xj6pi7dgT41apr,100000000,1,2021-09-11T15:43:19.573Z,417.945007
1L7HUNSmHmGh6fL8VZRNtwuqwC3TyyNuE5,50000000,1,2021-09-11T15:43:38.594Z,210.310501
1L8odZd1vtsRnaaQbyQtEhBPXnibq7gdcn,400000000,1,2021-09-11T15:43:38.608Z,2309.756104
1L8hffXaiKAZW8jEj6dRYuNE2HnCBKKeL8,510000000,1,2021-09-11T15:43:38.640Z,2125.3179204
1KvFVpGntfWuVK12HR29bUwm631dq9wXhb,400000000,1,2021-09-11T15:43:19.602Z,1668.524048
1Kx9sF8RwDPTitGsbHriFP65KgiMiYwz9L,400000000,1,2021-09-11T15:43:19.619Z,1659.26404
1L679jjvtkC9Eopg9F7XyTkypBMFpheomj,200000000,1,2021-09-11T15:43:38.669Z,1346.67395
1KyQxuY6GTpZrSkwdED1XqryU8SegNXn7N,300000000,1,2021-09-11T15:43:19.647Z,1594.157958
1L31Unk4yqoseAUyxNhNXHfDfCmsrsYqy3,400000000,1,2021-09-11T15:43:38.730Z,2436.90796
1KuRESkf8kUkJdG9qH1j6N7RmbWjf7Y8az,400000000,1,2021-09-11T15:43:19.661Z,2617.872072
1L8Ksxr3zYXncLPzxFEHj2F8GZLhnJfPeD,200000000,2,2021-09-11T15:43:38.791Z,1229.088012
1L6BSachpAwYmE4inWe2jn2Rmx7JTWmm9s,400000000,1,2021-09-11T15:43:38.806Z,1728.608032
1L18pTfWVSJc1gEoctuysF8mgpXhjW3mc2,510000000,1,2021-09-11T15:43:38.823Z,2149.3644
1L9aFsVfYCT8scUu8bGoiXDagFa2K2FCsg,400000000,1,2021-09-11T15:43:38.851Z,1641.776
1L3xUx6BRtk5vXwJA9pNzz3dbvntXzFddu,250000000,1,2021-09-11T15:43:38.865Z,1662.53006
1KYQ7H1eZEBEdMA9kwpqtF1vHQigjirQaA,50030000,1,2021-09-11T15:43:19.732Z,212.2427632964
1L7BisPWjZQ7hvXiirDmgydc6zKtFPXANw,510482092,3,2021-09-11T15:43:38.937Z,2379.228385236641
1KVWCv8eQcx8uuQHFqhmk6iXme5oA8XKjt,300000000,1,2021-09-11T15:43:19.806Z,1824.936036
1L4owv3YSB46qJStTtpsBqGmKUuf1e6iEa,200000000,1,2021-09-11T15:43:38.951Z,1346.67395
1KzxAaL1WwMDJUx33sTq5P1woWdi3eLWVf,400000000,1,2021-09-11T15:43:38.964Z,1671.780028
1L967RLpRWKbYSvQREwu73EumQrmvpSXfZ,400000000,1,2021-09-11T15:43:38.977Z,1671.839964
1L8vgbXV2nVToFrjsfx7meDUc9aHUgitQ9,300000000,1,2021-09-11T15:43:38.994Z,1264.332
1KXyy5ASPtxykApkuKscd4PLDEUHGQKDSg,300000000,1,2021-09-11T15:43:19.882Z,1268.234985
1KyPBCxYMk9WAQDr8m259jcGPbaCL5Pbxw,400000000,1,2021-09-11T15:43:19.893Z,2691.456056
1L5JDT9RvUE6RwZ64KntW2CDamCCwEK2rq,150000000,1,2021-09-11T15:43:39.057Z,671.9640195000001
1L8tbbo9a8dCVm1esxFE1S3akhnbenUv4u,200000000,1,2021-09-11T15:43:39.073Z,1407.404052
1L3uTmC7L3qnUoJQFoyptoAG94P5YaaykG,410000000,1,2021-09-11T15:43:39.090Z,1708.5889163999998
1KxQLwiAaK2PyKTCnW3wZVSb4qYLCCVhSz,400000000,1,2021-09-11T15:43:19.957Z,1682.484008
1L5FXs3d5sexeMXYPAGsNwWHni9y29UzwE,300000000,1,2021-09-11T15:43:39.137Z,1807.875
1L5c4F8aTGL3xAYMofwmGYryM6P5V3GkfJ,700000000,2,2021-09-11T15:43:39.152Z,3112.683042
1Kz5wNNQsPmwGb9tFFaju5ZiAEXmEAGcrH,100000000,1,2021-09-11T15:43:19.988Z,423.412994
1Le8DSWm6p7GKH9AQe7bdypmHK827vULh2,100000000,1,2021-09-11T15:43:37.645Z,421.444
1LhPE27reeVMiJRRadWXMWn8814LZMAJFf,400000000,1,2021-09-11T15:43:56.595Z,2448.531984
1LbcGoxdoj6Zgq6jNkqkLPZCp84PQjsipW,100000000,1,2021-09-11T15:43:37.687Z,654.35199
1LbYivhxvaevTC2ow91hDEQWn4aNvToFFr,300000000,1,2021-09-11T15:43:37.702Z,1254.1229549999998
1LEkuBBjesMjRWSPaWgJ2KzMCk243rRVAx,400000000,1,2021-09-11T15:43:56.614Z,2311.043944
1LHTbtMApEu2LWYkZabZZY7C4QyM3rmtuE,400000000,1,2021-09-11T15:43:56.634Z,1666.916016
1LAqzy3budRA4B5moHbKGPDugqbQAJVMY7,300000000,1,2021-09-11T15:43:37.751Z,1791.446961
1LgRMm2QwdXnL4o5XXJrj37SVdFa6tmncE,50179008,2,2021-09-11T15:43:56.659Z,208.17262506194882
1LDrtwGPLLHkzmUWi54Y2p3ySZ5A2M4BZc,100000000,1,2021-09-11T15:43:37.763Z,417.177002
1LfHDhWy3sgfYAW3kLZkzCRzrW5h5cVV13,300000000,1,2021-09-11T15:43:56.679Z,1251.032958
1LBsTeYbcprzWB4UZ9ZjravZ3J4HrkHd8T,400000000,1,2021-09-11T15:43:37.783Z,2734.647948
1LdTZrzr5V9AnFmhTDYzYno71EpoodctU2,410000000,1,2021-09-11T15:43:37.801Z,1887.9803081999999
1LCoEmnUoTNgNnSeSHWM6eXCiF2dQEryEQ,300000000,1,2021-09-11T15:43:37.815Z,1831.307922
1Lh5FJXXZU8mLxVeKm4pqyC2qw5w3VuGRB,400000000,1,2021-09-11T15:43:56.713Z,1750.787964
1LDAJLFZPd3xoow2biTgowSQmgMywrLLYh,300000000,1,2021-09-11T15:43:37.830Z,1249.313964
1Lbmg9nTbQzQQZXtpeAkLsaSavCpUSiAes,50000000,1,2021-09-11T15:43:37.889Z,210.367996
1LEDTd7krgQzeBmDbhVNam34pafx6qnt38,150000000,1,2021-09-11T15:43:56.840Z,666.2324985
1LeNmNhC5m4f5gmYZZhBQwyx7Rg2DqRxzj,300020000,1,2021-09-11T15:43:56.882Z,1265.1543440004
1L9kq2tNW1PgTxAq4VYmWKEn4zBbQ6XVh8,150000000,1,2021-09-11T15:43:37.994Z,636.4230195
1LFhnYKsDSDy9awZAEK2BQTPffBE3qQbkW,400000000,1,2021-09-11T15:43:56.908Z,2666.09204
1LAd5WFkNu8rfd81CtjzmhVNYVoxj4i3Bs,400000000,1,2021-09-11T15:43:38.030Z,2289.211916
1LErJeCsHDwnmryPtKtAaj1ZS87Scd7VHK,1322396,5,2021-09-11T15:43:56.925Z,40.315555261203
1LFTtbq96Kzk2nZecu9qRg4tKtyejGPMV6,400000000,1,2021-09-11T15:43:56.940Z,2368.412108
1La814VPKdT1MPG5juuYefWvANdtXZagpx,250000000,1,2021-09-11T15:43:38.048Z,1635.879975
1LgkEFhXSnVuiwZ2bnhF8zunUq81BGhPFs,100000000,1,2021-09-11T15:43:56.985Z,418.040985
1LfwxDYTqjPkuazKU5GWFiupfpg2jNPqih,50000000,1,2021-09-11T15:43:57.017Z,210.310501
1Ldo68fBp12t2KjUGxg37oDtAxNmLkcAaF,102348768,2,2021-09-11T15:43:38.095Z,432.2935475358125
1LfidbCMED2ibwuup4UJgsDtmG1FCDUuvi,1289620,1,2021-09-11T15:43:57.049Z,8.267392997220199
1LegLVX1MM4UPoP4qxkrtcwnFpJk4pHYBH,400000000,1,2021-09-11T15:43:57.065Z,2318.604004
1LHYDxoERHUgyoTN3bdWajmRm1WwrWwBBq,400000000,1,2021-09-11T15:43:57.083Z,2468.483888
1LHwzFGRtSrKKmUpWfJ3PG7zxpLihL1K7F,700000000,1,2021-09-11T15:43:57.100Z,2897.803895
1LBd2Ddm9iYBBYvYGgb6wwJJVsujaHbcEY,400000000,2,2021-09-11T15:43:38.112Z,2505.263916
1LFFxVTmQ17mR52grrcZGMh9sceMXReqth,250000000,3,2021-09-11T15:43:57.120Z,1661.3775624999998
1LFmuhaSGDcez53dtHJT1N1UDxtynip8wA,50000000,1,2021-09-11T15:43:57.155Z,208.505493
1LHTAEJrHMMWvfmHxJUDy6TqFZpkmgUYSt,100000000,1,2021-09-11T15:43:57.184Z,407.488007
1LgLpmL7eMgdpzPkmsnM6aHJZ74qXozg32,250000000,1,2021-09-11T15:43:57.234Z,1666.307525
1LGabm3zU5Ri1xnJmEKK3Pm4GyfEtAmnVZ,3065710,1,2021-09-11T15:43:57.252Z,17.7866978067997
1LGMQRe5DeyVAE5rdVWYpYJHLGepTKZm8X,50000000,1,2021-09-11T15:43:57.268Z,205.222
1LgA22EFjLNRETMY1ZH2bQhqVZG6tgmZ4A,402980000,2,2021-09-11T15:43:57.289Z,2678.0077205449998
1LHAfAn764Ybpq8fxBURCzx8w6yXzFvHab,400000000,1,2021-09-11T15:43:57.306Z,2692.424072
1LhBEqiCRhAeodiAzDTwBXgSrKsZg8N8vk,50000000,1,2021-09-11T15:43:57.323Z,204.774002
1LhiUK1L7SMLGLPytUxrHmgo6JptR2jvX7,400000000,1,2021-09-11T15:43:57.340Z,1686.760008
1LbbvvXyZnoagFBbQDXpoyBzvGXnqeHDZM,200000000,1,2021-09-11T15:43:38.183Z,1247.017944
1Le8wdkrvqjs3JxCTyyTa52mVF9QRiAo4h,300000000,1,2021-09-11T15:43:38.196Z,1868.5830690000003
1LCiEdfdDKq2vqnWEgGSnA1hABKJeg6cN9,300000000,1,2021-09-11T15:43:38.213Z,1989.765015
1LG1kzBw62mb557zm6eEpU3Qov86cBVrvB,99990000,1,2021-09-11T15:43:57.395Z,437.7042112014
1LE46kgaC3FvMz12SojWLcNTDbnBLEciiN,150000000,1,2021-09-11T15:43:38.247Z,671.9640195000001
1LfKGhoRAmgdBsejdb5zHeSBd7wEEBnCue,1000296,12,2021-09-11T15:43:57.428Z,49.40950004423136
1LCVgxEnuGrsuqoVjoK7WywQ8sPkyz944r,300000000,1,2021-09-11T15:43:38.325Z,1923.2160629999998
1LB469c8QxjDTGxTz1vibRXfvohF3hMfBZ,450000000,1,2021-09-11T15:43:38.339Z,2602.3005045
1LG6GohzYB1XWS5FvZ2NeeCgYDDYaEr3fg,510000000,1,2021-09-11T15:43:57.464Z,2127.6027102
1L9oRz3Wbd2oL2F7Barig9mm7iwdsPNeJF,1533074,1,2021-09-11T15:43:38.371Z,7.145489107221861
1LCvoawTkyRpnFRwVX6FqdxqoS1cHpRSGM,400000000,1,2021-09-11T15:43:38.389Z,2709.323976
1LAj4UFzXRPyS4vsm6fwLG6aZDkXHX5dzh,100000000,1,2021-09-11T15:43:38.405Z,416.729004
1LFL7crKMfZqWKfccmgJtz9tt2MfLvPd77,400000000,1,2021-09-11T15:43:57.497Z,1696.923952
1LcZL3tWSEoUVHQVSSPvX8PTRGi5tpxi8K,300000000,1,2021-09-11T15:43:38.421Z,1228.644012
1LcPRPFSTRUc2BwUwV3C8yxY2JmGutDNLZ,50000000,1,2021-09-11T15:43:38.496Z,207.4299925
1L9sL2j398YAcsLdvJGNTHf1eMPtwEifL9,300000000,1,2021-09-11T15:43:38.534Z,1244.44803
1LEPZXYJvnR61kdHxt1TJXuG3Wc58C4x1e,200000000,1,2021-09-11T15:43:57.559Z,823.247986
1LH9MT7qKkqfK7ymrsbT4GDMEyFJ5AqRx7,100000000,1,2021-09-11T15:43:57.576Z,424.544006
1Lai1gh2CpRcnSXRb5fn7PwgPZ6t9VF8HM,100000000,1,2021-09-11T15:43:38.578Z,414.81601
1LDus9rBQ7d6h8F4C7K4rL8KQ4XUMcaFoq,50950000,1,2021-09-11T15:43:38.622Z,210.9187263575
1LG9NX9TVuVATF8p1t8eHMnMxHLpDmgwir,400000000,1,2021-09-11T15:43:57.628Z,1686.760008
1LGFoDBZBdwyCkBGovjb4MH9YqshMiKBdT,400000000,1,2021-09-11T15:43:57.677Z,2311.043944
1LaYQobJVdgXVHw2wWWV2oFLnPKFGPhzTL,100000000,1,2021-09-11T15:43:38.655Z,414.81601
1Lb7LBS9K2fbi5uLNpQyvKNPeqhGqR7y9,450000000,1,2021-09-11T15:43:38.682Z,2727.747072
1LfY91pmVw8qqGEcRw4e3A21gmkkd1nyZK,150000000,1,2021-09-11T15:43:57.708Z,682.1489865
1LhCntPjEbo1oqe1bMq9kXaYZgiC2BVnJM,500000000,1,2021-09-11T15:43:57.723Z,2845.9698500000004
1LFMFfSNoA2XkbyAK8ybSzDjPWHs1kdinW,400000000,1,2021-09-11T15:43:57.742Z,2426.360108
1LCLQjPDpsuFLbjELq7ggyV1owW4n3KYti,200000000,2,2021-09-11T15:43:38.699Z,834.0223185615359
1LDtyZB6Q6Mb6x2xFv2JyLebsjkMjCsPVY,200000000,2,2021-09-11T15:43:38.713Z,823.809998
1LFdVtCVfKUvuEAkWWN2q33A7kZtsRKQkF,15804889,1,2021-09-11T15:43:57.761Z,65.42781272034665
1LBmb3FJEbMULZUKNA5mHMb2xDUWxAZDJf,100000000,1,2021-09-11T15:43:38.743Z,422.372986
1LEzwXxuypkeoVSC5RyoJtdaKsiUDGV4HU,1097191,6,2021-09-11T15:43:57.799Z,38.67986818860066
1LAYdzRr3zHQ4QUMw9CuMMAr32uMkUz3XT,1006443,40,2021-09-11T15:43:38.763Z,176.2068290852051
1LHiS2bPLU27rCFoeoMM4HwyKWLQ716x7Z,50000000,1,2021-09-11T15:43:57.840Z,208.4149935
1LDgSrofPVPBDJtH4uMfsv7Ha9GBQaQGK3,200000000,1,2021-09-11T15:43:38.837Z,1279.78003
1LFcgPuFAWe6QwzpPDNYuv2dXrUi49Li57,1012759,1,2021-09-11T15:43:57.925Z,5.839537859316151
1LEjctgejQUJvaQCSxrHfck5VDrY79yRV6,410000000,2,2021-09-11T15:43:57.942Z,1831.5601385
1LHMdWT6bqo58pdaKmRDpTJ2Aa2B8DxkYY,300000000,1,2021-09-11T15:43:57.958Z,1355.625
1LiEWmXwjN2NgNLFycCmh3eBuStS54QUZJ,100000000,1,2021-09-11T15:43:57.990Z,438.798004
1LfrBKXFuSWGxRs4hmmUtWEy3nEgC758SN,410000000,1,2021-09-11T15:43:58.008Z,1739.5562533
1LbQLBjPmcazWEk8opE2c9Cgqq6UUxToyK,300000000,1,2021-09-11T15:43:38.879Z,1228.644012
1LAxybrCgyTXByxuoMmZ9FvzhMJAFLJ3cw,410000000,1,2021-09-11T15:43:38.896Z,1846.2463426
1LaSoRLg5AYs29m3L8jiUBbmtpyjFhxV8D,150000000,1,2021-09-11T15:43:38.911Z,635.6010135
1LdapDgSdhgXSsRLsmguWr6wYLEuGFK1Gf,510000000,1,2021-09-11T15:43:38.925Z,2143.7798949
1LFeS2iNuEHgUZik5b8oTo73bq9bhKt9vx,50000000,1,2021-09-11T15:43:58.134Z,210.310501
1LDVGx5qbhMxNAXdhnhj4gbETMzfQ2ewZS,450000000,1,2021-09-11T15:43:39.009Z,2745.9179055
1LCzyNnouxKyzbyiJhc4UAoSGqQvsM42CQ,510000000,1,2021-09-11T15:43:39.025Z,2127.6027102
1LCFHLx3hnDPm4FQv11gG8VHjGzC4Ywn4u,510010000,2,2021-09-11T15:43:39.040Z,2123.6511006011997
1LfBpJCKc74yszfNfmXTgwfaLMWn1BQUeS,200000000,1,2021-09-11T15:43:58.185Z,1163.29004
1LGSiTn2o2P4CuDKUjpm4W3EwpLY2xkKEP,150000000,1,2021-09-11T15:43:58.200Z,673.516479
1LDHX84kppqaGg89RBYUDz7JrtGdYyNofP,300000000,1,2021-09-11T15:43:39.106Z,1261.863006
1LD4KVExnuitBwVYaLEEsMcDgkDSAa6Yyb,400000000,1,2021-09-11T15:43:39.123Z,2309.756104
1LfG4fxnTvTzJ86FMWRXoAtUnfFu6MsSuz,400990000,2,2021-09-11T15:43:58.247Z,1663.5470538514999
1LHFZ9Vm4ergMY3xYZU4b6svecmDo7JdCR,400000000,1,2021-09-11T15:43:58.283Z,2505.263916
1LeEjXbNABCBSqB7oYF9qDJ5iYPLi818od,250000000,1,2021-09-11T15:43:58.317Z,1599.7250374999999
1LDm4dAre1pHrdfA93PXSrQKyUZ6zejnfc,50000000,1,2021-09-11T15:43:39.169Z,208.4149935
1LBBCSi1XyAW2ZAZV4qq3Z6qA2qKJDa2LU,50000000,1,2021-09-11T15:43:39.183Z,217.561493
1LBiH1nJ4x6LwRg33zoup2hBT6tCCqDfHE,300000000,1,2021-09-11T15:43:39.203Z,1289.139039
1LQMSt254YRcctx7XMdedNmKrzVifGWNL9,50000000,1,2021-09-11T15:44:15.766Z,208.4149935
1LREM7bi6WPY9SCJPf4evrqStVmG8RWdKD,50000000,1,2021-09-11T15:44:15.783Z,208.218994
1LqspvuS8uzGa6SHw1ej8sHpah4EUwfZac,100000000,1,2021-09-11T15:44:15.803Z,432.152008
1LKwnWMYT6LyeiE1M2qzhPD72b1KaXXVHj,401582000,1,2021-09-11T15:43:56.646Z,2319.1480613176195
1LQPLaiAABdpu2cW46hYNV6ffXA9tUakqf,50000000,1,2021-09-11T15:44:15.847Z,206.6535035
1LqLgCJFPFYL9SU6PN7eXc9fzwRtt7LCTD,100980000,2,2021-09-11T15:44:15.862Z,424.9086970392
1LQWe6zbHeTzpBUb9xmWuJKg4gduzKpNrD,50000000,1,2021-09-11T15:44:15.878Z,203.8535005
1LK4N1zRjgoeKu9aheMgevkzxgpF1CxREY,50000000,1,2021-09-11T15:43:56.696Z,208.4149935
1LiZ29ERP5mN4rdxn2hFHYYuRGpCX4jLDw,100000000,1,2021-09-11T15:43:56.730Z,626.315979
1LnvYXs9AwgQhmFiYfTJLEDokvsihDR5QM,50000000,1,2021-09-11T15:43:56.750Z,210.845001
1Lrbv3JkKGeBJZyUQw5HW2tMdwww2DSkVB,300000000,1,2021-09-11T15:44:15.949Z,1841.9489130000002
1LMZyscjrABUFwM1kcmeW1g5KRz5Gb6oXN,200000000,1,2021-09-11T15:43:56.769Z,829.71997
1LqpgaTAsVEvBE2PisZXHGihkbi4gxSNA6,100000000,1,2021-09-11T15:44:15.965Z,432.152008
1LtzHojj7AvqGif4ZcdzaNqjbFiqbK7RWo,200000000,1,2021-09-11T15:44:15.982Z,1194.297974
1LmXn3nHjUYg4FHqXMgHoJ9EyntTNcrgHR,200000,1,2021-09-11T15:43:56.792Z,0.8428880000000001
1Lsaqu2zEBQ19uBwm2hvHS6gEEHMxEZ6He,300000000,1,2021-09-11T15:44:16.000Z,1234.871979
1LreW2gtpu8RQ8oyXwsUkdGN8GG9y7pV5u,1204201,1,2021-09-11T15:44:16.059Z,7.91150428208804
1Lu2gMvhgjjMnsC2FVDdgSA9chK1G4PSLF,250000000,1,2021-09-11T15:44:16.092Z,1709.1549674999999
1LU61iV8anwCBKzqh8FmN9zvWZCKYrKXM2,400000000,1,2021-09-11T15:44:16.161Z,1666.916016
1LSYQY7yQ6wJMvcufMenxPFRsDFUhnrjHm,100000000,1,2021-09-11T15:44:16.190Z,416.321991
1Luh5vAhWPju9oaSgTacjeu9HuhaSTEQHF,50000000,1,2021-09-11T15:44:16.222Z,210.392502
1LUrcGPsMvy5uKr5zbyJYVdWRb4HtBukeE,500000,1,2021-09-11T15:44:16.239Z,3.36432007
1LtsuSQSddVUhq5TDak6AoyPUgyC1Yctva,200000000,1,2021-09-11T15:44:16.252Z,1160.364014
1LrBYe9Qgd1sW9m6nFxcZ1SKcuSHTzhe6C,410000000,1,2021-09-11T15:44:16.269Z,1879.9976450999998
1LjD6DS7fy4HQg3EACq4D1p935iwyURdXS,300000000,1,2021-09-11T15:43:56.953Z,1808.52594
1LMNFBGpfpYjLJRtcxXcFFpC1TPwhYase5,400000000,1,2021-09-11T15:43:56.968Z,1630.828004
1Lt8KD7vCeynbwYu3FdR4GZ9ATmneXqqFT,50000000,1,2021-09-11T15:44:16.363Z,208.4149935
1LRTyKXVWtH5vXHeWameZTBhFyszMZTWaf,500000000,1,2021-09-11T15:44:16.377Z,3085.6048600000004
1LjRLHmAXuuk6SvZZPr5pdX2yWUYAQCjGE,210000,3,2021-09-11T15:43:57.002Z,1.3600838937
1LrsLg3R3xJyW4Qi7r8N8QwReBtJyaZNyY,200000000,1,2021-09-11T15:44:16.393Z,847.978028
1LLSyG8ZUQY3F1EVUDCHXEGHuhGkT3D2Gf,250000000,1,2021-09-11T15:43:57.032Z,1480.2575675
1LJkFAtAKwXgcwP5wKHDPo1NYGYHsBQYi6,50000000,1,2021-09-11T15:43:57.138Z,204.774002
1LJnatiDtUkppy88Ew7r9XzioQY5NNt68o,100000000,1,2021-09-11T15:43:57.170Z,420.785004
1Lj37x9sFFdWkkAgoqaEo1VACvKZ9Ar57n,100188000,1,2021-09-11T15:43:57.200Z,424.78611334632006
1LnmUqpPrDpmr1iiAoJbrcRqp8f7aSYWfw,300000000,1,2021-09-11T15:43:57.219Z,1856.982057
1LQfGwMoAVUbECPp9E2rrLmMgV3RzhkY6h,200000000,1,2021-09-11T15:44:16.454Z,909.531982
1LQgYjznCTPs9ipnSFheU7Fo7Gv3U7jCTR,400000000,1,2021-09-11T15:44:16.477Z,1796.043944
1Lnd43kPra6aSZ898M6E3cuDv9rXgLznqr,100000000,1,2021-09-11T15:43:57.358Z,414.81601
1LLK48QmPTxHhdGSbVVXvDLPPE6x1dsZgz,50000000,1,2021-09-11T15:43:57.377Z,208.505493
1LMiqaQqMTxM4PV6SXBga7v6MrLP5733YZ,260000000,1,2021-09-11T15:43:57.410Z,1711.0028078
1LraP8H5wdYgLcr7hjtiZ2DbhNqxA33so,100000000,1,2021-09-11T15:44:16.522Z,417.177002
1LPp8kGwnhSp6omQssLpM26GWdsSfAk2NA,50000000,1,2021-09-11T15:44:16.552Z,208.4149935
1LR4n7F6az5yZRGPuaxmTn1vbvxhivBKVP,50000000,1,2021-09-11T15:44:16.579Z,208.218994
1Lnee6FD51NVLsq18i1hv8DmPos1V8UfYk,400000000,1,2021-09-11T15:43:57.446Z,1772.751952
1Lj1ZJVHhq5CcFqQqs9gy6JKDZV42C3mEP,50000000,1,2021-09-11T15:43:57.479Z,206.6535035
1LtNFmCwWdDjaE2dTv2BkEJakM2VZuFmaw,250000000,1,2021-09-11T15:44:16.620Z,1637.5874325
1LKi4nmry8mdnc6U3H8fh3SVf8cSGidnvG,300000000,1,2021-09-11T15:43:57.514Z,1251.032958
1LmM59KZoT7qLyUvYfFha3CUQCYyctAbQ3,150000000,1,2021-09-11T15:43:57.526Z,907.0920404999999
1LokaSA7FAPy1DbApb1JdF5J6jmXrujXUw,100000000,1,2021-09-11T15:44:16.676Z,418.088989
1LnFP5GutTZmimWwjYq6B3Gtg4dnyT8kev,310689055,2,2021-09-11T15:43:57.543Z,1381.5938752905365
1LPq5eLS5NXTykUvk6dLWV9XRMN5eZHGC6,300000000,1,2021-09-11T15:44:16.690Z,1296.456024
1LKAgqx1fFd1Ve12NHPKVLiSgPBkS3jZ4t,50000000,4,2021-09-11T15:43:57.591Z,209.0204925
1LLQGtRBDhan2FQGhVzx34ZLB4h8jrLpay,400000000,3,2021-09-11T15:43:57.612Z,2666.09204
1Ltx4e5i7DiAizeigoxbmkFgrDPSpza9Wv,100000000,1,2021-09-11T15:44:16.773Z,452.727997
1Lv27zaQWRv9pHntkkDgN2J6Jygdkoe9Hx,100000000,1,2021-09-11T15:44:16.789Z,416.394012
1LKJeQFkm3t9WFzJ3U3DxRq1YHmQBubU1u,300000000,1,2021-09-11T15:43:57.646Z,1352.6849670000001
1LNnqCfrTSYsU7isS91L7BQfDxaCdu8EjW,50000000,1,2021-09-11T15:43:57.660Z,218.5820005
1Lkh6Y9VXqjpYQnKSLfwogsknxvhxLeVx1,300000000,1,2021-09-11T15:43:57.694Z,1857.3239130000002
1Lv2RpWtUWkC7zRF4Euw5xHWdStnn8DAbJ,400980000,2,2021-09-11T15:44:16.821Z,1711.242357147
1LsnQVABgXJWYxg5eAo8z9pFZBjjpgvMgE,200000001,1,2021-09-11T15:44:16.920Z,821.8779941093899
1LTcxySnFzmBmh73YLAtyKo6LEJPwAyMT5,131610000,9,2021-09-11T15:44:16.941Z,575.3262568170001
1Lnaybz9uLy9BBSeRhzBT3AmJbBu9cCSsQ,100000000,1,2021-09-11T15:43:57.779Z,416.515991
1LKkrdxJeZrudC1en945Lr924DBCy6pmAH,1000075,30,2021-09-11T15:43:57.817Z,126.50478744752255
1LPSpcSAcqP3ZdR78r8m9TGpRP29sSRpQp,200000000,1,2021-09-11T15:44:16.972Z,1151.073974
1LUV6meUqtB1sw6WmjRuEsQ6ts1cLexvdj,300000000,1,2021-09-11T15:44:16.987Z,1251.032958
1LnozotKDPjXxfMPHyRqZthYckHvDcvnNU,150000000,1,2021-09-11T15:43:57.854Z,872.4675300000001
1LnpK1NWgJhB9Gy1dy2kSg5ptMhZ5R59PD,50000000,1,2021-09-11T15:43:57.872Z,211.186493
1LojrYpQr4Hb6kPWUa5EkXg7iETm66gkM9,50000000,1,2021-09-11T15:44:17.014Z,208.505493
1LtkGZp4uEiYrVUPbsib2RbAj8K4AvcToC,510000000,1,2021-09-11T15:44:17.040Z,2162.5529948999997
1Lj8emPMh9uQov9rzAY6ZotGR9erGNK9Dd,150000000,1,2021-09-11T15:43:57.891Z,679.0919955
1LodPqEBKncqR9SyBU6p7mxMmvFkKQBviq,300000000,1,2021-09-11T15:43:57.908Z,1249.547973
1LtbrweQQDN3oUP2L88pF1DrttVm5Ri4eg,50000000,1,2021-09-11T15:44:17.070Z,208.505493
1LmujNaRgKP29d3D4mRgVHH4jRMySMJotE,410000000,1,2021-09-11T15:43:57.977Z,1710.4257082
1LVfB66jToHAV88LDqpTEKTy3jbmm9Nrtd,300000000,1,2021-09-11T15:44:17.083Z,1839.062988
1Lug1JJi55GyAS2VUY3XZtPMMgjsUkjp7i,100000000,1,2021-09-11T15:44:17.094Z,579.651001
1LMRLn1ctndkxeP3zd8899MzbjgyWDcMoF,50000000,1,2021-09-11T15:43:58.022Z,204.774002
1LjY2bthxZkSqffnwMWTKojSC6JwNs8SSm,410000000,1,2021-09-11T15:43:58.038Z,1733.2544795
1LPVTbSMoH6L1qmSShKSVMG2dposcNawDw,300000000,1,2021-09-11T15:44:17.139Z,1239.921021
1LPJa9iBYtqT1RyL85JDsjPRv13cysvsz4,300000000,1,2021-09-11T15:44:17.152Z,1830.6119370000001
1Lo1C8q2cvp7Lk7cSHkjJjCmpNeafS19sj,300000000,1,2021-09-11T15:43:58.055Z,1348.796997
1Lo26prdSmQ16m1w4yTTyhZ3oM9sGhmcmY,100000000,1,2021-09-11T15:43:58.073Z,417.177002
1LUq5ozuouwm96utfLnRdfoWawpCifhvgP,250000000,1,2021-09-11T15:44:17.168Z,1443.7574774999998
1LiLFiW77vHPxg5L5bU1umebMLArzmwuGJ,1000642,14,2021-09-11T15:43:58.086Z,58.92474569565977
1LnroZPbc63nTsbhq25SE17V1tttdeb6VH,150000000,1,2021-09-11T15:43:58.104Z,894.1740420000001
1Ln8TDS3zWtuX7uCGuVdFvRThNQZSEr2ub,400000000,1,2021-09-11T15:43:58.122Z,2662.739992
1LsDpY6cCPZJ8bdpPsX5f7WRexLcDNEzZo,250000000,1,2021-09-11T15:44:17.183Z,1472.7999875
1Lt8ayfomMJ3RYkpNzoCrevgZMmYUXJatQ,300000000,1,2021-09-11T15:44:17.195Z,1264.332
1Lrpv3ENjTDaEkfkE8a1BxS6Rq7u5EcRmL,50000000,1,2021-09-11T15:44:17.213Z,210.310501
1LkNAvtJdYjMbhf2ZgDY4JaGaXjafW4jvE,300000000,1,2021-09-11T15:43:58.148Z,1244.44803
1Lk7tASvfCLmjmc64gTyLoPhRi4fw4vHbV,100980000,2,2021-09-11T15:43:58.165Z,422.0408680686
1LQjEnu9Jv53QhWF1gwwT7bPwoWaQF5LBa,300000000,1,2021-09-11T15:44:17.241Z,1830.6119370000001
1LiX8i3mcEPNYRT9LWxofDedc9Ndv4Gbov,250000000,1,2021-09-11T15:43:58.215Z,1445.7225025
1LN4CJ9PWbfWaK6nGeYiYKYRcxhD8d33qm,150000000,1,2021-09-11T15:43:58.229Z,667.003509
1LTJ1TycwMuYxoLAokLsmkFhuY3XWHz6m7,300000000,1,2021-09-11T15:44:17.290Z,1228.644012
1LnAmeeefYqM3thrGKVsbBJWyvZnigutoK,300000000,1,2021-09-11T15:43:58.266Z,1313.090973
1LLmGdnYF4479suqK2CgCEzSk641trtvre,200000000,1,2021-09-11T15:43:58.299Z,1308.936036
1LUFSrGg2WDF6MarYHTC16Fxg1jzqbfaMj,200000000,1,2021-09-11T15:44:17.350Z,828.642028
1LjKM8yA2tw5CqnH3qBxzuDgTnzvTpwAyr,400000000,1,2021-09-11T15:43:58.331Z,2709.323976
1LrwuY5KktaeVrtsNn9ZZKQFKZXvjnDK5B,400000000,1,2021-09-11T15:44:17.377Z,1798.395996
1LU7UuGhyiTyLvzEohcSfuu93aSZM1C3mH,300000000,1,2021-09-11T15:44:17.394Z,1839.062988
1M2512aqssjpkQH41m3VqufaExH5LXjUjm,300000000,1,2021-09-11T15:44:34.933Z,1824.936036
1M3UjeghnDU8aMC3VHfZ8UaF4g23Tdc51w,105647178,2,2021-09-11T15:44:35.022Z,442.04606903957665
1M61wHwRa73uFufXdSEeBbTyCWrbBexAYd,400000000,1,2021-09-11T15:44:35.041Z,1638.192016
1LxYdK9DsLUYzwDkdgbRqQkwf13XbqkaVP,150000000,1,2021-09-11T15:44:15.817Z,1028.3385315
1M8BpN1yftCGsbSJkbu1P8JJMrpkhKpy8G,1048557,1,2021-09-11T15:44:35.056Z,6.3644581102925395
1M7iKQbWwLrKLzL8P2evFkF3YksHNaBGvn,50000000,1,2021-09-11T15:44:35.094Z,211.994507
1M4ukfAUNw24jdTREMRDtuKsnjQRByBLY,400000000,1,2021-09-11T15:44:35.110Z,2428.620116
1M5Y5UgTBSBvZNf5ZBgvgudqxgT9vVt9JB,550000000,2,2021-09-11T15:44:35.144Z,3658.0935047012003
1LygZmCJt7i69QnUDd8GgpuqW6KXk5kqNe,75000000,1,2021-09-11T15:44:15.832Z,337.068741
1M8TM2yUKDo4KmJVwdC9DBXjrGyCz5ekT7,300000000,1,2021-09-11T15:44:35.163Z,1250.1870119999999
1LYLYysyZby3NDmLb3JFobHKWSZwZcdC93,300000000,1,2021-09-11T15:44:15.894Z,1830.6119370000001
1Lz3JzZYc8SJDmkqmKmTUTVKHUwbs8xW2h,400000000,1,2021-09-11T15:44:15.912Z,1668.524048
1M3ttDgALfQs9oGrrr8asSD5DUtUfLz89X,100000000,1,2021-09-11T15:44:35.235Z,424.544006
1LXyb1dS9YT1VgKtunkCNziEn8BL2g4SRj,50000000,1,2021-09-11T15:44:15.930Z,208.197006
1M6piyCpJdRgZzswChBoi3E8ijyg8Dfgmx,103980000,2,2021-09-11T15:44:35.251Z,433.02549819989997
1M4kD7EqYjoF7dxbrxLzWpurhsFfAGvyaX,300000000,1,2021-09-11T15:44:35.284Z,1830.6119370000001
1Ma1Ejuu3ZuJFg3UeiTwd6aFb2ooxJTEpo,200000000,1,2021-09-11T15:44:35.314Z,1145.45398
1M4a4YsADkFopQEi96Fy3SZAyRfTU4U89t,100000000,1,2021-09-11T15:44:35.328Z,416.729004
1m5N9jLYDKMM54gGasptHBTW422jrXRhF,50000000,1,2021-09-11T15:44:35.344Z,210.845001
1LWoDsPnmY8N8JmbpxqdG1uHfhin5NLEEH,23579485,1,2021-09-11T15:44:16.017Z,143.88295569770816
1M656VnWtQJXvJHRMdDi2woRCy35L94a6F,100000000,1,2021-09-11T15:44:35.391Z,420.785004
1Lw8dEPAZrLhRBqLu1mbwQDGrCopfz8cwz,200000000,1,2021-09-11T15:44:16.045Z,1345.728028
1M69qZx5D1jduKjmA8HgD6s1RkZMKGQrLx,50000000,1,2021-09-11T15:44:35.426Z,210.310501
1M5EdUSGPXuKZ247n9MDvmNuP3mL3T5qBb,510000000,1,2021-09-11T15:44:35.459Z,2289.9560285999996
1LVpthXYNV2MAB3LD7e3pK9GuY2UThBd72,300000000,1,2021-09-11T15:44:16.076Z,1716.9089370000002
1M7i6voMAWqmY2MBazXa4LetPfHhS9k2uw,150000050,1,2021-09-11T15:44:35.498Z,672.4772136589966
1LXVQcGuixGFouHjBYXygMwnwVAkn4pSG9,100000000,1,2021-09-11T15:44:16.110Z,418.040985
1LzMTxMKVYaZDsnDZUjqZaqmezcw3rPFFm,50000000,2,2021-09-11T15:44:16.129Z,210.3941398997
1LVVsKTq98iYUMX2zDeHKvK5XWuLgQJnWL,400000000,1,2021-09-11T15:44:16.143Z,1668.043944
1M43iG3wYebfSD7nV7h6k96ZqP3sDSHEXf,300980000,2,2021-09-11T15:44:35.551Z,1255.6193406195998
1LWdrMxDkfTyakon11oSU3H4SLWUBNrqhL,400000000,2,2021-09-11T15:44:16.175Z,1668.043944
1M1i8mHDCwpRYy6uLvW8XxEPNtgGthi8qt,410000000,1,2021-09-11T15:44:35.576Z,1846.2463426
1Lvy7zwj7iCatf57HPyonyM6ifAqEe8ZdC,100000000,1,2021-09-11T15:44:16.204Z,437.164001
1M6Y34Tfax1foTuv6ZFyjkRF4iVa6G29Tr,150000000,1,2021-09-11T15:44:35.590Z,625.0935059999999
1LyPebzqWzcAWjUqSmUAvi3zQMy65Z3zYc,100000000,1,2021-09-11T15:44:16.286Z,418.040985
1LXLZmiXqDPZss6w6wvpdjeHarLNPSpfN5,150000000,1,2021-09-11T15:44:16.300Z,687.8040165
1LZj4epoiekEMwTZS5EaCN7oSz8gCmKVNC,100000000,1,2021-09-11T15:44:16.316Z,416.394012
1LyQHbxPHEZWTxRyFybMfPn8fZFaDPJApn,200000000,1,2021-09-11T15:44:16.333Z,1345.728028
1LWwNiwjgEG4rrPaTXhPBufPjxDUbzpEaq,411000000,1,2021-09-11T15:44:16.350Z,1704.8938011000002
1M7tpx4ht1m4NxetTvGWC8moh2gJpKnueA,300000000,1,2021-09-11T15:44:35.617Z,1824.1290900000001
1LZ4F1iJHcVyETVb11tsECcCvfPeAk6yKe,150000000,1,2021-09-11T15:44:16.410Z,625.0935059999999
1M7SXfFt76QtZEVqLLRR98rd8zJ6EFhyLF,100000000,1,2021-09-11T15:44:35.630Z,416.729004
1LzLSzqJvc4xua5VNf5nJpQ4Mqa29iFZVP,400000000,1,2021-09-11T15:44:16.429Z,2422.771972
1M249DgSUkTFMj43ZwwKTdh5KNMBnhpE3u,50000000,1,2021-09-11T15:44:35.662Z,211.706497
1M5gCrkMEiLHcwxGKVoY3VYRQrVLiyUQan,300000000,1,2021-09-11T15:44:35.678Z,1732.508973
1LVx7EdSPyT6jRP2ujYWMDANp5bgcxinV,100000000,1,2021-09-11T15:44:16.494Z,457.567993
1LY7gLSDdHvrhtd4kk11dCMLCbVkTwSiqp,75000000,1,2021-09-11T15:44:16.507Z,333.515259
1M4MoZwcjtrGz92Ah4casjGHR1wV5VCbkM,200000000,1,2021-09-11T15:44:35.707Z,1303.567994
1M8Zg3tK45PgRb67muKfDLuYrzrfEW9337,300000000,1,2021-09-11T15:44:35.723Z,1814.1840809999999
1M4X2xCtvRT6BmPuNjyxQrDhkqd6xZATh7,150000000,1,2021-09-11T15:44:35.738Z,636.4230195
1LW3tnCyszR2NxWCMsa4hS2rRXR9NEz8e2,300000000,1,2021-09-11T15:44:16.536Z,1824.936036
1M57oKW5sPuBmErPidVJs8PCXWCEPkPagz,415617000,1,2021-09-11T15:44:35.752Z,1762.34076094383
1M3QgfL3shWN4CjPBGptqz62KT5uQjRGyy,300000000,1,2021-09-11T15:44:35.774Z,1251.032958
1LZvUYk3dgyVqXDU2j8s9yv24grhXk65Xs,100000000,1,2021-09-11T15:44:16.566Z,417.177002
1M3UwYkwxqR66BmzvpLBqwoJysUcrcv4B5,100000000,1,2021-09-11T15:44:35.824Z,421.444
1M9iNrXKeZ3wssr4NKwNjsSjDn8dtXxsui,200000000,1,2021-09-11T15:44:35.855Z,1229.088012
1M8J1onxV6zjvinamqheiMXgPeawpfPFKV,50000000,1,2021-09-11T15:44:35.870Z,208.1609955
1M15qqTdCZJRBj6TdqMovNb91SGrVD7vSG,410000000,1,2021-09-11T15:44:16.593Z,1846.2463426
1LzfuFN5JSAEGejn9CEM8ArYAWqMw9h6vs,400000000,1,2021-09-11T15:44:16.607Z,2440.815916
1M2qSAuCd3WvTkSSjazqUXML5pxmPGppEM,50000000,1,2021-09-11T15:44:35.896Z,210.392502
1LYd45FsVFnM3VJrVApCzGj8tbHu2xrUja,300000000,1,2021-09-11T15:44:16.633Z,1343.9280390000001
1M64GDeUyXogGzV6PPAYTXNRHmV6ixWjUp,750000000,1,2021-09-11T15:44:35.912Z,4406.6926575
1Lz51tbn61WjpFWxFjMTzQboCdKZVF8RRu,100000000,1,2021-09-11T15:44:16.648Z,416.829987
1M7oG8x4bBYH5fmNXB9oDADweE23AsGBDx,410000000,1,2021-09-11T15:44:35.925Z,1836.7016532999999
1M3ncN1nYNtMf4SWT9QeJtcnA3yW6Dimmn,250000000,1,2021-09-11T15:44:35.941Z,1542.8024300000002
1LXSxrUkE1XKDPS3R5Ab8weCxUtxEZES3h,300000000,1,2021-09-11T15:44:16.663Z,1340.165955
1M4Yxui48vkPPaw83FaCpPnStqSeUqQPSN,400000000,1,2021-09-11T15:44:35.959Z,2289.211916
1M4FjdgSci35iTx5NDei2WS3vZbcMasmoS,410000000,1,2021-09-11T15:44:35.976Z,1725.7063672
1LWGpF8WeBPrD6FPbzBPL5D8dQEQuUEtYF,250000000,1,2021-09-11T15:44:16.706Z,1040.8049775
1M9kYkwGTUBRZnKfxWu1AYqaZkSfaSpMmA,510000000,1,2021-09-11T15:44:36.036Z,2185.8141152999997
1LVu3t7HNoEApY7RtwwGGNPnS5GCMygaVp,200000000,1,2021-09-11T15:44:16.722Z,1330.024048
1LxA1u9JiVcuzdKHEEKSBNbW73aPKNGhNo,1044030,3,2021-09-11T15:44:16.737Z,16.7211013960926
1M9g8bRdxhNC5HKqW9mP2ZSG7JY1c3TkxU,50000000,1,2021-09-11T15:44:36.063Z,206.6535035
1LX2PBbVZRe7QEs8sMGPh2dakrFZPW5E2x,50000000,1,2021-09-11T15:44:16.752Z,210.8255005
1m6SuNbsAU7iGWPq6PyZMa1ntdyCATGxJ,300100000,1,2021-09-11T15:44:36.099Z,1270.6623949940001
1LwSj3DpJMVao2XTJgq28G143rzjkCgAb4,150000000,1,2021-09-11T15:44:16.802Z,690.724503
1LX2hVPXWE8XXty2RLn9yHSQhbDKeVQtGs,100000000,1,2021-09-11T15:44:16.878Z,614.544006
1LVnPcpDh64JuCbmRtYkF4K1iYMEwQhQrC,4337502,1,2021-09-11T15:44:16.960Z,26.56767626796972
1M2CZtuDASb7yGXD2UDcm7PKnNxUtrBvxi,300000000,1,2021-09-11T15:44:36.183Z,1249.547973
1LxaxhjXFUStCd9ckUVbAArmNaaJjzQbmt,300000000,1,2021-09-11T15:44:17.001Z,1251.032958
1M7qtnWNqZMNXtPXTfHhGQ9ZWHdrynuQMm,300000000,1,2021-09-11T15:44:36.211Z,1807.875
1LyRNaf5ovW8Dv4WDmnhmj9uVZ6JniguC1,100000000,1,2021-09-11T15:44:17.026Z,416.515991
1LZko6J3RDoDxPnQpVtyuKYmqfX7tuUpxL,410000000,1,2021-09-11T15:44:17.054Z,1710.4257082
1LW6Gank5iuTxFSMvipMQZG1zF5zRupKYm,200000000,1,2021-09-11T15:44:17.108Z,1155.521972
1Lz3fm1LybCGSHsnvCs5dusTWYvFUuzsvQ,100000000,1,2021-09-11T15:44:17.123Z,407.488007
1M36touFkLFmcgV42xxhxRnhFXJc6pVdUW,300000000,1,2021-09-11T15:44:36.309Z,1868.5830690000003
1LW5cZnCJ5obXZAUjzRyrzLGves9La9gN,400000000,1,2021-09-11T15:44:17.225Z,1820.38794
1M8dBu25CfYgvfiAnkVnwGsCss2MqgCys3,200000000,1,2021-09-11T15:44:36.349Z,1151.073974
1M3EXEd6To2A3GXzreacZdQspV8KNDpT8a,410000000,1,2021-09-11T15:44:36.361Z,1735.9932754
1M5naXqFnhaFBcxJEBM7ocsZmwyNoBA5pr,250000000,1,2021-09-11T15:44:36.388Z,1658.1375125
1Ly1rSGpeH9heaUCKkJWJKAGbPhteSK3ks,300000000,1,2021-09-11T15:44:17.256Z,1726.6109609999999
1LvSUTGdxyQc9KTcZBzPvR5Pd77YuJT1s2,300000000,1,2021-09-11T15:44:17.274Z,1254.1229549999998
1M7ju97337qxBiatgeZH61ejkasyx6Wpja,100000000,1,2021-09-11T15:44:36.404Z,416.321991
1M28p2rHqU7MqxWUyzRFiXp3NCCPKoLSy7,300000000,1,2021-09-11T15:44:36.447Z,1740.546021
1LyxGrtBKJZA41gPEL3XcgJx8sGEw9RSAL,50262259,1,2021-09-11T15:44:17.305Z,208.4958973196659
1LxzqDGuj4hS1CT5WE7xjwajkcYTqNG1D8,410000000,1,2021-09-11T15:44:17.320Z,1700.745641
1LVQ5VzvaApTWDzqRMHm2QxRBP5vJiKNq9,410000000,1,2021-09-11T15:44:17.337Z,1713.5745286999997
1M6mdTnXhXMRtVyo3yQVXsVJbU2QFwhLy4,1003651,12,2021-09-11T15:44:36.464Z,50.19005779123248
1LVw6UoAsvMfABXxWiKtbWwzdcq9jEmz3,100000000,1,2021-09-11T15:44:17.365Z,418.040985
1M8FEMYVKg57cz43mFe6p8t5FKUhLWfmLi,200000000,1,2021-09-11T15:44:36.483Z,833.031982
1Mb3KaTMt8BfSTsX7nYP2h9bm4TGvYUHmo,200000000,1,2021-09-11T15:44:34.951Z,1196.42395
1MBDVuNpqBPKCtN1SGR9C1vwGQJUKqbr37,300000000,2,2021-09-11T15:44:34.967Z,1249.3139640000002
1MDbtC57s3RDnh3Xh8sfq3uhAzwD5sYKuC,100000000,1,2021-09-11T15:44:34.987Z,422.372986
1MGpsLaDN36mx8CqQHHka2LCXbDxjZ2Ug3,50000000,1,2021-09-11T15:44:54.674Z,208.505493
1MF39u7tA5e2CKAo5qPmpXz4KDFA8Gmc43,50000000,1,2021-09-11T15:44:54.693Z,208.1609955
1Mip4rxtheHgkREe9mzGZGXzNTBbrShkiu,300000000,2,2021-09-11T15:44:54.714Z,1851.362916
1MFafS8pGgf1KYAgKkYWVAFebpZ7WMVvra,400000000,1,2021-09-11T15:44:54.734Z,2318.604004
1MBvJb4GAZiMCmUh5T4DoYMTxafVJ2SdJ2,300000000,1,2021-09-11T15:44:35.002Z,1908.576051
1mFrSuYaiRNDcRnYKv291rpKooyetkoYU,150000000,1,2021-09-11T15:44:54.753Z,622.224015
1Mg7MCF22xsz9Ji5NSX3DV6UH3s2vhiMZ,300000000,1,2021-09-11T15:44:54.770Z,1836.3989880000001
1MArYrzB5zF9BFsZKRqezCZZJzRyy1Gzs6,400000000,1,2021-09-11T15:44:35.077Z,1638.192016
1MiWLsoiigoMtpfv33aWGapECBP6PXcQi5,50000000,1,2021-09-11T15:44:54.796Z,210.310501
1Me14rFmimTj7F1jzQ111BsRnav5Le3MRq,300000000,1,2021-09-11T15:44:54.814Z,1251.393036
1mBRdJ28aTBhTE5vcALnyg1Eu9ixy3TNZ,50000000,1,2021-09-11T15:44:35.129Z,209.0204925
1MHWPoEeaTZuRBwvTVCTcMEPGtrGLm5iQF,400000000,1,2021-09-11T15:44:54.844Z,1686.760008
1MDkt7sd5rR6QuKf9eEjGHgbN9Qg4fPTR5,50000000,1,2021-09-11T15:44:35.181Z,207.4299925
1MG2ArijCWgYfWJV4pXBpsruGUDCW5811L,300000000,1,2021-09-11T15:44:54.857Z,1733.282958
1MGk8F1TT5cEj2zAY2aKFPeBPYfJCUKAYQ,200000000,1,2021-09-11T15:44:54.874Z,1155.005982
1MCkSzdRVyNYdn2pWYJo7WR6Bwg9TjZqhv,300000000,1,2021-09-11T15:44:35.196Z,1347.032958
1MCRhXBLLN2GenSKnaZNnGkVfEwND8PDTH,300000000,1,2021-09-11T15:44:35.208Z,1841.9489130000002
1MB7KvqLKuryieB9rmGjX1bdJiKbQdJZaw,100000000,1,2021-09-11T15:44:35.223Z,416.515991
1Mizcn1U5KgRFParnXePLKLYvDTANwvYWJ,100000000,1,2021-09-11T15:44:54.920Z,420.785004
1Mcrwm3D7MNVA67hgtYuHSkw8QkGJg2w9p,150000000,1,2021-09-11T15:44:35.268Z,625.0935059999999
1MJox6139zakV5Tsi7GnZS9LwcbecShyJp,150000000,1,2021-09-11T15:44:54.972Z,999.784515
1MCHBZVME9rrzVsPnmt1tmx9RR4V5wruD,400000000,1,2021-09-11T15:44:35.300Z,1657.284056
1MgXRxxfxESK21CQEza318UFyRxmqTezvr,51000000,1,2021-09-11T15:44:55.005Z,220.39752408
1MdnT44UhYZrGVQtZSVdZqTCbyC5fpoQCc,200247143,1,2021-09-11T15:44:35.360Z,1146.02036475139
1MbGZhTg16KRZ6uBxBYABJjRxCf12Voi3Z,300000000,1,2021-09-11T15:44:35.374Z,1716.9089370000002
1MdvJ5uuGidEPsv7hgrGSQ9iodqZDNYfJ7,50000000,1,2021-09-11T15:44:35.408Z,218.873993
1Mcepg5TxoMxNqPXBLEW5PXonTuJ5hi1pU,200000000,1,2021-09-11T15:44:35.444Z,1159.302002
1MiVWJyRz1bkxNskipe9UJ3LTZXu9MGDVD,411000000,1,2021-09-11T15:44:55.035Z,1712.7562064400001
1Mj4622VtBVVFvinnsjp4SLZ1Bor9aMUPh,50000000,1,2021-09-11T15:44:55.052Z,208.505493
1MDox45rpWprg663BKNuY91XH9itiKczpw,510000000,1,2021-09-11T15:44:35.480Z,2143.7798949
1MJcqUfbnazKrsvpFZSyik5uSKDMRZ353U,50000000,1,2021-09-11T15:44:55.085Z,210.392502
1MA2RLcdspDXSmRnyFCYSWUCXy8aFAtro4,150000000,1,2021-09-11T15:44:35.512Z,622.224015
1MB2fP77DLWpywjVjieBdNEYcn7FCFa42J,550000000,1,2021-09-11T15:44:35.533Z,3657.566132
1MAoQ7wNHUDF8BFSZ4vTyDMyysvE6HCwGa,150000000,1,2021-09-11T15:44:35.563Z,625.0935059999999
1MhyPjh8tkbZXkQBv8qkJjZCq12Qsn3j5p,400000000,1,2021-09-11T15:44:55.187Z,2433.248048
1MAKN5rJXYKECkTiVP8Hy8fWp1zt4LvtuY,300000000,1,2021-09-11T15:44:35.605Z,1254.266967
1Mf5fivaEwpdEF2LnWHS9FT9CV1w3f6FrS,400000000,1,2021-09-11T15:44:55.241Z,2475.976076
1Mb1PJTVMRvfgAfZPad3nQa2NVRAA33NcG,300000000,1,2021-09-11T15:44:35.644Z,1819.770081
1MJaexHFx6MiFN65f7paSxycbdphfh4Ued,510010546,2,2021-09-11T15:44:55.395Z,2123.6533741125054
1MeyKbXn3AugknwmdDGieK6677n7KAn9Ee,400000000,1,2021-09-11T15:44:55.421Z,2436.90796
1MGNccHEoRMNeEZfq2jesUeQBvgNTn8NSd,50000000,1,2021-09-11T15:44:55.440Z,206.6535035
1MAhqFyVYr1p3Ztx731KwLa1Dw3xfrM19H,100000000,1,2021-09-11T15:44:35.694Z,416.729004
1Mf8Hn3FixMjKy9Z3P9pDgYdKjxjaX3NHg,100000000,1,2021-09-11T15:44:55.457Z,459.602997
1MebjAnBB2f89SjkteWLVrkjChKS8JwiQf,300000000,1,2021-09-11T15:44:55.476Z,2298.923949
1MfZAPWHu73kDaxfcF9uLpCTNEDCfjCaxv,50000000,1,2021-09-11T15:44:55.492Z,208.4149935
1MAMdhPAr22P62kwEpbKjPVr59g5ZTRCCy,400060000,1,2021-09-11T15:44:35.794Z,2491.8178086138005
1MFYc7R47YA9s469c89w7A2AxBPZNjr8yv,50000000,1,2021-09-11T15:44:55.529Z,210.310501
1MBW3KhutL4ZepahCseBiE2VWw8XSEvaSo,200000000,1,2021-09-11T15:44:35.809Z,1216.485962
1MAKh1eqqFsHfd9T5Fqexkrcy1PsuRBznh,100000000,1,2021-09-11T15:44:35.840Z,437.164001
1MJVaiHuiMuHwree1AnSemWMgozKDpGuE7,150000000,1,2021-09-11T15:44:55.570Z,672.4769895
1MHy3PJuPhuaNpUmWTtgtuAkn3soMfEKWr,100000000,1,2021-09-11T15:44:55.585Z,418.088989
1MbRtALXLn5MVXRzS7AzVzEntq1LNkYsMV,100000000,1,2021-09-11T15:44:35.883Z,598.211975
1Mjp5PMakTPgcC3x73e6VcZtyfCazJyJM4,1032141,1,2021-09-11T15:44:55.630Z,6.604567199721149
1Ma3eRJ5Zv6N53T2d7MsdAzJEk6D8xpGF8,200000000,1,2021-09-11T15:44:35.991Z,1175.60205
1MDuh4zawrL7pjKC121aUviu4HkRCDNiE8,300000000,1,2021-09-11T15:44:36.008Z,1722.953979
1McAe2P7Xx9ZwriPBawiaqFhQfgCTgpBiG,300000000,1,2021-09-11T15:44:36.022Z,1250.489961
1MC3xjinduwtNVf7LV8jzeLXYk8n9nnNCL,300000000,1,2021-09-11T15:44:36.048Z,1856.982057
1MFYqupHzc9KZZinhz25KXTYKTxfDsLN9q,150000000,1,2021-09-11T15:44:55.676Z,677.8125
1MFxwZwBUHZzKeUX1jDe3ECQzmfKdH51DP,300000000,1,2021-09-11T15:44:55.690Z,1851.362916
1MbaeGG5mLU9Wapj35YS2FsMMvP5MNSJte,13313484,21,2021-09-11T15:44:36.079Z,1655.4203770263746
1MhPQHEFwbkRCkDz5XhUJ4LDDDwLpM4fMs,200000000,1,2021-09-11T15:44:55.720Z,1144.605958
1MHpFRcDpxgNZYsnRwMPp3SG92hzBimvjs,50000000,1,2021-09-11T15:44:55.733Z,208.565506
1MBRtYV1BZf2o8GaDP1m9rPPRWVbrWUd3R,50000000,1,2021-09-11T15:44:36.115Z,210.392502
1MBgvxQGeD2TQwPkxLPnv8gfyXsu5mhgXs,50010000,1,2021-09-11T15:44:36.129Z,210.8871700002
1MbjQXjKQmcR7MJMPGbfxBXKEi7mBjW7im,300000000,1,2021-09-11T15:44:36.141Z,1228.644012
1MFsbdtvq4s9aYTyiQmigymFCepwbcJyLK,300000000,1,2021-09-11T15:44:55.795Z,1250.489961
1Max55c5q13onFYFr8UtbtHqJMg9XrnAtr,1005474,31,2021-09-11T15:44:36.160Z,129.92463144813982
1Mg8saXoonCsMeWCWBGZDtXJjgX1uLUXbJ,300000000,1,2021-09-11T15:44:55.811Z,1817.952027
1MHxpwQmTByjhN9GAT788BZBCYT4U3HVhe,400000000,1,2021-09-11T15:44:55.841Z,2311.043944
1Maa7uwWYzcwBkPz4NXg1RNjs7dVwkrwYS,404000000,1,2021-09-11T15:44:36.198Z,1682.4094715200001
1MBd3SgthS2sTVLvmXAeCZnJhwKj4iEXKQ,150000000,1,2021-09-11T15:44:36.224Z,631.309479
1MJwaZMdTVGBMRrHmgtVLXEikHSmNd5Fha,200000000,1,2021-09-11T15:44:55.869Z,1221.368042
1MDnMYtbApeiqpLCPbWF6kuExv8Tfcg7Tb,300000000,1,2021-09-11T15:44:36.239Z,1365.290955
1MacpTr5fupVUbXTY3sctTtbhQ6SHH3zs3,400000000,1,2021-09-11T15:44:36.254Z,2607.135988
1MKdyppenK7GxdQiCSeEcLiKHue1oVGAio,400000000,1,2021-09-11T15:44:55.896Z,2495.90796
1Mj4sSs2Nqt75fwdcFJQDwZt9onFjyPcae,250000000,1,2021-09-11T15:44:55.952Z,1468.8975525
1MizFBb1pVTnNDcyrTrZ6c4SwrxEWQKtum,300000000,1,2021-09-11T15:44:55.976Z,1251.032958
1Mfh3oXMFkQs6rXt9pYutec8T9tkhUA74k,200000000,1,2021-09-11T15:44:56.003Z,1295.317994
1MD3sTXBHMntduk5MbMZwvWcn7zXUwwu6A,250000000,1,2021-09-11T15:44:36.270Z,1637.6174925
1MA9SAHywnhWwa1ZhovU49RGph1QFHM9gg,100000000,2,2021-09-11T15:44:36.283Z,418.040985
1MKdTDYDCM6ne5W6owv2M4pvv1NiXH8vbd,1015031,14,2021-09-11T15:44:56.092Z,94.71581243086341
1MBGxCyMKgL4Bo2kbUxkHnoevwWQm5JVzU,400000000,1,2021-09-11T15:44:36.295Z,2617.872072
1mepdy4GdUZi3haBXtyoFdMaMcKmArgwN,100010000,1,2021-09-11T15:44:56.140Z,610.4970175974
1MjrcnY39jKk1fkLQRyt1LwWYw8hvnJAWy,400000000,1,2021-09-11T15:44:56.153Z,2292.864012
1MJUgTrLv7D6tkRYJ8Xtj4CYjshobHruqB,150000000,1,2021-09-11T15:44:56.167Z,1028.3385315
1MACo2KEGsdBcJ9fnTo5VYA7XfjdMAo6Q6,150000000,1,2021-09-11T15:44:36.322Z,690.724503
1McuQsqxhcuDTLsJci8mH6ek3zmrj4jVyn,300000000,1,2021-09-11T15:44:36.335Z,1808.52594
1MhcysvT6y5jJkJDBD3AX1uNjmxuY5A3z6,50000000,1,2021-09-11T15:44:56.209Z,208.505493
1Mc33g7br5vii6c1e67meXbdNHMpZHYss2,50000000,1,2021-09-11T15:44:36.375Z,212.4774935
1MK6hXZR2uxHNBWFfmn78Jjq9M5Et6KLzV,400000000,1,2021-09-11T15:44:56.237Z,2666.09204
1MfNaNbuwAU1zdywv9DaShCCdKbDY2nzJj,300000000,1,2021-09-11T15:44:56.265Z,1242.9630419999999
1mcupdipEXEhB3T7RAzvFFJKp195RMkEg,410000000,1,2021-09-11T15:44:36.418Z,1846.1562533
1MaHp5hJm8Le2vSCckrzY2CbKCwSWpVvon,5765604,1,2021-09-11T15:44:36.434Z,33.45099700287228
1MFmxMQS8Y5rR3YJutTqMgYoNEGWG9Pki8,400000000,1,2021-09-11T15:44:56.277Z,2147.679932
1MEBFpMFNMw2BMb59EqWGMGE1TN9ubk3Jo,400000000,1,2021-09-11T15:44:56.290Z,2125.543944
1Mjiy5UYjxwscSB1qU7yQWcDpSPFvZc4gK,100000000,1,2021-09-11T15:44:56.305Z,569.947021
1MK1a3jckxBQaq1seErz1uAtTQpe126vmh,410000000,1,2021-09-11T15:44:56.327Z,1700.745641
1MNhuciYoKSBCksQMXouYs1HdcGs5caxaH,100000000,1,2021-09-11T15:44:54.587Z,626.315979
1MowKTi2zdifrMaJG55orUcCH9xdEjdfXK,410000000,1,2021-09-11T15:44:54.641Z,1707.2154491999997
1Mn9oXtFBbXK1RdrQG2DxidxywEpZZMwrq,300000000,1,2021-09-11T15:44:54.658Z,1837.532958
1MQu4i6D4xCjLGxSQuTMARVv6HVQmSvK3X,150000000,1,2021-09-11T15:45:14.139Z,674.3984985
1MRcUdgGE2fQc6c7Ae4ytDVrTsH5LydZ7s,300000000,1,2021-09-11T15:45:14.172Z,1788.8939219999997
1MNWMkycy9rn61hAV2BQBWMTvBxNzwQVsS,510000000,1,2021-09-11T15:44:54.783Z,2251.0839407999997
1MRTXWi9gw9eyEWHpbUoQY29LcoT6XF7vF,50000000,1,2021-09-11T15:45:14.232Z,206.9859925
1MnUD3UaMdRprT37eQnX2vr1kYor7Jn6gp,410000000,1,2021-09-11T15:44:54.829Z,1727.9204
1MrfGSp8XmncK2hzkHit49fr9RMdbuGe2C,100000000,1,2021-09-11T15:45:14.247Z,417.959991
1MMK36dFxYf6w31buMSRjrVhdt5EhRtikV,400000000,1,2021-09-11T15:44:54.890Z,2562.248048
1MpwgXjZX62LYrvrNCi8wBEysFLGL1W2V8,200000000,1,2021-09-11T15:45:14.347Z,1316.156006
1MMwRzwjvH1HTG7voQEg4KktqREQTuHk3B,46987442,1,2021-09-11T15:44:54.907Z,287.80324429037813
1MPFRVDEGX94Zfhuqi8zhmndJeNWEFLDtY,200000000,1,2021-09-11T15:45:14.365Z,1155.005982
1MKthRxXbFvvLErFTj7mjpVLGzwKf33VAY,410000000,2,2021-09-11T15:44:54.938Z,1707.7155631
1MLk3phxHmz9jTeGjq3V1KrfB2zMgdKqNo,99900000,10,2021-09-11T15:44:54.954Z,419.9721937190001
1MoZVYtTSTRAZDP9gfToDJQP9wb8eKJM1n,50000000,1,2021-09-11T15:45:14.385Z,208.4149935
1MkfGScLVd1t4ehTGTBAGjtSaKC8vbzWfv,50000000,1,2021-09-11T15:44:54.988Z,210.310501
1Mq4rwBPvTc5QXJkZVwUwq1NNhpU5A8xr1,410000000,1,2021-09-11T15:45:14.487Z,1707.2154491999997
1MLw8D2a67o9G9CPFByPZH95k5rahdQZts,52346083,2,2021-09-11T15:44:55.019Z,218.35174576025994
1MowpqSpdsQez7mGDLPgbi6QbChiVsP9AT,400000000,2,2021-09-11T15:44:55.069Z,2668.963303643565
1MQu546cu9aUpZwc2Kiq81f4Hu2N9uRQ2u,400000000,1,2021-09-11T15:45:14.503Z,2135.456056
1MqweUuz3LJQatVPfU5peH5Jm5bHXDv69k,75000000,1,2021-09-11T15:45:14.520Z,349.56674175
1MPKkG3cAuYAZA2tZnbCxxWRP3WaRDvWAx,50000000,1,2021-09-11T15:45:14.533Z,206.6535035
1MRn5GuY4GNayPJvJnZJdDNwVwvzFKWzhq,250000000,1,2021-09-11T15:45:14.550Z,1458.537445
1MoWtLFHhDpgG7qmsfTSXBxSkmNtNjTbWT,50000000,1,2021-09-11T15:45:14.569Z,208.565506
1MNW9j7EA9X7EN2jCMKSiTNGkkYZdc4vJn,150000000,1,2021-09-11T15:44:55.103Z,671.9640195000001
1MKxS18hw5zhPXPVapGZLJ2ZycajoavNmu,100000000,1,2021-09-11T15:44:55.119Z,416.729004
1Mq3gHqXAFtQf8BWtvgqsjRXXFQPaUzKUw,50000000,1,2021-09-11T15:45:14.598Z,210.451996
1MqruiZ1XNmdoJ9RA5cbi9gYAhrmUzq9E7,1000745,18,2021-09-11T15:45:14.621Z,119.02667407858887
1Mono6CxFWtABN9k6mM5H6Jb1vnu63je9y,200000000,1,2021-09-11T15:44:55.137Z,1184.206054
1MmJmAVR7pumW2BfWcg3V4pxZQvjo49wst,300000000,1,2021-09-11T15:44:55.153Z,1264.953003
1MLg26TwNCemxg5TuGUCBhBxpyQrKHZBkT,400000000,1,2021-09-11T15:44:55.172Z,2326.788084
1Mr9PMJfsAx5odVnLuAxnbwgMLPrWpZ3po,100000000,1,2021-09-11T15:45:14.657Z,416.394012
1ML7xzE2t4Hb7fhnaPae2KA6G52hWQLuRH,400000000,1,2021-09-11T15:44:55.204Z,2522.08008
1Mnds2fMQKmfXPWUrHhnyusf5gpqQZRMDD,100000000,1,2021-09-11T15:44:55.221Z,452.727997
1Mrg9xEF4R7RfQ5A3Sqe4MHmq7nNNoxEt5,410000000,1,2021-09-11T15:45:14.747Z,1831.5601385
1MsGGBKQpjaudVfxiU3XRU7pzVVbBXBbQ3,240645,1,2021-09-11T15:45:14.767Z,1.0020313701774
1MPTJpfXREPHbx9WWaPjopepTmPrJxjAQ9,400000000,5,2021-09-11T15:45:14.783Z,1698.1764349810003
1MncgiYVuHrhiZ7J77bgHJ2vvA5hsRyuGb,410000000,1,2021-09-11T15:44:55.310Z,1713.6359630999998
1Mn7cdAb2F6UJEhjXohEZNTqCcAqW8jsv5,510000000,1,2021-09-11T15:44:55.358Z,2115.561651
1MQSCmyMTfm67y6DFs5MuSkHLhwfiU6wSf,300000000,1,2021-09-11T15:45:14.813Z,1836.3989880000001
1Mp85hpi3qLFjTLKbSqQCEeWqAopK22R1K,410000000,1,2021-09-11T15:45:14.827Z,1737.3094368999998
1MQFVPq584n3sM1fJu7S8bjMPhkvWvbkiQ,200000000,1,2021-09-11T15:45:14.857Z,1367.323974
1MRU6Ygqx6p6ub3DZUDC1XTpgf5sH6YQ2R,200000000,1,2021-09-11T15:45:14.898Z,946.927978
1MLTAVYEvDCnBcP58qoUaAAE3TuXVMAtPA,400000000,1,2021-09-11T15:44:55.509Z,2564.288084
1MPev9XBmVDBpQso5ntVgS8qrWe5t1Ppo3,100000000,1,2021-09-11T15:45:14.931Z,417.177002
1MmQu6dzqo1eQDnfgQRzEZYa9CrKL9j8Dw,200000000,1,2021-09-11T15:44:55.551Z,1155.005982
1MRbYmzyWwuAEDB2ca3F3UqKEDmJjgnAum,400000000,1,2021-09-11T15:45:14.965Z,2347.011964
1MqA8nnc163jBdNvDVsCLbbykJUdftcyZn,410000000,2,2021-09-11T15:45:14.994Z,1856.0014869000001
1MsH5xCzPyC6tthixtni6ewF2Md9BmMQq4,400000000,1,2021-09-11T15:45:15.038Z,2662.739992
1Mn7RqAt8QfLGs6Ynmnu2XVSFjAKJDDzBZ,300000000,1,2021-09-11T15:44:55.600Z,1264.332
1Mo59ZApvLHtHsGoczVf6jnMQNGJtdfjwx,100000000,1,2021-09-11T15:44:55.616Z,416.321991
1MREkPrbrztdTxJVU6EqDxbW92adu4aiyZ,300000000,1,2021-09-11T15:45:15.052Z,1251.032958
1MKRNqY51XemNCBVyBYxVdRGxLLCWMJpkF,200000000,2,2021-09-11T15:44:55.645Z,875.962005
1Mryb5EX4AmQ5uxc8rfYcdvsPqiSzQAgAF,100000000,1,2021-09-11T15:45:15.100Z,424.230988
1MpscLFVgEJYbMfpKpnXMQA542xPjXVYGn,200000000,1,2021-09-11T15:45:15.131Z,1159.302002
1MNzaxXoALCq3FzNrwctDtFC1WYbfdcwLF,50000000,1,2021-09-11T15:44:55.660Z,205.8119965
1MnTXik5LQVEiCk8dZfRUjVSc2vf5iXfj3,200000000,1,2021-09-11T15:44:55.706Z,1144.605958
1MPJx5ieeu25t2u3YmXobEE6vD7JtCZmLs,400000000,1,2021-09-11T15:45:15.199Z,1690.97998
1MqhTXGbrumZMmKb17bNuwciRHThYP52s1,300000000,1,2021-09-11T15:45:15.211Z,1231.332
1MNgiostnyX5CPTmw45EcJDmf8PGfZyN22,50000000,2,2021-09-11T15:44:55.748Z,217.561493
1Mn2pikAyGoGse92P3Y5yPDmgGNitfyZeq,300000000,1,2021-09-11T15:44:55.765Z,1239.921021
1MnLH3PgHJUBvVhcA9UT8jwVnWRusUnbV5,150000000,1,2021-09-11T15:44:55.781Z,675.4559790000001
1MSFQVLW7mzUVgarTe62CDDyMEzcoVLExD,100000000,1,2021-09-11T15:45:15.272Z,414.81601
1MKuAh1qki9TBSva58kvnQ6rmSdsvmMw5Q,50000000,1,2021-09-11T15:44:55.824Z,218.5820005
1MKmUgM8tbofvZ3FqoXPaVhHJsYkWc6mUY,75000000,1,2021-09-11T15:44:55.855Z,336.7582395
1Mr2LV5yFkhaZvkxE6M2Lvi9dzNJnttZ1z,300000000,2,2021-09-11T15:45:15.306Z,1244.579955
1MPYbttETjBwCrB642SoeQ3DqWStQGT51g,410000000,1,2021-09-11T15:45:15.321Z,1707.7155630999998
1MP4rgUdZoWkqDhN8mUZGUvBBLGKWWivGW,250000000,1,2021-09-11T15:45:15.337Z,1693.327485
1MkfDGtp3iBS6GvtegRe98o8c82BQXvFDR,100000000,1,2021-09-11T15:44:55.881Z,418.088989
1Mn6jT9BTc2kEkzZkz9KPfS7sApwjLbJ1t,300000000,1,2021-09-11T15:44:55.910Z,1836.3989880000001
1MNDCUbbqKqpnNNzgp3ZxB5YFiDsdkRZTC,50000000,1,2021-09-11T15:44:55.926Z,205.222
1MoZtvfJfmrjoBH9Wj2Sb9A5md6TsLfngm,200000000,1,2021-09-11T15:45:15.365Z,1062.771972
1Mq58dk8iRPGhxjyMTFFQydWuH5jdKFk65,300000000,1,2021-09-11T15:45:15.381Z,1788.8939219999997
1MkUgdSJpmsEuUYGXe4RZvbpK9fCQENJdd,150000000,1,2021-09-11T15:44:55.990Z,682.1489865
1MnTnPrep2m6EwWm2ps7UdTVzr42fN8kwS,50000000,1,2021-09-11T15:44:56.016Z,208.565506
1MnEyxKBnnJxNP5H7h1b5KQxTzVSUW6BM5,200000000,1,2021-09-11T15:44:56.030Z,1151.073974
1Mo1bxoQsvAdMGF4Tnd63amixd4p1KRCS6,50000000,1,2021-09-11T15:44:56.047Z,208.505493
1MpFRnTy4zi3v6DQLvRnFd94h746se6rsv,300000000,1,2021-09-11T15:45:15.411Z,1921.133973
1MLHX8xWPjZWh1oxK9mmQKeNSuX5PgvpQg,100000000,1,2021-09-11T15:44:56.061Z,421.444
1MLmeRvvymhboXx181yAExDqGiuEFE56wx,300000000,1,2021-09-11T15:44:56.078Z,1794.635925
1MRRP7ofGC44AZFWi8cAMfGCQzcNwb6Duy,410000000,2,2021-09-11T15:45:15.426Z,1745.3265575
1MM5woPcnW4qXLyqzBakjTyYzyEDTAAJ2N,200000000,1,2021-09-11T15:44:56.108Z,1330.024048
1MMLBGhvLJcuakHYqqohcNMdzND8oziwvP,300000000,1,2021-09-11T15:44:56.125Z,1261.863006
1MPCuA3iibe7tPsohSKkWQ5mK54axcZhE4,250000000,1,2021-09-11T15:45:15.455Z,1437.607575
1MLQqeUXNyFLvBvarFZZ9jogp89DuRs7om,150000000,1,2021-09-11T15:44:56.191Z,635.119491
1MqADtZudN1AuntCJjoqkeVWa77VH4DFKm,400000000,1,2021-09-11T15:45:15.485Z,1672.16394
1MRxP84G3tr5HLQdqNop9cCPyYwLc1eLD6,100980000,2,2021-09-11T15:45:15.499Z,443.09822443919995
1MqJ9SP3i2YoMNZidtKmidT2WsBKYE2aJ1,400000000,1,2021-09-11T15:45:15.516Z,2643.068116
1MMqHMTw1myxZ2iABvReVkX6sfNVPaoEVK,4824227,4,2021-09-11T15:44:56.222Z,86.20353046122379
1Mp1KmWHaUfcnUBckRz4oX1HayRybUTKVG,50000000,1,2021-09-11T15:45:15.530Z,205.8119965
1MsEngcKkAGgjou3xmePjemcNwJ8SFzpin,200000000,1,2021-09-11T15:45:15.547Z,888.309998
1MPP5enSntt1UCQobJSzuEDdxXKn8xRRVc,100000000,1,2021-09-11T15:45:15.560Z,416.515991
1ML5tEvU9MWWe7Dto4hSw5MCyYoKaWiyKm,200000000,1,2021-09-11T15:44:56.252Z,1175.60205
1mq6T8gRKwAeiN4aEejswtaCsHs3hWBzP,300000000,2,2021-09-11T15:45:15.593Z,1228.6440119999997
1MpGvPAbsYapZ83NxY8KGCHivPFyaeDHVP,100000000,1,2021-09-11T15:45:15.653Z,414.81601
1Mr4wG15iLEnnNqCZjcHG1fXSFmHBQQmJk,50000000,1,2021-09-11T15:45:15.666Z,208.4149935
1MsfW8Z31V7ubiBZU2E9oabkwt4JAVdRyR,300000000,1,2021-09-11T15:45:15.695Z,1830.6119370000001
1MsbwKVdJgYeJLBE3j84haKKG1FRbMw6pc,100000000,1,2021-09-11T15:45:15.719Z,437.747986
1MLFtL2po8wUWwB9tAikCW3wMkuknS5mQQ,720000,1,2021-09-11T15:44:56.350Z,3.0284712143999997
1MWm9Xwszpytkzg4ZvsGf72DXJ6tTqCqGy,50000000,1,2021-09-11T15:45:14.076Z,208.588501
1MVJDAUYstjtJBAKANaY5QLxWG3UwCXwLC,100000000,1,2021-09-11T15:45:14.155Z,421.690002
1MXTUZZ3iERtM1Ax3hy3UWzahPE45Ehu4J,200000000,1,2021-09-11T15:45:33.280Z,1330.024048
1My863DQCqoW3ZLV1PWbFBnPxR1PEQtznW,1006510,7,2021-09-11T15:45:33.310Z,29.655085389154408
1MSuqESkrAiqxqhVZuR9Lr4xZjui8XHcgH,5000000000,30,2021-09-11T15:45:14.186Z,616408.4925000005
1MVPcsdFGkEizXA4xyRqxiRpizaEi9q5Gy,100000000,1,2021-09-11T15:45:14.211Z,417.010986
1MtpobroGSy7edymYLykgmf2C2aNumNLCu,100000000,1,2021-09-11T15:45:14.262Z,422.372986
1MZz3B4z8BRayTPbzc9zcAyhmBRViPJ3do,400000000,1,2021-09-11T15:45:33.419Z,2311.043944
1Mw79xXXVb97fUVrQixZK5TJRSVSs6ZfmM,300000000,1,2021-09-11T15:45:14.277Z,1239.921021
1N3a2cqhEJAb2iMoMsWVPQSQ6SvAbb7R3U,400000000,1,2021-09-11T15:45:33.438Z,1671.839964
1Msvwyy8yqbpHjwapD46yGZqGZFtxYnr1U,50000000,1,2021-09-11T15:45:14.294Z,208.505493
1MVFLP9N541ML2Yk7YqhAr99ajpWu1BpDv,150000000,1,2021-09-11T15:45:14.310Z,666.2324985
1MUx1Z79uy2W6zcMzYseKLfoidX88wruHT,300000000,1,2021-09-11T15:45:14.328Z,1817.078979
1N1xQvc1CMNZWVboVxUudX6VqfWddtSPKb,200000000,1,2021-09-11T15:45:33.472Z,1308.70398
1My3AgfBQYku9K5mqLq47WHEpCJb8QxpzH,1000003,15,2021-09-11T15:45:33.488Z,63.09333957945089
1MWy4iM6FdcAY1Wg8mHaYoJ6H4KYyZALNj,400000000,1,2021-09-11T15:45:33.509Z,2547.144044
1MxrUjTHWbyo3ZxhV6GxMUuAeS91kxoReb,400000000,1,2021-09-11T15:45:33.525Z,2392.8479
1MZjeniac7Mnvcyi3WcdWH3eD9iwc6YGip,200000000,1,2021-09-11T15:45:33.548Z,833.458008
1Mw1VhCLFfCyNEyFjt8CMznJaEKd94XEbL,420000000,1,2021-09-11T15:45:14.399Z,1748.8548504
1MU6b8QqkZ7kJ4By2ud2RsMvkr3k4gKhyT,300000000,1,2021-09-11T15:45:14.415Z,1824.936036
1MZvAw3p8ATXLCN3k1omHonemwGcDPUDbo,200000000,1,2021-09-11T15:45:33.565Z,1331.369996
1Mv3v97AvzzerjjhN77pqz8VkqaWWRzCFu,510000000,1,2021-09-11T15:45:14.433Z,2115.561651
1MXgdXj9SGae4KhhfrNewqbnkj8inwj6JZ,50000000,1,2021-09-11T15:45:33.582Z,209.0444945
1N1WAdqjba7CYM2mSg3dhkBwzB5kwtzASc,250000000,2,2021-09-11T15:45:33.596Z,1051.96251
1MxTspEmWBeXzoakxgh3zrtbi47mmJb5Z,410000000,1,2021-09-11T15:45:33.627Z,1700.745641
1MUVstAMfSzb8nwGSvRBnPwztUyEKqcdJc,250000000,1,2021-09-11T15:45:14.453Z,1437.607575
1MT7k1dsLjmgjo8rNYboU2iJzuJ5A8SKj7,50980000,2,2021-09-11T15:45:14.468Z,223.1639232628
1Mw4cDSe5vtUoJS72sjh8DBDwDLTdDRTSe,500000000,1,2021-09-11T15:45:14.585Z,2273.829955
1MZkNUtBZqbNQD7KmXKQ6zH1hZqH2qVqxh,150000000,1,2021-09-11T15:45:33.708Z,666.2324985
1N2D4GehhLWH92GviG9Vk7VFc9NwD95Bja,50000000,1,2021-09-11T15:45:33.742Z,208.4149935
1MUXmbsWUcUTshkZPrYkJpDGatB1JWVGaw,100000000,2,2021-09-11T15:45:14.641Z,437.747986
1N1P8zyytbuwF3d5aagt16ca1LRwQE3irY,50000000,1,2021-09-11T15:45:33.771Z,212.272003
1MwrPiwaGXcWne9ffFbYBzQMivcrfK9Hp8,1000262,16,2021-09-11T15:45:14.672Z,108.23571368920032
1Mu8kbLHE9tHvSf29QiJbPVkdrK5E5LaWk,50000000,1,2021-09-11T15:45:14.697Z,206.6535035
1MVR7F6VwW6rC86hUDT5VvnYQofT3oJGWi,400000000,1,2021-09-11T15:45:14.716Z,2564.288084
1MwJhEWxBBtt8A287q1CHhwgXsScyaASQd,150000000,1,2021-09-11T15:45:14.734Z,632.166
1Mx8g7VvWkEUppEr1o5zv749hpDmbt39bM,200000000,1,2021-09-11T15:45:33.819Z,1252.631958
1MXzzCX8zem7wLTFnAuskdH5VaW7LMkmNn,400000000,1,2021-09-11T15:45:33.858Z,2104.931884
1MVgN59eSdGirdv31KP3vRz9z9MuSvvwCe,50000000,1,2021-09-11T15:45:14.798Z,208.505493
1N1hxgmeKHBTzWW1FHzchjWbKmsR7jp9s6,410000000,1,2021-09-11T15:45:33.889Z,1735.9932754
1N3TsxJhVmGAJCyQS5XKqhfCU7Xf5XKQpj,4087212,23,2021-09-11T15:45:33.919Z,615.1293203229321
1N1A7yaN9fY2N33ptS4kMGqfA5PF7V9bGb,400000000,1,2021-09-11T15:45:33.940Z,1810.911988
1N45wjMQ1M3hSoLtidAu5acyeMGQUnKNNL,50000000,1,2021-09-11T15:45:33.957Z,211.186493
1MYWomrL6MNiDufC8QuzysbVJYiD9bW41D,150000000,1,2021-09-11T15:45:33.986Z,666.2324985
1MZbwUSDrar9kqD2YSXSo6gb287psXwzdc,250000000,1,2021-09-11T15:45:34.015Z,1092.9100025
1MtY5p8thDP1c6ie7Jsr64fYB4hAnnc7Xc,200000000,1,2021-09-11T15:45:14.842Z,843.380004
1MvVjiJPHHKT9esMFK4cfGM7kVcDjkURPQ,50000000,1,2021-09-11T15:45:14.872Z,204.774002
1MUYtGKYvYAnnCbhoXwiEtKg6EEssxgekz,50090000,1,2021-09-11T15:45:14.885Z,208.9639603018
1MuwZDZfQwFh55pVE4PWBapTMfSP69EqV,400000000,1,2021-09-11T15:45:14.915Z,1668.043944
1N2XrFyex7JbGQu1FfJUrBq6wXTnvaEN8e,510000000,2,2021-09-11T15:45:34.071Z,2279.0345403
1Mv2tQYJdUZWP2ZCNtc46xQNJvPQS9i9du,400000000,1,2021-09-11T15:45:14.948Z,1657.284056
1MXPSWFbSbuRWHv6cWVZVyURoj9wrf8DN6,50000000,1,2021-09-11T15:45:34.105Z,210.392502
1MtZaUEA3kzKpCntWqyaWR2rzc68knwnV8,200000000,1,2021-09-11T15:45:14.978Z,1346.67395
1MzaSDa4zCsd4QR7pFqjKT6MJjdiRkQJfE,150000000,1,2021-09-11T15:45:34.120Z,690.724503
1MVHiSnWmrveHxyij3fNZb5v8fyS3msMNj,400000000,1,2021-09-11T15:45:15.009Z,2427.892088
1MuU82uHXpbPNcAVJtuqwezELoVqnEzkif,50000000,1,2021-09-11T15:45:15.024Z,204.774002
1MxbZtE22QXrYQ5ViLH8K1LJgisbnZWraA,400000000,1,2021-09-11T15:45:34.165Z,2422.771972
1MWSC9XVdcfoctAX67ikxHBT9XH8Jg3q9i,50000000,1,2021-09-11T15:45:34.181Z,210.310501
1MwZXK9JeLXVeXXjNwGNhQQ9dYkc4LMZMP,50000000,1,2021-09-11T15:45:34.197Z,210.310501
1N3sXjDaRj7tVGdoFGAZZXrA2uzxfgGoTE,300000000,1,2021-09-11T15:45:34.217Z,1830.6119370000001
1MVdhJ1rXBVxMtJCPCsjMSPKph1X3avJ8q,50000000,1,2021-09-11T15:45:15.068Z,208.505493
1MyXAuz5PdqDUsFaJ8RPmVTT3uz36YzS6p,410000000,1,2021-09-11T15:45:34.249Z,1713.9680384999997
1MUKZqySSRBk74NzkEXgXZdgFDX9CgS8qS,50000000,1,2021-09-11T15:45:15.085Z,211.186493
1Msw5bot5VCG23KzRNCfJ5D2LkBYDVAyYs,100000000,1,2021-09-11T15:45:15.116Z,453.384003
1MVpwrDXY6JCbQuqpn3CKT9qpVWpB1XtKq,400000000,1,2021-09-11T15:45:15.148Z,2441.743896
1N2DMCamQ4DS4MBUyuSUAYhx8W5rwBMT56,410000000,1,2021-09-11T15:45:34.318Z,1700.745641
1MSrmDgRZxhpNY7hFitPWKVBURAymwuC6B,100000000,1,2021-09-11T15:45:15.164Z,420.735992
1MUZQaafE6z1jkbZ7u5GP9UFQhL6VU3Ytp,400000000,1,2021-09-11T15:45:15.182Z,2564.288084
1MTJiUsPaedYgXGtuLg9MDkcTpZ6qrvH85,7393997,1,2021-09-11T15:45:15.227Z,33.29546321572042
1Mv3ea8NS5szSy5RzShP7wNGXtx4axfTYb,100000000,1,2021-09-11T15:45:15.243Z,416.394012
1MshKChS7YzaCgQHQMdgquhDem1K2MP8uw,300000000,1,2021-09-11T15:45:15.257Z,1726.6109609999999
1N2FCy6LzHgVsPnHB6XKzuRnFduNEXqqyJ,700000000,1,2021-09-11T15:45:34.380Z,2950.108
1N1xUaTwxEJ7aGCj3pc81kd5mz5v63NqYw,300000000,1,2021-09-11T15:45:34.427Z,1878.947937
1MVDrEwLqzBQ7KvJV6BkZhzN998ZskZmrZ,50000000,1,2021-09-11T15:45:15.291Z,206.6535035
1MxRCpYapcqSjDfYCnSS2qdobX7PUDbZJZ,150000000,1,2021-09-11T15:45:34.440Z,909.8850405
1MzzjounPq1AkQreTPn3fm8ZkXX2ssDoxJ,410000000,1,2021-09-11T15:45:34.468Z,1884.3722877
1MWWybyjpHyEwTopdwxB3E8QWovHpUvujh,410000000,2,2021-09-11T15:45:34.499Z,2811.6829834
1N1KDaY38MB7mWsWxguUmHKf1KYYzDG4An,700000000,1,2021-09-11T15:45:34.514Z,2968.209993
1MvfhkEaMyDvwjqKyoMsDYwmvNoi7a7fW6,400000000,1,2021-09-11T15:45:15.350Z,1667.319948
1MXfqw1ZBXoG5n9z7GeN8Ty5Jypnbh69L1,100000000,1,2021-09-11T15:45:34.545Z,418.040985
1N2TnxWknE6q7eaDCLytL2Z4xwyQhYuDxS,200000000,1,2021-09-11T15:45:34.558Z,1229.088012
1Mwgyovdexafkzq3NqVfLavJXTyQt6eLWw,200000000,1,2021-09-11T15:45:15.395Z,901.789978
1N2cEcwVsDdTpyJiBvW3Cj1bEP3ugg4m9f,410000000,1,2021-09-11T15:45:34.588Z,1727.9204
1N3UQxeWUVQ49PLZ8FcHF8iBVYduCFQJx,700000000,1,2021-09-11T15:45:34.638Z,3045.8609020000004
1MuKo7kWSm6auKMUyeKGG4Wakn7d1yAvrk,100000000,1,2021-09-11T15:45:15.441Z,577.760986
1N46AXFYfBjfn3JBb1CYqvuWsbLgbFyP7E,200000000,1,2021-09-11T15:45:34.653Z,1329.10205
1MWrS2P9HUdUtsDzNAkUQXy9ZTwALwYaH1,50010000,2,2021-09-11T15:45:15.472Z,208.5171685
1Mxg8rpKrLc4fbLSpoBFTkjdqa4g7pLbzo,510000000,1,2021-09-11T15:45:34.675Z,2123.6094611999997
1MyNffftWY5zrgY82YdEs4zD4Tq1VGgGKX,300000000,1,2021-09-11T15:45:34.725Z,1280.295045
1N3KgryWQrN3eHTnVHjxFYj8N8g1KePUyY,400980000,2,2021-09-11T15:45:34.737Z,1657.2784366685999
1N38VgR5ncwVprgQs5stAnw14STrvRA7Kj,50000000,1,2021-09-11T15:45:34.751Z,210.310501
1MSWA2terYq5XC4KqZ9GtjqrYFuUJc16qU,410000000,2,2021-09-11T15:45:15.576Z,1792.0037107039998
1n3fzAi8sP4saFuvLSwe6Zq6oPdQyLdcE,100000000,1,2021-09-11T15:45:34.780Z,420.785004
1MWiXXcoMPqFRcSDSzGJDofmXrF2AYFyBg,400000000,1,2021-09-11T15:45:15.610Z,1696.923952
1MtY171t75DYczDhZFC44PdPBUZwWicXY,250000000,1,2021-09-11T15:45:15.624Z,1646.6600025
1Mta71B9otgZgSajxvGkrGtFR4EGdjrhNG,400000000,1,2021-09-11T15:45:15.639Z,2268.95996
1MYzyFg32TaXLWv2n8s75F8ZVFBRxPNp1H,400000000,1,2021-09-11T15:45:34.795Z,2388.595948
1MTLADYix3YAfu2Nyrs969m825aPEfEKtu,410000000,1,2021-09-11T15:45:15.681Z,1708.5889163999998
1MwYzHT8ELVibNs6rMT3Ff5xSwWqicRUrP,100000000,1,2021-09-11T15:45:34.827Z,426.765015
1MxgYts5bzoVmiPnKQ3eeXNpZjzKvLSYjQ,200000000,1,2021-09-11T15:45:34.841Z,1146.432006
1N4NxfBDmpz2ZJHwak5n7HqjzPmrW5vrYv,300000000,1,2021-09-11T15:45:33.205Z,1250.1870119999999
1NCdpfNkXkRMYm6V9iSzGy1gEvXbbyCPsu,50000000,1,2021-09-11T15:45:58.274Z,210.310501
1Nd33SqZ1FipUtgKLjBx5XAP1nBVguxNcN,300000000,1,2021-09-11T15:45:58.291Z,1802.4779670000003
1N7yYpyhkbURXsMJWPfaGwi9DMgGSknB4h,550000000,1,2021-09-11T15:45:33.265Z,3256.5666485
1NdCpYVEUSgKai6gyCXDupJqSfgieSbKmK,100000000,1,2021-09-11T15:45:58.307Z,416.321991
1N7Djd9JpCyvU3yRo2k75S7EAHD3QqVZ4K,510000000,2,2021-09-11T15:45:33.298Z,2162.5529949
1N5s3S6chvZe5eE1sJrMBdNyWiopFTfXp1,100000000,1,2021-09-11T15:45:33.329Z,437.747986
1N6WFN1TQK7Zf99arFnLT3rDRWFtifxQma,400000000,1,2021-09-11T15:45:33.344Z,1728.608032
1NCxt2tZmqxQgdyx4ntus3NJHPiVL28AaZ,100000000,1,2021-09-11T15:45:58.361Z,610.435974
1N7bSJQEnMxZcK6WG8Zv2RDv9QpVYh3h93,400000000,1,2021-09-11T15:45:33.365Z,1667.319948
1N74CjQ6JgChpC2aGDMg29Q4MRHibWgRHE,300000000,1,2021-09-11T15:45:33.382Z,1372.703979
1N5dU22Vr3q6pQF2g24Kn6aRcQUCpnJrWx,50008000,2,2021-09-11T15:45:33.401Z,216.11057616064002
1NEpHbqfbPYMJJQRidmeUu3rJXbCL7NMhz,100000000,1,2021-09-11T15:45:58.378Z,417.177002
1NeDehSDy7ACGUw1RzcRGYPfri29TTTyhT,100000000,1,2021-09-11T15:45:58.410Z,416.321991
1ND3oAjPADDwUH7qLeCkg4RKm564Hy1QBY,100000000,1,2021-09-11T15:45:58.426Z,420.785004
1N8XQKMUJx1SHUAqmYaDy6HrY7NtYDyqc4,200000001,1,2021-09-11T15:45:33.460Z,1145.4539857272698
1NEM964K5GXJdWxBEVrHAicEx3fwWWKY2y,1000400,10,2021-09-11T15:45:58.442Z,65.47298052072
1NB8FB73ceUK9Rthfn1ghV1mmG4HzoMVvJ,150000000,1,2021-09-11T15:45:58.459Z,671.9640195000001
1NcU1TWBaYSgjmPKNMGvkSZnxoe9xjwn9S,1002856,4,2021-09-11T15:45:58.475Z,18.16083952637728
1NA1zFu3tR22PchzredvDEmpJZhK9bZf39,250000000,1,2021-09-11T15:45:33.611Z,1480.2575675
1NFfT9osCHW4QaomcjRYE1KmKPoh3v1xPt,200000000,1,2021-09-11T15:45:58.506Z,821.87799
1NaNKM15M4jXdLTkseCT3DuNxi9hf8FLuo,510000000,2,2021-09-11T15:45:33.642Z,2115.561651
1Nd9c5TGf2dVTUks4gTu7Svz5LgvAzGTtA,300000000,1,2021-09-11T15:45:58.539Z,1732.317078
1NbTbE4J68RMuUhJyhVNwyjfA8a9YLyWXf,50000000,1,2021-09-11T15:45:58.554Z,206.6535035
1Nabwp87FJBh9GEaLGKzo2PXNxuRgctjfJ,150000000,1,2021-09-11T15:45:33.658Z,672.4769895
1NDStkokJ9EL7P8SV2HUv6qzLZw8vdEZPv,300000000,1,2021-09-11T15:45:58.580Z,1830.6119370000001
1NArXAjjZRNpLzU23YV3HpvVhJKHY9zr1c,1089722,1,2021-09-11T15:45:33.674Z,6.787453597056061
1NeTvKfmVvHRCbaBxLrsikMErSuHewQXPS,250000000,1,2021-09-11T15:45:58.594Z,1051.96251
1NaAYYWzeRuU5eb6532wtAuyf4w4Jctxuj,50000000,1,2021-09-11T15:45:33.690Z,207.4299925
1NDZpMWesEmkxmVLr8ZZTe1GrYwVs7ATXR,550000000,1,2021-09-11T15:45:58.678Z,3688.448577
1NAoMMF3A6SPvoVHdiGBndGsTeHjmVjAyr,100100000,2,2021-09-11T15:45:33.724Z,416.812052985
1NeZdiTWNXmEwhnXW5jpvrXMJKVy1NK5W1,300000000,1,2021-09-11T15:45:58.692Z,1820.156982
1N7wZgbSVK64JfQXTAQd6XujkmcXvd4SGd,100490000,2,2021-09-11T15:45:33.756Z,427.2734330098
1NCgUvnfSNCmseAwxhd3UiziWtuXNYq5LF,200000000,1,2021-09-11T15:45:58.709Z,829.71997
1NFp2pn2S4jHQksrDDwMSeULDVspYg1ZcF,200000000,1,2021-09-11T15:45:58.725Z,1331.369996
1NdZx6t8woWsx9gYLz4BP9fxemw7XP4PTf,200000000,1,2021-09-11T15:45:58.739Z,1326.51001
1N5DYoBSQorA3bUKpeMXUJqtjpj7tZZFW4,410000000,1,2021-09-11T15:45:33.788Z,1725.7063672
1N5F3MNmmQEvyo3yGrQM7ALEEoerkuDRZe,49990000,1,2021-09-11T15:45:33.804Z,210.8028319998
1NEC9fnwCaKRcX6EgHt1svy3CAUwzq6H6v,1010064,25,2021-09-11T15:45:58.758Z,153.843107426448
1NConKgF5GwhE1yghRthx31fUFqRrZva3Q,300000000,1,2021-09-11T15:45:58.778Z,1829.622069
1N9kqtD47pXJn6BG4XjNF8srXUgSxwU2qn,510000000,1,2021-09-11T15:45:33.831Z,2267.9037611999997
1N5rjje5ahpmic3pkUMDjAZqBF8vXHBqNA,100000000,1,2021-09-11T15:45:33.844Z,420.785004
1N6gMHr6TEcXazHEj9rBcQHnh8rfqSqNk5,50000000,1,2021-09-11T15:45:33.872Z,204.774002
1NCb1kYo3DfEwWE2nQoPXstsQgnvTheERH,250000000,2,2021-09-11T15:45:58.822Z,1051.83998
1N874mgLHCy6j7BZeNFN6z8Yg93U4L5b1V,100000000,1,2021-09-11T15:45:33.904Z,416.394012
1NAVhUixJ2HjRJXk8j96tA7kp3u6oRi9Zb,200000000,1,2021-09-11T15:45:58.838Z,1155.521972
1NcpM8tECQvchSEuMap4PzPmmQLzJWp9Z2,100000000,1,2021-09-11T15:45:58.852Z,460.483002
1NdDTrPMhDLViRhaitU92K3StR5JtSSJJU,50000000,1,2021-09-11T15:45:58.882Z,204.774002
1N7SEbctS5LTMWwptyTALeD2ccCFDE1VL7,300000000,1,2021-09-11T15:45:33.971Z,1268.234985
1Neu2xBA4y7ftdFJTjXBkbnKntbaiSmFXf,150020000,2,2021-09-11T15:45:58.895Z,633.8089996003999
1N5gNDFx8HB4BJ7YehGkVQutWBx5dCx5w3,50000000,1,2021-09-11T15:45:34.001Z,209.0444945
1NFQ6k4M1N1c3a82R4zB9QKZ765BgtgUQM,300000000,1,2021-09-11T15:45:58.939Z,1829.2049550000002
1NAJ3Wv7PuKb5LuvwTWnRk8tZU9JbZCBYK,410000000,1,2021-09-11T15:45:34.028Z,1739.5562533
1N8Dd6jNLLjQWirEugU3whx73XpYWxiHu5,300000000,1,2021-09-11T15:45:34.042Z,1594.157958
1NAbShxF161YDTcUouG1kPoGUmpuC6r2qE,100000000,1,2021-09-11T15:45:34.057Z,418.040985
1N9RosgbuWiLQAvqusi7VBgbZ8qM5nxM8n,150040000,2,2021-09-11T15:45:34.089Z,635.2885221980999
1N9gKn1JbGZAtZp41k3pnek1VD2idwSB2K,400000000,1,2021-09-11T15:45:34.136Z,2309.879884
1NaLTFJZkG5Fei5LfMDrVrK4N4hdos7zgV,400000000,1,2021-09-11T15:45:34.151Z,2438.93994
1Nd6vzYF5JLepqghHHrogbNMRsx5YV4p7A,150000000,1,2021-09-11T15:45:58.987Z,666.2324985
1Ne9SFUL6zV86Emajb9AEE8uBTmMkk7MmS,150000000,1,2021-09-11T15:45:59.002Z,636.0449985
1NeKY58tuNxvQDpfsXNMxXcEGLQf8uvJAC,50000000,1,2021-09-11T15:45:59.016Z,205.222
1NCkVRtCFTN4Q4Tt8Gv6GEP5sXqGv6f4Ar,200000000,1,2021-09-11T15:45:59.074Z,844.966004
1NARX7tVs1aRZkf2nZTSEDuMwSuDiNAgTR,50000000,1,2021-09-11T15:45:34.269Z,208.364502
1N4E6EkPpNr9xVTNDzu1dAcRiMSTSRnBFe,300000000,1,2021-09-11T15:45:34.285Z,1239.921021
1Ne1XKEi2yk4fkqYDxPHFRzh6DyQtpB3j9,400000000,1,2021-09-11T15:45:59.107Z,1698.176024
1NCnujm4h9Nt7v39jC2SUfA2tUL1UfSWME,50000000,2,2021-09-11T15:45:59.137Z,217.5590746009
1ND82Q4nDuuuyZUkVjCKxekY7iPpSZ5tTf,200000000,1,2021-09-11T15:45:59.156Z,834.021972
1N9875FNrsos6pCqedARTqWrrcXrjHZQsR,50000000,1,2021-09-11T15:45:34.299Z,209.0444945
1N5NxM8SsR13EYi2BBFpfemn5xMvKTe2Sy,400000000,1,2021-09-11T15:45:34.333Z,2301.88794
1NApJxhxpdbBpeBZQcw8jziZ7VLMQot76U,150000000,1,2021-09-11T15:45:34.349Z,682.6454775
1NccN19wwmazPgv3EV9aBmFajnCEghWNcX,100910010,1,2021-09-11T15:45:59.205Z,418.590877172601
1N9Xr9HuCN8Vg9ALAPcqWoTKqVVwhmtenR,400000000,1,2021-09-11T15:45:34.364Z,2333.659912
1NffaF9P5zQDBcgxXgtdgVTwCtQ9b7GDYA,50980000,2,2021-09-11T15:45:59.265Z,213.1417665922
1N96T47TPkhRMtKbhzRBsjva3RmQB7eCcT,500000000,1,2021-09-11T15:45:34.397Z,2684.599915
1N4SiU2MTxYPqzWw3C5YMzqBVeB1t9uaaR,300000000,1,2021-09-11T15:45:34.413Z,1239.921021
1N4D2MPdwvCnGWcnRCSq5pXT43VKYgu2KF,200000000,1,2021-09-11T15:45:34.453Z,1247.017944
1Nfh7n1w66yVCsSAx9pWn6ZyAK5cn4JxKD,1002247,8,2021-09-11T15:45:59.307Z,36.3842112302824
1N5LjPyWLBP3gC4tUVmqKCqvV2ELdwdvBK,510000000,1,2021-09-11T15:45:34.484Z,2296.5503286
1NF7x6TKpvphWjUSE72s9SbU7hfQXRA9R6,300000000,1,2021-09-11T15:45:59.367Z,1340.165955
1N8PQBqxoH879Q5GQd5qhcf9XsEQfJ6Xxs,150000000,1,2021-09-11T15:45:34.530Z,645.8579865
1N8AgEjkK3SsStRdNZgrtmD6fRUtnxAe7v,100000000,1,2021-09-11T15:45:34.572Z,418.088989
1NCgc4KLTQBMjS1SPP3HcrotQZUkM5RxYL,1037149,1,2021-09-11T15:45:59.484Z,4.745661863719571
1NFgwq4oCG6tQP8Q1zxWxMZ28UuGKqG4wA,300121657,2,2021-09-11T15:45:59.556Z,1254.769783905506
1NcQnHtRmAPC5u6VY4rhiWSmvfdtRQ7wxB,50000000,1,2021-09-11T15:45:59.570Z,204.774002
1N88UaMywfrgq62ysLvzQgFRM1XdepcfU3,50000000,1,2021-09-11T15:45:34.602Z,208.197006
1NamDG6HPFSXNZ88iCJeTEcnyGoQbKrdPb,1009130,20,2021-09-11T15:45:34.620Z,135.34996772756395
1ndop3fzoYfmKN1iQQuCh3uFdESUFqKJd,50000000,1,2021-09-11T15:45:59.585Z,208.4149935
1NFAY4TA8sPNmMsjEuYcTjAJnT2JsnMCWW,101480000,2,2021-09-11T15:45:59.624Z,430.50960662240004
1NczRGZ3LVbPPTJh9ECi6N3KrrWbj61pme,50000000,1,2021-09-11T15:45:59.638Z,208.218994
1N4jizV2mbJL1VZixz6rNZrHkuQc5mB8MS,5995367,1,2021-09-11T15:45:34.689Z,25.322810619558624
1NAQJP1ygSETGDx7E7dsVrgF8bnGBfzHvQ,1001927,4,2021-09-11T15:45:34.708Z,23.0085319671746
1NBYytdgu9pYpRZntX9dEBVhvjhQoEa4bT,700000000,1,2021-09-11T15:45:59.653Z,2900.247098
1N5DdeyHY7HSAuKVBj7g2tYhehW3oBxWwX,410000000,1,2021-09-11T15:45:34.764Z,1737.3094368999998
1Nb2o5FCq6JVACAL76H938xtv6axAdjKE1,400000000,1,2021-09-11T15:45:59.696Z,2693.3479
1NfoYhPkheJvz38JrcgUpMA6p4LJjWBuHn,400000000,1,2021-09-11T15:45:59.712Z,1740.491944
1NdFXZzkzLsQCDmZ18uSLQvSmjyQBcnk6R,200000000,2,2021-09-11T15:45:59.741Z,1352.5947826005001
1NBM4ujNYZArWD8a7kqSZeuiHXpxot4aG,410000000,1,2021-09-11T15:45:59.759Z,1848.6694549
1Ne1f1ibF4BgfytbJDQCRTwmMSg1XBPFZ6,402680000,2,2021-09-11T15:45:59.775Z,2134.3649834104
1NaH3Cjv5qNZme23JVgZ8dmxRfL1FtUfX7,400000000,1,2021-09-11T15:45:34.810Z,1643.75598
1NDh3D5P5JeZuK6eAHRquhcZgYRqoirkJn,300000000,1,2021-09-11T15:45:59.811Z,1851.362916
1NgvGnG515hxQKE2Db4y3qNWkcpSJuStxo,200000000,1,2021-09-11T15:45:58.254Z,1308.19397
1NLVZkXoAkVJnXgNexmAWxSCkhB4o9ncDZ,150000000,1,2021-09-11T15:46:17.382Z,689.4044955
1NpeeQpiBM3b8CoxjR1G1tUX7ikoJABkU2,150000000,1,2021-09-11T15:46:17.399Z,690.724503
1NPu5RpiiXMZXLfaaq3fjdvR8yd1QcdmkB,300000000,1,2021-09-11T15:46:17.417Z,1250.489961
1NnLf4AJ91tJayvwBBZgSFo3zcPnroRCHM,200000000,1,2021-09-11T15:46:17.448Z,844.745972
1NKS7FjvVNFee7WXscA3gcKLarH5puPJfY,400000000,1,2021-09-11T15:45:58.325Z,2302.147948
1NnnXoZzAX19rJsAiikBAWbuPoPdXAvgfa,100000000,1,2021-09-11T15:46:17.464Z,416.729004
1NL1Mn3yhe7sHu9AFb1B3gxxA1aoxRCZpY,400000000,1,2021-09-11T15:45:58.343Z,2562.248048
1NHL61wdxzbZUhEfqhcn65S1ppofH1yk5S,400000000,1,2021-09-11T15:45:58.395Z,1698.176024
1NoBNcV2EPhyrDLLAXDQvze6TLCReefa6a,50000000,1,2021-09-11T15:46:17.558Z,204.774002
1NMc5L6BkHQjhrMe97HxFrEa6z5znjcNnW,300000000,1,2021-09-11T15:46:17.575Z,1249.547973
1NoJwbdPo4iVxcSTDmhXS4ULDQYBBH1EYX,50000000,1,2021-09-11T15:46:17.605Z,208.197006
1NPpGFHR7CVN7QRq6Lfz4aEa6MHJQn7bJq,150000000,1,2021-09-11T15:46:17.683Z,689.4044955
1Nojw8bSPDYnatMA7aawqL3hij1Cw8pGiC,50000000,1,2021-09-11T15:46:17.698Z,218.873993
1Nk7UgYe9daYgHQVvb4sDxJmhy6h6arcXb,400000000,1,2021-09-11T15:45:58.493Z,2438.93994
1NHTngGJ719DxxvGUibxrTp1TGdsQSoFA4,100000000,1,2021-09-11T15:45:58.524Z,416.729004
1NmTETugypfug8Rjfr5kBxEoPvNSPQmqb8,100000000,1,2021-09-11T15:46:17.713Z,420.735992
1NQ7N5PJupan46u8eA83jhA7eihk4LNNsT,100000000,1,2021-09-11T15:46:17.728Z,423.412994
1NneGZGmn3HR6h3gQaY6Ab5p5WCUyTfTRp,410000000,1,2021-09-11T15:46:17.779Z,1735.9932754
1NJ88MhBJNydxada4EgYqshGE2pCADBK2C,100000000,1,2021-09-11T15:45:58.609Z,416.729004
1NFRbggkxmVqNyXbduAoVWG74CY4k2ydss,200000000,1,2021-09-11T15:45:58.622Z,1326.51001
1NkXgvGDfHHoGrerCPjhYoThvGNH8BLrw6,300000000,1,2021-09-11T15:45:58.635Z,1251.032958
1NJ2qSBJNDyReB6vVfMWTgQ4rWZQ3sASRo,50000000,1,2021-09-11T15:45:58.652Z,206.6535035
1NMhSgHSMEKAatY88ooaWiiLkQvie2sCYi,1140302,2,2021-09-11T15:46:17.812Z,13.39989453528684
1NHnrWizhB3DjUeSWG6Dk12m4rBh1vr7Nf,400000000,1,2021-09-11T15:45:58.665Z,1641.776
1NpiVeGXMJy1VDxNc58k94KfJeig5QEbNp,50000000,1,2021-09-11T15:46:17.846Z,206.6535035
1NpFiGzNXiZ6Vea87aEbKD95vDpfGchssm,301980000,2,2021-09-11T15:46:17.862Z,1352.7979640574
1NoQ3dzLCayHer1a4uXkBAyjLSRDzJfSTR,50000000,1,2021-09-11T15:46:17.876Z,210.436493
1NQiPeeogPF5wanJMGX4u2m97ALy9EpYEr,250000000,1,2021-09-11T15:46:17.907Z,1415.88745
1NPz44dqSKxV56BQmV79ho5iNWdLcjoGMA,200000000,1,2021-09-11T15:46:17.941Z,1261.71399
1NJoKUmz31dfn8FhaHzC4P9u5ccZTAzAfy,150050000,1,2021-09-11T15:45:58.793Z,641.3121799935
1NmeGZJ9JgWYD1fk2KPaxLisgnyhPk7Gg8,300000000,1,2021-09-11T15:46:18.005Z,1850.256042
1NQKFCyhPsRdJ9KMgTzhaEWcSNGtHuSxXU,400000000,2,2021-09-11T15:46:18.038Z,2562.248048
1Nh2JQ3U7v5b8aKUgBxoQCSiEL61dicrD,50000000,1,2021-09-11T15:45:58.807Z,208.218994
1NoFzJJbR26YtovovBfvaKfKt4fg9egEuC,300000000,1,2021-09-11T15:46:18.054Z,1244.44803
1NJksuVcELHu4QXEdt2LvdmxCXuhSs5rkt,50000000,1,2021-09-11T15:45:58.867Z,209.0204925
1Nic2wnDWeuDhKhy7zArXSET4eu7LGJDRQ,300944904,2,2021-09-11T15:45:58.909Z,1265.837470672738
1NJFADuREb7ApCM8NABvsDzxuRA4nCA9yM,100000000,1,2021-09-11T15:45:58.925Z,437.747986
1No5xAHb3WzEMCAhanjak6hTGLk3h3JJ3L,100000000,1,2021-09-11T15:46:18.129Z,422.372986
1Nj6jyKHvDtQNZkWhtojhq69uPBa7hTFEo,410900000,2,2021-09-11T15:45:58.952Z,1710.9629953079998
1NQbbDsKHhTmYwHXcLWi9SCkS6CvMhaKrD,400000000,1,2021-09-11T15:46:18.144Z,2617.872072
1NfQS9Va4zRU39utKNHK4tpHNSMYhFgWuz,100000000,1,2021-09-11T15:45:58.969Z,421.444
1Nq4W8hPWMN1Kq1yVfNR79dwTQe1H8pjFW,400000000,1,2021-09-11T15:46:18.174Z,2692.424072
1NomRCgWgoWHkWRECGN3WH9Na8C36Qodiv,400000000,1,2021-09-11T15:46:18.238Z,2368.412108
1NG4CebCcHfnmBnjgoYgK2qcsnsY5HaMt1,200000000,1,2021-09-11T15:45:59.031Z,1178.23999
1Nj68m3CESCrryAXpnpJybDKvxH1YB4bbR,50000000,1,2021-09-11T15:45:59.046Z,208.565506
1NLmiMJ9Dz92wBZWCvQsRm9UKuYg69vqTD,200000000,1,2021-09-11T15:46:18.286Z,1331.369996
1Ng3ZaaFn7GwN1sLhSynpoGnMMBvyaisLS,410000000,1,2021-09-11T15:45:59.062Z,1707.2154491999997
1NQEsiMZeptSXofptQkeXH5kqEYv1q2o9i,300000000,1,2021-09-11T15:46:18.299Z,1297.557036
1NfZXiac4ZCpc7YHydWwpSLrXKQeNZy7RS,400980000,2,2021-09-11T15:45:59.092Z,1686.6060938195997
1NH1zM55RksEMMQGG2YnAJAs2E8f4qgUns,50000000,1,2021-09-11T15:45:59.123Z,208.505493
1Nj6pkXLWgyV3mkJoQFXQC1eaLQPS8QqeX,300000000,1,2021-09-11T15:45:59.172Z,1261.863006
1NGRtey873TXXdBpDZR8yRXBg4wQAvJthH,520000,1,2021-09-11T15:45:59.189Z,2.3370099376
1NnG1SQK1yZg4ApVgdhUEgDNnS7AAr4NDa,510000000,1,2021-09-11T15:46:18.371Z,2124.2315541
1NkhCWuZLkssyHDTMqdYC47KKVgakbi1yn,300000000,1,2021-09-11T15:45:59.221Z,1824.1290900000001
1NLKjoN5jTJayzQm8W2XwEGvAyFjyH8fTk,1385600,3,2021-09-11T15:46:18.387Z,18.621466908384
1Nh6U6uCUoDEbPXdhyKt2dV5vRAddpD793,50000000,2,2021-09-11T15:45:59.235Z,225.4474945
1NPfyVMfF8MkC3XRiPm45wjDoyoQW2KatY,200000000,1,2021-09-11T15:46:18.413Z,1331.369996
1NfywDYqngdpMHsfZeFcahSpJzYrtccSQj,200000000,1,2021-09-11T15:45:59.250Z,1313.984008
1NqgKaqFwHvo8J9m8kj9D4YA8nqLgr4ip8,400000000,1,2021-09-11T15:46:18.427Z,2422.771972
1NFTUHNqj6M1cvM3W8fvFAHXDr27qBYQrB,450000000,1,2021-09-11T15:45:59.279Z,2738.8528739999997
1NoahJwEB61dMkxQNGLariKaC3AzSvGhYN,150000000,1,2021-09-11T15:46:18.443Z,664.0139925
1NpHx1ogtubJQ7ER8QrqADqYrWRTbL7NsU,50000000,1,2021-09-11T15:46:18.456Z,206.6535035
1Nq3X5Vm9PgfbckUjqXFNk8mmZiJQMCRsy,410000000,1,2021-09-11T15:46:18.469Z,1738.5229958999998
1NfuK2c8LwWDveYBCkFNDmNaGnmMeVHmwt,100000000,1,2021-09-11T15:45:59.293Z,416.394012
1NL4xPn8pGGvYq1G1yuQkXegsfmo1dnAEX,200000000,1,2021-09-11T15:46:18.482Z,1185.380004
1NM6jk23LYZ15tQ3kPmMuNCxMgyL59DdMb,300000000,1,2021-09-11T15:46:18.495Z,1829.2049550000002
1Npe4KA5qPNdKQnGn26tyu5DsZzNg48vn4,50000000,1,2021-09-11T15:46:18.508Z,219.399002
1NkxQKT6qxDrMPdNWhRM4JbzZJ488cHa34,510000000,1,2021-09-11T15:45:59.322Z,2162.5529948999997
1Nh4fVjNZh5LF11TgyMyZxA35snXTpGRnN,400990000,1,2021-09-11T15:45:59.337Z,2326.4718298693
1NiPp7xMAT5jUFGQ37xhfnY2zp2QwnoHKH,200000000,1,2021-09-11T15:45:59.351Z,1229.088012
1Nh8vHeZoZdpKA9qgtoYJBQsKWDxJLgrcj,200000000,1,2021-09-11T15:45:59.379Z,1316.156006
1NG7NnbeT79YVGjzuiXw28gJ2ADbWhHk8K,200000000,1,2021-09-11T15:45:59.394Z,1322.569946
1NhEp7i4StNER7Af2iCyQUfXSvquf7tsfo,100000000,1,2021-09-11T15:45:59.409Z,416.394012
1NjJM6QnsUfGuxpdZ8CG9GQxqy3EFfNRoy,200000000,1,2021-09-11T15:45:59.429Z,1316.156006
1NJSbeWpXb9EpndcirnGHpKFfBDyLcwg1Q,100000000,1,2021-09-11T15:45:59.445Z,420.735992
1NQbYZnCzCmpjZJEeBdYAgXivkRrogpvoD,50000000,1,2021-09-11T15:46:18.558Z,208.9799955
1Ngo4ijQ8CewNtCgYn9vgbjVJKVrK9kA7f,300000000,1,2021-09-11T15:45:59.467Z,1788.8939219999997
1NNEo5F9FVKAoP293nqbkwazyTUiVp3gtJ,510000000,1,2021-09-11T15:46:18.623Z,2123.6094611999997
1NGRYpPfBLSFq8UEYwkSHoukayZT9WoGNu,200005140,3,2021-09-11T15:45:59.498Z,1265.688533359354
1NKgqEkQ64vjJASc2RLTBbKHdjPyNDP17,410000000,1,2021-09-11T15:45:59.530Z,1707.7155630999998
1NnyD3HD7D84XqdxAc37dMLaqfKpt6iwsZ,300000000,1,2021-09-11T15:46:18.647Z,1350.9119580000001
1NM3FAieZzZDGh7Lc7NA51JkjK6AeGU2zY,400000000,1,2021-09-11T15:46:18.675Z,2441.743896
1NHusjeZwC8goCs8fdMCE6fXRgQCMBQzW5,200000001,1,2021-09-11T15:45:59.598Z,1213.1800600659
1NhwfrtXiLTxA6GUc1jbtshzvMVLmPto1G,200000000,1,2021-09-11T15:45:59.611Z,946.927978
1NoaLHeoF1TufySkZXxSFpcu7fKfnUtca5,1293176,4,2021-09-11T15:46:18.716Z,31.663827969411845
1NovVLybmMrs4iq2yyWub1XrisGRHWAihU,1047086,5,2021-09-11T15:46:18.729Z,34.2642149547774
1NqGoXPH4VdrYcYZzVQ5qMygGbvPubpHNs,100000000,1,2021-09-11T15:46:18.742Z,424.029999
1Npe88qDXuMsT7jUR18mBHgwHfoS2CUSyo,300000000,1,2021-09-11T15:46:18.770Z,1917.578979
1NPPEWx78H2Qp97hsZXXKNXQYK7boY7Lsk,50000000,1,2021-09-11T15:46:18.786Z,204.774002
1NgwScSmZWUWgVVY9F3mu5es4sh25YCzSs,50000000,1,2021-09-11T15:45:59.669Z,208.505493
1NHayeA7L59QJFEM2XVWu4GSiX6mt1v19p,400000000,1,2021-09-11T15:45:59.682Z,1672.355956
1NnLgrjPFbw3eKh55UECUfs48onFLAMBDo,410000000,1,2021-09-11T15:46:18.834Z,1700.745641
1NLAxrxeTUtWe5mU8Gnvng9RFSqtLfRQ2W,52352116,2,2021-09-11T15:46:18.850Z,219.57053899549274
1NhdfXUWPdvfebKFFgKwptwaPkUSQ1GtqL,50000000,1,2021-09-11T15:45:59.727Z,211.3724975
1NnCAe8NRR1w4Xtibzj5drbMF16sbHodEY,100000000,1,2021-09-11T15:46:18.886Z,437.696991
1NMZs4SJwRjF7ri8S3m8ws1nLQW5Ydst3d,1005287,35,2021-09-11T15:46:18.901Z,148.6508343710509
1NMpV6N2wPtcBG3A5J1DiSJ29ipjpFiZXP,300100000,1,2021-09-11T15:46:18.923Z,1254.685055989
1NhctTViEws69yakYmnEHoqLEFNij4R85m,400000000,1,2021-09-11T15:45:59.795Z,1682.484008
1Nj5PvZUdfPLeo2MuBRAsJ1K32iJftasV8,250000000,1,2021-09-11T15:45:59.826Z,1466.8824774999998
1NYndPZEqVB84NhW2gXRRA9JfY2tk9JQin,100000000,1,2021-09-11T15:46:37.109Z,446.721985
1NUDDeGsNK1MFB99fyxuu5X96mURk1V2pZ,100000000,1,2021-09-11T15:46:37.141Z,418.040985
1Ns5RPhNrkX67sN2V6xUQU1na4Msyyj2yQ,200000000,1,2021-09-11T15:46:17.433Z,874.328002
1NsyVfjmbaAZsKJBnJPpnNmLmrNhUoEWLm,200000000,1,2021-09-11T15:46:17.477Z,1052.465942
1NT7iS5bnEG9TXrNr9KMoWLtMVZ82s4bi6,200000000,1,2021-09-11T15:46:17.491Z,1150.08606
1Nqq5zfdiUqkF87yYxDoenExiNwGVnqWPa,100000000,1,2021-09-11T15:46:17.507Z,422.372986
1NsSunGpJ5ajXmjn89CBM9n2BSMgepQLuU,102000000,1,2021-09-11T15:46:17.522Z,437.16282306
1NsGAChqFMxTbZhT5zBCDcYU32YSNg9FyT,100000000,1,2021-09-11T15:46:17.540Z,420.735992
1NXtJH6ECSiEuVn93xXMFZ99KrbXndVwQE,500000000,1,2021-09-11T15:46:37.166Z,2908.2251
1NS67oRU9d1jH7kCJgZK19ex2r6ExKPQ8H,100000000,1,2021-09-11T15:46:17.592Z,639.192993
1Nvw9hmovA5WbfQPsafKqzgWQ4Z4CdiUBn,300000000,1,2021-09-11T15:46:37.202Z,1841.9489130000002
1Nu9oBf7ZQYhRQo54FwAkPsqZZMUSndRzu,510000000,1,2021-09-11T15:46:17.620Z,2132.0090235
1NQLD7CQVaQQKaQ5Y37SUekWUK5quFLYuH,400980000,2,2021-09-11T15:46:17.635Z,2672.4698919168
1NuHzPrP2hhBMVsAZtye9MKuQ7peSVKdiR,150000000,1,2021-09-11T15:46:37.250Z,666.2324985
1NtbKztCGEXnq7UbxgctdDaeAWXPe9gbTZ,300000000,1,2021-09-11T15:46:17.651Z,1807.875
1NSbRMkjH4WdKBSF7r9tMQLBWEb11ZAs2K,50000000,1,2021-09-11T15:46:17.667Z,209.0444945
1NxyJcUp2FeLp6KFonCaBQrS9BB31jrZUV,50000000,1,2021-09-11T15:46:37.263Z,208.1609955
1NuVjHpw3oduSUmqr1zNs8FPJZMdZhReSU,410000000,1,2021-09-11T15:46:37.278Z,1707.7155630999998
1NQZdZbP2PodX4onDwP4DHDcMft6WhSGUt,50000000,1,2021-09-11T15:46:17.745Z,205.222
1NxmEDMSs2mxCAHqbma7eruaBfRUfXwzrf,50000000,1,2021-09-11T15:46:37.294Z,207.4299925
1NUbAgSCegv2tpHd9TAqJeTQZLJTFB42Ao,410000000,1,2021-09-11T15:46:17.761Z,1708.5889163999998
1NXPKjSNxDH9Tx5sPwUK86unx2jonnAd6a,300000000,1,2021-09-11T15:46:37.310Z,1726.890015
1NxuMQLA863iWzeADnmsmYTKe6vK5CfESR,400000000,1,2021-09-11T15:46:37.325Z,1698.176024
1NqM2if5mEunWc9S1vrfdc6Ku8icKM9eKp,510000001,1,2021-09-11T15:46:17.795Z,2289.9560330901095
1NxYhJxrUtbZzPRRjDYocxwNLK6TsTuVkW,410000000,1,2021-09-11T15:46:37.340Z,1735.9932754
1NVGhf4bTJfdf5Ggk4Thw6Mh5MZq4bWeMY,53383428,2,2021-09-11T15:46:37.352Z,230.89347535733134
1NsLhgmJcJSVQnEbNkas8txCAoJmwmrdzr,1566466,3,2021-09-11T15:46:17.828Z,28.329943951280406
1Nw6dXSsYr3GZWfWkuGuu2FEs2FEHVt1ev,200000000,1,2021-09-11T15:46:37.382Z,835.919982
1NtEN9DiWwri3DA1Cw3qT1FWzvVPAVTHtX,50000000,1,2021-09-11T15:46:17.891Z,212.272003
1NV9Mgjzk4sqUD12B2bzcZZq256MiRYf1g,400000000,1,2021-09-11T15:46:37.397Z,1816.651976
1NXU8kTW1wiJmP7ak82uoasjvKNuzv1Dfr,300018230,1,2021-09-11T15:46:37.426Z,1726.71588139273
1NX5myHndApwtZyp6ErirrprTENwhFGvju,1007530,1,2021-09-11T15:46:37.462Z,4.5298447946247
1Nvs3vaed4CT5FkpEbbvpPeGrueAyDjRi1,300000000,1,2021-09-11T15:46:37.477Z,1788.8939219999997
1NRoaTsrG5MmubG6dd4m4MZvSkrWY8eJN9,5000000000,13,2021-09-11T15:46:17.924Z,269081.79024999996
1NtWBf3KD4dKmrHWtBqVorM4x68LP6ugXo,510000000,1,2021-09-11T15:46:17.957Z,2267.8119306
1Nwq7e9ggpzjbs2fX3YRZFEwHXe5DWqiAv,250000000,1,2021-09-11T15:46:37.521Z,1629.4599925
1NrhRzCYrUvtUX83Wgwnh2bzwRd5V5tcSH,50000000,2,2021-09-11T15:46:17.973Z,211.18649300000004
1Nsx6WVHaydq9m6ceHPCXpzaBtHBHwRB86,250000000,1,2021-09-11T15:46:17.987Z,1477.6350400000001
1NReK8XSHvJmZdHgzSo6jjJQ7t3bw3QcWH,100000000,1,2021-09-11T15:46:18.022Z,572.302979
1NVkRomNMhb3EZjBPFdh7Y9Tt9j4PpiLiE,100000000,1,2021-09-11T15:46:37.599Z,420.735992
1NsC7Nf5XaVikLuKp78dVzTLBTEwUsLrwp,50000000,1,2021-09-11T15:46:18.071Z,218.873993
1NRh7rSCAXHC6aVLGqHnnp4TqAWKij6Vs5,400000000,1,2021-09-11T15:46:18.087Z,1695.956056
1Nu83DdbnEvZPHXiDAzENpTAZ3HYPNLLuV,200000000,1,2021-09-11T15:46:18.102Z,1245.722046
1Nt5bUNwqFBk26f7JZNgHDbEjbCLqXGkpx,300000000,1,2021-09-11T15:46:18.114Z,1265.070006
1NXDDQL4jHohQygU6WJC7qX5R7n8DY2H51,50000000,1,2021-09-11T15:46:37.641Z,210.310501
1NXuEHfaysijPJ3gNF2xgLGQ2rhC3fUagV,250000000,1,2021-09-11T15:46:37.668Z,1480.2575675
1NY5m4hHCc6dt21gBTnpTrWbcvTN7MuRXV,250000000,1,2021-09-11T15:46:37.681Z,1666.307525
1NRzMmNBPmrHp9cC7pQq3FLZcPLET2FmqD,400000000,1,2021-09-11T15:46:18.160Z,1682.484008
1NVkPPkcvwcDyUWSzRb9PFC7UaCqrvKVWs,400000000,1,2021-09-11T15:46:37.696Z,2682.508056
1Nw2Y8YRZjvB9zDPTauXa8p1JWKeTLbs2R,300000000,1,2021-09-11T15:46:37.726Z,1261.046997
1Nvra2KKgPezJ5J3zZN7QAKEekX95hqJPF,150000000,1,2021-09-11T15:46:37.770Z,666.2324985
1NUkigDc38dr2eKzkGpUkSUWqtksmouT5J,100000000,1,2021-09-11T15:46:37.796Z,422.372986
1NRy3ESWNqu2EZFt6JT6iJg7bU3NHhWvBQ,250000000,1,2021-09-11T15:46:18.191Z,1477.6350400000001
1NuYMUSD9Z6d7DQsfgM9bwAJM1YSuVPzm,400000000,1,2021-09-11T15:46:37.812Z,2666.607912
1NR9gRT3Fr2kw1P5fdSxAV7wNiLGUTT1Gv,50000000,1,2021-09-11T15:46:18.205Z,205.4694975
1NSGJHacTnADL2hg3JKztUw5VgtQBjifEu,50490000,1,2021-09-11T15:46:18.220Z,212.45434851960002
1NydyBQ1k3Ej84s2kDG2JTSF3isYSNydXM,200000000,1,2021-09-11T15:46:37.827Z,843.302002
1NVziygK7oL9KAEqFA3HwxiDNShMUe9ijs,300000000,1,2021-09-11T15:46:37.840Z,1251.032958
1NstD1JsDns8yGRUqM1mWUqFsg7B78v3Wg,400000000,1,2021-09-11T15:46:18.255Z,2356.47998
1NS4joLXTEtixLWz1SrQSiEjfvToWSsJ3w,200000000,1,2021-09-11T15:46:18.270Z,1211.968018
1NvAMxLoQe153VrSxsyBykVVfepCJ53kJ5,400000000,2,2021-09-11T15:46:37.901Z,2602.476076
1NQMqs13mrEKrPJcbH5tVQqYUrsrAriroE,404092650,1,2021-09-11T15:46:18.313Z,2336.8233487994266
1NrrxSYQ2RvVvk1SD21YorbYvZwZsqiWQZ,200000001,1,2021-09-11T15:46:18.327Z,1150.9439757547198
1NsuhXiQqb4HNxVch1D7k8BoApDKzfM7CQ,100000000,1,2021-09-11T15:46:18.341Z,416.515991
1NSCFRvq66X8CQ2pxopweM4xPXutXFLo54,400100000,1,2021-09-11T15:46:18.357Z,1687.181698002
1NuKmiLRqkvjVzoPA9Mo8YErtHSdtymJoh,550000000,1,2021-09-11T15:46:37.917Z,3162.7366650000004
1NwpCXLEJczrqsvjGUkpvGLJAQNVU2haBt,410000000,1,2021-09-11T15:46:37.935Z,1727.9204
1NQMFFg5TJydsp3LnLgtSC239xmGpaTsXC,100000000,1,2021-09-11T15:46:18.401Z,417.177002
1NUnyPmLwrwagvBBtyJHcTiXK93QWYkp4J,200000000,1,2021-09-11T15:46:38.025Z,1217.267944
1NynFQ4xAz1Lypo1mzHcDmmEt4tkfc4eK5,250000000,1,2021-09-11T15:46:38.044Z,1690.7400525
1NUTnZXkRpPJxg6TAZhuCWkfAYojmHZHAx,510000000,1,2021-09-11T15:46:38.074Z,2132.0090235
1Nt9qgeaLRhsF1RbAi9VsiYFjvkwntfeV2,50000000,1,2021-09-11T15:46:18.521Z,208.505493
1NXMTfHoxuRuZYA3pij1Tf27JgoQVR7fQu,200000000,1,2021-09-11T15:46:38.136Z,1175.55603
1NutdRRwh1FmJ4RjrMurJkPLjJZAQYL9jv,50000000,1,2021-09-11T15:46:38.152Z,204.774002
1NvYCBgeaW7GJXf25dr9781iyPWJQe8JB,400000000,1,2021-09-11T15:46:38.165Z,2660.048096
1NuCvUAWMNpPfRd3QD6eFWqNSFRYDpK5T2,400000000,1,2021-09-11T15:46:38.192Z,1686.760008
1NtfifLP2pLyBsevxno1efH6zafJkXzkdm,400000000,1,2021-09-11T15:46:18.539Z,2491.444092
1NUMJZ2vfrkhmCcCoFq6LB877vsFqrmmHT,200000000,1,2021-09-11T15:46:38.222Z,1229.088012
1NvP7rtWkEe1TGm1AaA2xhit1EQ6p38M36,200000000,1,2021-09-11T15:46:38.237Z,843.302002
1NsPVB35M8svsm3E2JaitDVcrHW1Zf1vgr,150000000,1,2021-09-11T15:46:18.594Z,667.003509
1NSpA7gmxjNRH6M4UD9eBP1ZqzoFnBKhjs,400000000,1,2021-09-11T15:46:18.636Z,2433.248048
1NQx6CmTu5FjWoUZRxKgwvCc2yVYqmk9tR,300000000,1,2021-09-11T15:46:18.662Z,1254.266967
1NUidK4hoAUXamfPiqNqRPAVGbbTUoZRAW,100000000,1,2021-09-11T15:46:38.300Z,437.747986
1NwSTpCrvxAi6bukBzPiEv3SK9GnDoAJrE,550000000,1,2021-09-11T15:46:38.314Z,3191.0010385
1NStEoDcPM14UUiSMFe1Qb89CZt8SaxEU9,100000000,1,2021-09-11T15:46:18.689Z,420.785004
1NSdALiQEVhfcjDMpB1jV8YuDNE8mJtLuh,410000000,1,2021-09-11T15:46:18.702Z,1700.745641
1NRFkj4rn3dMXNuxEtisN54d2A2PdJWCw7,200000000,1,2021-09-11T15:46:18.756Z,1326.51001
1NTHmmDWmhC8GKfMeokJsr6kQoHyFjhF1e,75000000,1,2021-09-11T15:46:18.803Z,331.04175599999996
1NSXKRgutPa6n7wtwunFKDZq65EMkGP85q,300000000,1,2021-09-11T15:46:18.819Z,1913.880066
1NWPcp5PrsHTUb6E6yntkevPsDTmz3PKfA,700007178,2,2021-09-11T15:46:38.401Z,3719.7410846687712
1nYkwGhRCfmyAgwkCEAwkcYNjBGnZzcya,400000000,1,2021-09-11T15:46:38.415Z,2410.5
1NyHqBK1bbS7YkXXotXC7orMmTvGjK9Vky,410000000,1,2021-09-11T15:46:38.432Z,1710.4257082
1NwhSaD8DZqo5HFsUgf8mQGBVNs2r1LTrv,100000000,1,2021-09-11T15:46:38.496Z,418.040985
1NUnPKh3xtqco2NuQgma9pivup38FoFqSB,100000000,1,2021-09-11T15:46:38.514Z,416.321991
1NqZQuhePVtkVNadRdpmP4WiJu992VRF4V,400000000,1,2021-09-11T15:46:18.867Z,1668.524048
1NXi1FTtPUciKBcVqszwgiXvTcUUzuJoqo,75000000,1,2021-09-11T15:46:38.529Z,337.068741
1Nw2rfY5UoTjgH76kHb9xCwGcb6S9xHyaL,300000000,1,2021-09-11T15:46:38.563Z,1244.579955
1NRnC7FVhi2yzpHbNYm9taj7shRdWFrj7C,50000000,1,2021-09-11T15:46:18.941Z,218.873993
1NUuCiXEqxYNPiFdx6fnDagRwYfjPAtvoT,400459856,5,2021-09-11T15:46:38.580Z,2425.5572875698904
1NVQYjnGrBDX4UgniAwLCzn2cZW6pzoGDM,100000000,2,2021-09-11T15:46:38.596Z,433.27043635
1P3bWT24QKHHo2YcqsJecx86tdSEki51dP,50000000,1,2021-09-11T15:46:37.129Z,206.6535035
1o6yi4X3zq6noZcbRPEvFSM5xgX8PWJrs,100000000,1,2021-09-11T15:46:37.154Z,423.412994
1P9x2oaKq9QaFxAyxQbAQUuz2MZNMRbsdS,1002293,1,2021-09-11T15:46:56.519Z,4.49003221997809
1PBJAR43RzrxCCPGiSTPE3cocigdyytrZQ,50000000,1,2021-09-11T15:46:56.533Z,208.565506
1orojkFSqfb8QJZ6kvCPFoMw7HigpnMDF,5000000000,35,2021-09-11T15:46:37.182Z,737889.2517499998
1Pb8yDLm14jB1ck76qRBh1xeuDGayKezhq,150000000,1,2021-09-11T15:46:56.565Z,625.0935059999999
1Nzaxg45FbnMr5y41rEtGuPSDNTVpz4vPN,200000000,1,2021-09-11T15:46:37.221Z,1150.08606
1NZ2dfThZw91UxDAvTzWPJbXPXMThWp7bH,400000000,1,2021-09-11T15:46:37.238Z,2289.211916
1P7BJRMRjGShscAiMaNEEnm42niiiSWYEx,400000000,1,2021-09-11T15:46:56.629Z,2660.048096
1PAAuP8HPhYCCGkU6uNdQoZ1cK5eBtFaP3,100000000,1,2021-09-11T15:46:56.658Z,437.164001
1PbhxAzQAwcAbad7TPMLak6y22z6TQWT6S,300000000,1,2021-09-11T15:46:56.687Z,1251.5310060000002
1NYSZLnfe1ntHLecQTUqL9p4iDYXcF3npm,150000000,1,2021-09-11T15:46:37.367Z,674.3984985
1P983N85jzsRA43pDa7qYguCPdzRGL9UTb,410000000,2,2021-09-11T15:46:56.701Z,1823.1429246000002
1PBQVQX5v8MirkxvzD9bJAt4ca68WYCApU,50000000,1,2021-09-11T15:46:56.730Z,210.436493
1P8JPMfMv8kPTtze4tw13WQBScf25AiDWJ,400000000,1,2021-09-11T15:46:56.748Z,1653.228028
1oGMRNvHx9k3QArxwRu1XZsADipNs9U59,50000000,1,2021-09-11T15:46:37.412Z,218.873993
1ofTJjUckJS3EaqXdY7394tH4NGKnQRJ4,200000000,1,2021-09-11T15:46:37.441Z,1062.771972
1P7WSUHcFi3PjqrBkSDDkK1TisT3KoT7RZ,400000000,1,2021-09-11T15:46:56.761Z,2432.17212
1NyoCQAVFz8jFkDusQdkVQX8eE5CRTukAo,200000000,1,2021-09-11T15:46:37.492Z,865.038024
1NzLp9MopMoTwYeuRKfzLC6vZKrG4oaJt6,200000000,1,2021-09-11T15:46:37.506Z,1333.04602
1PBbgFDKfyDSGzzQAN7BnFa27nwDJGKZDR,50000000,1,2021-09-11T15:46:56.775Z,208.1609955
1P9bCXJvkuooXrP7ZcEjPjBvXgnvFmM3wN,200000000,1,2021-09-11T15:46:56.788Z,1175.55603
1PbtrAMCLkBjKsiqoyjXUurYvvDVD74wnv,1055874,17,2021-09-11T15:46:56.807Z,81.62984961679275
1P3LrSvZ5k1yw44178vesZABU4i1SkTb67,150000000,1,2021-09-11T15:46:56.822Z,894.4469609999999
1oNnaN9eEpXf5CxaYM3pJfiqYAYY1iMtU,150000000,1,2021-09-11T15:46:37.538Z,671.9640195000001
1P2XVS7LEwkm3ehSeNMKGhNj9y2e9j1hDj,400000000,1,2021-09-11T15:46:37.555Z,2607.135988
1NziZvCXdF79PKYWeELVByLMN4LKtq1aCj,300000000,1,2021-09-11T15:46:37.570Z,1745.0910629999998
1PajamUTmyp2JrjjziBWERuVtBQHg1Pdzk,300000000,1,2021-09-11T15:46:56.840Z,1261.863006
1P6wow5ix4Ba1KfveDdDRXcjtocfdevNi7,100000000,1,2021-09-11T15:46:56.856Z,418.040985
1P9NrUxQKT4e4oRTJLNVawi7gtrWh6rTVi,410000000,1,2021-09-11T15:46:56.870Z,1708.5889163999998
1Nzpu8821gEBZBeF9xw7LmytUX5EHajuWE,300000000,1,2021-09-11T15:46:37.585Z,1856.982057
1Paem5x2M5acXy4FMStPm4kFEcjS9JWV3w,400000000,1,2021-09-11T15:46:56.912Z,2452.083984
1p5bd3QwEVkMd7iSTCRLJ2fzV6HQ7whKo,510198000,2,2021-09-11T15:46:56.928Z,2164.4180161562404
1NZdYPEeduVkCjETCLzxhm8t1zgzqvNVZu,150000000,1,2021-09-11T15:46:37.612Z,667.003509
1PAyh7BjB9oj6icjTGCWjyYmLta8HyfMTS,100000000,2,2021-09-11T15:46:56.962Z,421.651001
1PbEXjyowJ1Ae4WswhGCcuckWLQny7ywhW,300000000,1,2021-09-11T15:46:56.992Z,1830.6119370000001
1P4o1uv1uRAqwCNef8rZvgPUTJwZ8pv5uZ,150000000,1,2021-09-11T15:46:57.041Z,670.0829775
1NzajQPW8RZcJMLRJajqMR7PGeLWgaRQ5D,100000000,1,2021-09-11T15:46:37.626Z,437.747986
1P9pHJPtu2FmGrqHE1JARpnBhUMBmDc9sP,400000000,1,2021-09-11T15:46:57.074Z,2151.88794
1P3hp6ew9gZoxaMvv7H9jDuQnVSXXxhE9r,300000000,1,2021-09-11T15:46:37.654Z,1839.062988
1P7A3tqZTBXt8zfTfJPkiNZCRFJkUV5N9R,100000000,1,2021-09-11T15:46:57.088Z,422.372986
1NzUWKuRbi5nWEW8Gz6prg5UnLD9HQrknf,50000000,1,2021-09-11T15:46:37.710Z,206.6535035
1PadvVgmMHzEmuGwd1XRFtWqGRsk5zXvg3,400000000,1,2021-09-11T15:46:57.133Z,1656.260008
1PapzQT63gf8LBnaRN2v3MxR8MwfWPpbNZ,400000000,1,2021-09-11T15:46:57.145Z,2433.248048
1P5E3kqqJ2qauVWP3xuhekZUveUAUrEQXq,100000000,1,2021-09-11T15:46:57.161Z,437.164001
1NZUFVqAYLQ1DWWSqpWp6cKzn1VvvEbfsp,200000000,1,2021-09-11T15:46:37.741Z,1308.936036
1NYvSpJzQsptdk24Vo99bRpFXjBXyB1LNW,5000000000,14,2021-09-11T15:46:37.755Z,296792.30979999993
1NZR9qm7P2yZZnd4tSJKssvvbSJ1Ad8bPg,50000000,1,2021-09-11T15:46:37.782Z,208.364502
1P4sizjZhotzMLtPpQtBmu1hs8jGZ6NPvZ,38594999,1,2021-09-11T15:46:57.212Z,176.9719688600899
1P28WXM1j5rTfPHgimA6R1hBNzBXNiPcTW,200000000,1,2021-09-11T15:46:37.855Z,1252.631958
1NzED3mXPyAk4VwXZHxrVp9aGE2Tcgq7hQ,200000000,1,2021-09-11T15:46:37.870Z,1159.302002
1P1kSbV148zav3KgGMngqSDHvyz38FM4E6,400000000,1,2021-09-11T15:46:37.886Z,2491.444092
1P6XffEte6Pcgk1t4aSGXSGU9q5RrHQkdp,300000000,1,2021-09-11T15:46:57.242Z,1261.863006
1PbM8SvV8LbLDQJUBXTHojT1frqshYVgcw,400000000,1,2021-09-11T15:46:57.258Z,1698.176024
1Nz5EvbX8zGfAMPkXPqN3AvbmqCTkX3RiJ,100000000,1,2021-09-11T15:46:37.949Z,447.976013
1P2Qpa3soNU1YEutXgdwNfPpurSmfUSJE9,250000000,1,2021-09-11T15:46:37.965Z,1480.2575675
1PADi7fzMPvNtxUGMu38hm74wCYVUJxNaZ,200000000,1,2021-09-11T15:46:57.304Z,920.966004
1P1jfQEpHZqA1R6zgiYwAzJ2g74uMYHUEP,510000000,1,2021-09-11T15:46:37.979Z,2159.4062694
1P7hSuHbJ8fF9A9oVJViaydLDbFAfVMdtX,400000000,1,2021-09-11T15:46:57.332Z,1665.576048
1P781FMF6sPGpUaNQZTJsVpYXkm1miDMVh,300000000,1,2021-09-11T15:46:57.362Z,1836.3989880000001
1P6SkvVEHHHpxNZm85PnuC8CYzvXvyy32w,100000000,1,2021-09-11T15:46:57.378Z,429.713013
1P9UUHfa4XigCu6yVjynTsYbF8gUnjbv7y,50000000,1,2021-09-11T15:46:57.392Z,208.4149935
1P3k6B4ieM4vJjb6XSKgZ8o6BqcZ1CJ95j,3998779,3,2021-09-11T15:46:37.995Z,72.66097262566642
1P8uDkPga9SFaD1c6sPv1a4c6uWNH9zgwb,300000000,1,2021-09-11T15:46:57.409Z,1296.456024
1NYrXd4Wm42BW9rFc37vTCjfMvhPRvSoPG,400000000,1,2021-09-11T15:46:38.011Z,2562.248048
1NZJJ7gNxE8UkMoCFhNVM3PN7gDeznsfdF,100000000,1,2021-09-11T15:46:38.058Z,437.747986
1od69mrKda8LcuCJMEFn5HDC2FAbm9ch2,50000000,1,2021-09-11T15:46:38.086Z,208.2579955
1PC1XBFnFSf5BQUxkv3RoANEhDgx6RSRVE,400000000,1,2021-09-11T15:46:57.438Z,2302.147948
1P3EFkuZ63twWsvzfEHCb7w6NMrDt2rg1G,200000000,1,2021-09-11T15:46:38.101Z,1150.08606
1P5LhbgN2GBvHpE2rSm2ksYQYjCk9bruWY,50000000,1,2021-09-11T15:46:57.452Z,205.222
1NZHNfMKmBrWEJm1ePvY2Femq76osXqmrE,100000000,1,2021-09-11T15:46:38.119Z,424.544006
1P4ycNpZxw1LAHAYCFzswugGXK4ULYY7tp,300000000,1,2021-09-11T15:46:57.470Z,1824.936036
1P6XVanDW36eSKBDp6sJoaiKbmanXCgNrd,50000000,1,2021-09-11T15:46:57.486Z,206.6535035
1oaiirwhKzm7jdatrEFYFJE4nCXiaenou,50000000,1,2021-09-11T15:46:38.179Z,210.392502
1orvjbLisGfDt7JGkMbFBuAmmy1CtvJYh,75000000,1,2021-09-11T15:46:38.207Z,326.63175225
1PbvRbjJoNyQwupJpuvufPLM2i3steQ7TF,550000000,1,2021-09-11T15:46:57.586Z,3326.0041485
1P3UbG99x9XjTtYYDJ5xwBo2sJYxRLJot2,400000000,1,2021-09-11T15:46:57.619Z,2392.8479
1P7buFn6M6RDxMpKk54WsCut9VqNLR2W2A,4991741,1,2021-09-11T15:46:57.634Z,22.88893006085151
1NZKw8r7jXrJVJkPUvsfpMteuJv2Km4dva,300000000,1,2021-09-11T15:46:38.252Z,1239.921021
1oNzPmuJH31MWDjR9XzXzPy7EKLMhdszU,200000000,1,2021-09-11T15:46:38.270Z,870.245972
1NZhwDjHzgYQ2enZdEreuK1UE8BVPQ8vhN,250000000,1,2021-09-11T15:46:38.287Z,1477.6350400000001
1P26dS4433Yx6NQTAewTUvwRUyjGQoxHaK,150000000,1,2021-09-11T15:46:38.329Z,626.9399865
1NzCYbwkGcW2pS641J1ciBxpwqG4uroR7n,200000000,1,2021-09-11T15:46:38.342Z,1321.534058
1P5nuUCPURgsmJnifDqizbKiFMBE4bo3xJ,150000000,1,2021-09-11T15:46:57.757Z,689.4044955
1NYYNDQmSgU3xRwMeen4FhuCjnof3VueVJ,410020000,2,2021-09-11T15:46:38.357Z,1846.3353287969
1P6KX5bThrTJW8K9zL8AvVFigGT3fCiKGn,250000000,1,2021-09-11T15:46:57.771Z,1626.5475474999998
1P3y5Bp7T6GBZWzSqz68nxkZN3QP1E6Ljy,50000000,1,2021-09-11T15:46:57.804Z,211.186493
1ovDUdSP6bLU32D5Rut6EFUGz3L6bKf7C,100000000,1,2021-09-11T15:46:38.373Z,422.372986
1P5jweSMEfDhqa9P8yRJif4Xu2qcLsdBpg,100000000,1,2021-09-11T15:46:57.818Z,416.321991
1P3aKqDYXtrB59Up9ks7aZDsgr3Quf2jxW,301563424,2,2021-09-11T15:46:38.387Z,1344.9155378018293
1P2TCx9Yc63ZSB2x6RUMxvtBfmzxeUiLcN,50000000,1,2021-09-11T15:46:38.452Z,210.392502
1ookkg4bNdVdtNteW3BKcg1r3Rn9tjJyA,300000000,1,2021-09-11T15:46:38.466Z,1839.062988
1P1awgPyhQkNNNUsbRGp95QQWppv66hbX2,2730,1,2021-09-11T15:46:38.483Z,0.011567938445700001
1P3TFSH6qYFbWrVM1mbuSZrpZ4qE6D19K8,410000000,1,2021-09-11T15:46:57.831Z,1836.7016532999999
1P2ybMzfBxEEiCv89DUABTxuTyKxZzFJiz,150000000,1,2021-09-11T15:46:38.546Z,636.0449985
1PAMrxvmEuRfgLwZuw4pVRTqKnwFQTD7BB,50000000,2,2021-09-11T15:46:57.859Z,210.31050100000002
1PbuMcEK4HtP4D1Z1SVPf8ZuV4ojwXGdsr,200000000,1,2021-09-11T15:46:57.877Z,834.262024
1PByzaVYw5SsucMtSZQCRuzmH7jLdi5rNX,400000000,1,2021-09-11T15:46:57.889Z,2995.635988
1P79D2rRZdFaqsz9SUaVxmsCBmQeRrDosC,1002024,1,2021-09-11T15:46:57.909Z,5.675012824795199
1NZQMsJQDtc5QEmiL6KRU9db2gVfbiA6jB,100000000,1,2021-09-11T15:46:38.613Z,420.785004
1PddAEdBx8QjBAM8iosfc8KTmr6EBm5wDv,400000000,1,2021-09-11T15:46:56.357Z,1819.063964
1pDjRrkk12pKzGs7CMc1BcrEcraaKuFER,50000000,1,2021-09-11T15:46:56.407Z,208.4149935
1PcsLQ7Va7q3ZEb83xD8Ju1s9o2PhvzurU,400000000,1,2021-09-11T15:46:56.423Z,1695.956056
1PdAYjXkV6ZVYZRsRn42oam7N5z8zXKN4A,250000000,1,2021-09-11T15:46:56.439Z,1666.307525
1PGtuRJQ9wj7TNVMnWCkwcXitwdCRZaJd9,300000000,2,2021-09-11T15:47:15.716Z,1264.332
1PDcj3pU5dn52RzP3tTvFLLbH5zNBistq1,100000000,1,2021-09-11T15:46:56.454Z,447.976013
1Pdcv63FvEbS96sXSm3gVoBrij6MBMe4gq,600000000,1,2021-09-11T15:46:56.470Z,2696.549928
1PcWMwne56d1aVNpCnbHtVk1JZqNgp43cR,50000000,1,2021-09-11T15:46:56.484Z,210.8255005
1PFvV2FsB5hFzrmtug2MH3X2VPo8CAFFR3,200000000,1,2021-09-11T15:46:56.503Z,1330.024048
1PHfP2xwpbfUDf9tPHj3YjCnFtKWZxuGSr,1197111,46,2021-09-11T15:47:15.789Z,339.83065979947037
1PhhqLV4aPdog8yYQm9Z2YTbG1MTqBx5HU,250000000,1,2021-09-11T15:47:15.811Z,1683.3424375000002
1PHFjw1rJ2atQMs2osvK7WHMmJKeX371mR,100000000,1,2021-09-11T15:47:15.830Z,420.785004
1PhKa2bHCY3WKtQLiXbVEJDizrYb4iEM3m,550000000,1,2021-09-11T15:47:15.849Z,3240.1599725
1phpHXzSR8MuAzNyNwfzYiodzw7rD1Hju,400000000,1,2021-09-11T15:47:15.866Z,2438.93994
1PfYFqaxtyD2k4jWD27LfxyqL4DgapEKxQ,50000000,1,2021-09-11T15:46:56.548Z,204.774002
1PKbVVdtUsy7uBzV2CYEurZgamA28wGacm,50000000,1,2021-09-11T15:47:15.881Z,204.774002
1Phxn8RqXDT8oSfSNks23GLpbFgrkAACb7,250000000,1,2021-09-11T15:47:15.937Z,1466.8824774999998
1PHe6LRMNswzPHfCJdWs7wyvC9F1RCAbfo,100000000,1,2021-09-11T15:47:15.957Z,422.372986
1PGRubz4R6CEa41kJjdR4p1sknAWhKBcEe,750002096,2,2021-09-11T15:47:15.974Z,4569.320479691947
1PkPpJGyCvBRiZn8R61e9xM2xedmxoig1b,100000000,1,2021-09-11T15:47:15.995Z,435.509003
1PevGLTu3oSYfNdpdCacSXCwCD6En9797u,18209017,2,2021-09-11T15:46:56.579Z,222.05349414719493
1PGgrG95PUYuJCeb2sbpEbfCbSq6nBhjDM,100000000,1,2021-09-11T15:46:56.596Z,416.394012
1PhUoXTAhCF1jkJiN24AVNVU8bunAPCRSz,400000000,1,2021-09-11T15:47:16.052Z,2660.048096
1PcAufT8gg5BQotD5Ri4ta4G5thPf2HBDP,100000000,1,2021-09-11T15:46:56.612Z,418.088989
1PcHkqTMX9D7nxFddhdVt3Bme3HmumRjHB,90000000,1,2021-09-11T15:46:56.643Z,415.2833955
1Pd1eqbK5jaAUKFLJ8AwV5NzjgWRifR8v9,300000000,1,2021-09-11T15:46:56.673Z,1223.121003
1Pj6RCDqkwM4nyM9MwswnevSfYjGUtgJSQ,400000000,1,2021-09-11T15:47:16.114Z,2441.743896
1PfexC2gvZ7aXe7KEmSCFLNy9YGEzfYqYL,75000000,1,2021-09-11T15:46:56.714Z,472.89001500000006
1PJ4QToisC9wkfeKTZZbiDJmv8bWdMvuD5,50000000,1,2021-09-11T15:47:16.169Z,218.5820005
1PkmxagMPKrSfyYD7N1DcZ3b79YT8n6B7M,50000000,1,2021-09-11T15:47:16.203Z,218.5820005
1PJ2mRtWuyHtMSCKmvgxgh5GYYHJ4vui6i,300000000,1,2021-09-11T15:47:16.218Z,1254.1229549999998
1PgpSitNKZK5kjketa4ie99w195RrJek4g,101000000,1,2021-09-11T15:47:16.252Z,619.15120596
1PK51rpRnw2TPJFzAgwTgJc1Cnn1XVkJij,100000000,2,2021-09-11T15:47:16.329Z,422.372986
1PEig2s1RMWqdzpw5FoMy33uJGxpVJbZdC,150000000,1,2021-09-11T15:46:56.885Z,682.6454775
1PF9iEvzo8cwxZGxFAWGghtKohKhwZCbd6,500000000,1,2021-09-11T15:46:56.899Z,2689.859925
1Pj3JLM6vFV8ejAP5NM1aZ5WhTcWUFywVq,200000000,1,2021-09-11T15:47:16.389Z,895.952026
1PJHMvh23SPazvs5RBBEFbpe5ehPhyfXTP,9350066,3,2021-09-11T15:47:16.408Z,188.8723546947105
1PfQE8pxwMTjxa1488YLDM2XJpVKz3FJM9,50000000,1,2021-09-11T15:46:56.944Z,210.1744995
1PKfVNBGTG853vgQzXh6wVXv2uJ85WdR1S,100000000,1,2021-09-11T15:47:16.435Z,418.040985
1Pfti8b9U6Xt6c5mRCDQucHcrDc5DAm1vX,300000000,1,2021-09-11T15:46:56.977Z,1223.121003
1PchBsZbKXu5vj5ah6tsDE365rMvcKJyVC,400000000,1,2021-09-11T15:46:57.007Z,2411.36792
1PELnKvnD7gwR3Aers92X6hLaGByBr8g36,200000000,1,2021-09-11T15:46:57.021Z,1155.521972
1Pi9bwDCqdEZdB4aTFQccregPVVYALjaun,100000000,1,2021-09-11T15:47:16.472Z,414.81601
1PeV3LdYXL78qZgBLkK4G2T9XKXzpgNHma,50000000,1,2021-09-11T15:46:57.060Z,205.222
1PLBTdhCud3xLfVL7eitWHviqP3Bp6R4iV,200009700,1,2021-09-11T15:47:16.486Z,875.436438608127
1PkLrz1ZibczCUJjdtp1LvxxpdHrgN4Y4m,300000000,1,2021-09-11T15:47:16.507Z,1228.644012
1PGY7C2H6XXb961o8ashkycqWT5vgzkAJs,510054655,6,2021-09-11T15:47:16.527Z,2184.346958718761
1PimhiXE4Dm9ZZiHyJydeQUvTXoKcBu3Ja,50000000,1,2021-09-11T15:47:16.587Z,210.310501
1Pkv2XMwav2QeUpG4dcXfM5uFSPQdN3F91,200000000,1,2021-09-11T15:47:16.627Z,870.245972
1PGLDVbLWw4Ppy2w8EG3HrHi2acGC72aRg,300000000,1,2021-09-11T15:46:57.103Z,1249.547973
1PcrwLDF4C6ZY1FGmzG69xXTNs229geaLt,50000000,1,2021-09-11T15:46:57.118Z,218.5820005
1PfskNXS8jSS2HBYrcT3vF4xGQbVxdZigc,50000000,1,2021-09-11T15:46:57.175Z,218.873993
1PcQ4DRcd7Q1423ZVw5WSxmZAjyy4nePGk,200055150,1,2021-09-11T15:46:57.193Z,1346.0991125037208
1PJG3taVqPuZzUR8GA3655iRM2zGMkhQVd,200000000,1,2021-09-11T15:47:16.694Z,1258.734008
1PCBTGy7pzDJZYWLr7iuEhyUAhY48E4cuH,250000000,1,2021-09-11T15:46:57.228Z,1542.8024300000002
1PiUDNRWewhnUhTxznH2c9Y7CZAL1XFNaw,414144746,1,2021-09-11T15:47:16.718Z,1745.3881833322403
1PLAdS9QpmYQVN1tPkjPRFgi4RHR1Mnhpc,50000000,1,2021-09-11T15:47:16.763Z,210.7819975
1PjD3F7RsPfbeCNPBwDvNtjoMs4d6MCCwu,550000000,1,2021-09-11T15:47:16.796Z,3558.5053735
1Phrnx1pbeBXLzUBL5q2g2SWFX8D24ngTV,100000000,1,2021-09-11T15:47:16.809Z,416.394012
1Ph4ceZXmk4MMFP4NYnyHLvTvFGpXm9Fo9,50000000,1,2021-09-11T15:47:16.827Z,210.722
1PjMCRVWnqSd9YhU1GTbyDUBejKA1qe9Lf,100000000,1,2021-09-11T15:47:16.847Z,416.394012
1PEBJkT7pPFcA1Dhn9oQ9bpw3t4JLygL6U,410000000,1,2021-09-11T15:46:57.273Z,1723.4308958999998
1PC84jrN2h46PsrBsJgrtTd7WrsYT1rov9,64997425,1,2021-09-11T15:46:57.289Z,295.1942514029045
1PHYttBUW8hGKBKto27jsghejgxLd5FqKe,150000000,1,2021-09-11T15:47:16.906Z,689.4044955
1PEKFYv8CP3K3zzX68DpLVjDyfUjaJPxtp,250000000,1,2021-09-11T15:46:57.317Z,1450.4550175
1PC269K1ibuhQr4R851KGwJz8zRV1ugErN,410000000,1,2021-09-11T15:46:57.348Z,1713.6359630999998
1PjYsZnpjaBYdfUv46xXQT2EnKfEh6as2Q,75000000,1,2021-09-11T15:47:16.943Z,343.91624475000003
1PkWYvRmwyS8z8nBCbGu7WT69bNnrEpVFz,50000000,2,2021-09-11T15:47:16.987Z,218.873993
1PfuxpRr2U76Ecj2TfBicW5fZkdXt1eXLw,410000000,1,2021-09-11T15:46:57.424Z,1713.5745286999997
1PkCPfGTVC6q4YhYn7SWg5KRZQjwfVGGPW,1001553,15,2021-09-11T15:47:17.026Z,62.621598595471674
1PejA4AgYJc3pStQFbY29UaEbN87cwxZuw,400000000,1,2021-09-11T15:46:57.499Z,2320.728028
1Pct2QfVrQBX8ZQG7bKKths3YxokxiHH8M,100000000,1,2021-09-11T15:46:57.512Z,416.394012
1PiijV8Vr4Js7iE7yjyxgpCRD9qVDWpWFR,300000000,1,2021-09-11T15:47:17.048Z,1241.265015
1PEK953JwQnjMoQgg3Cz9nQ21ShGN2mzao,200000000,2,2021-09-11T15:46:57.527Z,847.978028
1Pd632YTypuU8X3TfaWeTwFj68JFtBFobY,150000000,1,2021-09-11T15:46:57.542Z,670.0829775
1Pje5UFq8f3dNvRWgkzFXF3Kbdpoc8ZhG9,700000000,1,2021-09-11T15:47:17.079Z,2919.076902
1Pcn9CGDej3iAbru9WEDMDoo5ZWRenHQuj,200000000,1,2021-09-11T15:46:57.556Z,1279.78003
1PC44KPaa74CYXQ9Xa5KRvpWhe4isun2QU,150000000,1,2021-09-11T15:46:57.571Z,687.8040165
1PCmoZLoraMaLaw6TLM4FUjcVQDBc3E5sN,200000000,1,2021-09-11T15:46:57.602Z,1245.722046
1PcGAXtfGTNub5sy1Es8GhRQB7xSxpWe3V,200000000,1,2021-09-11T15:46:57.647Z,844.745972
1PgLV4EqXod8R6iGc2zFPyMSALev4o9QoL,50000000,1,2021-09-11T15:46:57.662Z,210.310501
1PjYV9ffbXmNiy2kdr8Z5iNC7wgqCReUcT,400000000,1,2021-09-11T15:47:17.124Z,2297.271972
1Pf4gQDZhP5chkty3LHyxnqnxMxp9uwEDh,510000000,1,2021-09-11T15:46:57.677Z,2278.2821235
1PJZ6cRif9nPpoHYmxSQcfbUo7nYzuBdfL,1000031,10,2021-09-11T15:47:17.154Z,42.074903481575205
1Pg2UFHApxnBfGdQooqkXeprKDMBXZ8gbp,200000000,1,2021-09-11T15:46:57.692Z,827.94397
1Pcy5UWNRfMfwvFgy7YTkAxdGyYYfhjoR8,50000000,2,2021-09-11T15:46:57.707Z,208.41589849500002
1PgzYJnvt8X7A8tKXPopdA6hzm1RB1yghW,119937755,2,2021-09-11T15:47:17.168Z,504.6800871742602
1pDNLZDM1LWXvC4LvxuV7KPPiJag15TWo,300000000,1,2021-09-11T15:46:57.721Z,1808.52594
1PfNMPvHe6bBUKUwAqxce2kJtwis8SoKNt,69599775,30,2021-09-11T15:46:57.735Z,1250.6018053914986
1PJpmnbt75Q2dNAhXxviPNP5V96dhvYYYc,200000000,1,2021-09-11T15:47:17.223Z,1249.36206
1Pkts269uSb3nbT9EYcQpT1jGuQfviEMN6,300015421,2,2021-09-11T15:47:17.257Z,1817.1723829164507
1pH48ryjxeieaZXzWHNLiJgWTbBLc1mUV,200000000,1,2021-09-11T15:47:17.271Z,1196.42395
1PeZ2onrjXzPAYmrhZ5SbTcsSWedtkBGHL,200000000,1,2021-09-11T15:46:57.789Z,1150.08606
1PKjmRSJsZgTsXdNWTLvb8qnZS1a7QgurL,200000000,1,2021-09-11T15:47:17.285Z,1073.839966
1PGSkg24aVjA3op4rALn1gxRbAwtwJSvyW,700000000,1,2021-09-11T15:47:17.340Z,2893.149049
1PHF3LzPS8RLJ2n574DM6StBYjTPBu1oKV,300000000,1,2021-09-11T15:47:17.373Z,1250.489961
1PKZKK4xnT7fGDvqvLACH8JhUT8UJdsHLQ,400000000,1,2021-09-11T15:47:17.387Z,2632.312012
1PgxCWyPVQrY4xiEWja9ZgX7cTuXWuiacn,400000000,1,2021-09-11T15:47:17.419Z,1893.855956
1PGxfHd1yzmNUaX9YTkPyUiyP4PHyrVwmL,50000000,1,2021-09-11T15:47:17.449Z,229.8014985
1PDsZHDpAFA8YDxA1LcsEu6obnf7QkHx5N,300000000,1,2021-09-11T15:46:57.845Z,1837.532958
1PP1x2d42HL6vFy7XA5haUewuD67FpwxRa,100010000,3,2021-09-11T15:47:15.660Z,416.4356514012
1PUFqoq1LNzrWaQKzS1Zbdqr6vcFWwT8Xo,200000000,1,2021-09-11T15:47:35.263Z,1281.124024
1PMi3CFPG1JTpqbeqcz1Qy2qcqcVgsCeGh,200000000,1,2021-09-11T15:47:15.729Z,1147.823974
1PmcG6Lx3FkYKJaMeCiw4A8oFGmfiMDevw,1839470,19,2021-09-11T15:47:15.742Z,205.35146654818524
1PUwZPMRz8vza6RAaC1ePCYp1qM8CNtc5f,100000000,1,2021-09-11T15:47:35.327Z,610.435974
1PmWp7BpTP8G7bR6zPHe1ppZELpFBHHLcZ,200000000,1,2021-09-11T15:47:15.761Z,1196.42395
1Pr8vrsMxsbjwSAtepZoLZdnBSmb4J4mic,50000000,1,2021-09-11T15:47:35.393Z,208.505493
1PuB4vvU8nhK4N7LAPHsPku9m2RKU6D6hj,410000000,1,2021-09-11T15:47:35.447Z,1710.4257082
1PmfyGEFy8k4pRrHeJ5fh33F5gF5bDyRU2,400000000,1,2021-09-11T15:47:15.899Z,2709.323976
1Pr2CH78f99GYcJGyJuXM6KLzNxX394x45,510010000,1,2021-09-11T15:47:35.549Z,2131.6377500991002
1PnwTryMu6zdmkYqqSDCSTxhAcVecLPcV4,454935948,2,2021-09-11T15:47:15.918Z,3032.252774181635
1Pub4vfnfL7fGB7HsdL9FTGbHHnUY7bDhN,50000000,1,2021-09-11T15:47:35.567Z,206.6535035
1PtHFvkqafTZ5tvCSgyfZNJEUGJY8bYpbT,300000000,1,2021-09-11T15:47:35.581Z,1839.062988
1PpY7CcTLuP1T11xiU9kz4zCXtHgTEkMJA,100000000,1,2021-09-11T15:47:16.014Z,452.727997
1PNiNtBUfz1hDg3nLkbVJsorZ5rygyyh3s,50000000,1,2021-09-11T15:47:16.034Z,208.505493
1PUt9uY7Uqy3AKBAzi96C5QRZ1ey2CyuFf,100000000,1,2021-09-11T15:47:35.595Z,417.945007
1Pn3a7jnKvmED9cGUWHXt65d14xvEb5XP7,300000000,1,2021-09-11T15:47:16.073Z,1249.547973
1PtqPBGED3LPXBDbByKWfC2tpHXHEgKmin,510000000,1,2021-09-11T15:47:35.644Z,2125.3179204
1Pr75iVQ2NNP1oCxqzFAjAKoCQuAfQGg1g,100000000,1,2021-09-11T15:47:35.662Z,420.735992
1PpBWFijScRfFT3gF5iwZSu1vFhKyhQ7BY,300000000,2,2021-09-11T15:47:16.093Z,1716.9089370000002
1Pr4jp2RDvam4H4dgsVaMEPePoyJQGf9gC,250000000,1,2021-09-11T15:47:35.676Z,1666.307525
1Pp6eMVzeY6yV3gd19Sp4L8Su1iYwQy8LG,300000000,1,2021-09-11T15:47:16.132Z,1817.078979
1Pn4BR3G5VV3R3posioRJ4mtC3iQSdiwEy,50000000,1,2021-09-11T15:47:16.152Z,208.505493
1PND2TtbpJ3P1vQZzfCRsDiuxAX7w5S19k,300000000,1,2021-09-11T15:47:16.185Z,1251.5310060000002
1PuxzG2EwavEjS6XjQsLdE4zxaFz7Y9SZ4,150000000,1,2021-09-11T15:47:35.707Z,629.1165165
1PNybWHy15x328UjntxUNwGFcfAmckugVL,400000000,1,2021-09-11T15:47:16.237Z,2562.248048
1PQnnAvcMG2Jh7b1GqjXVopP3bmYEb842,300000000,1,2021-09-11T15:47:35.726Z,1841.9489130000002
1PphpqzQcaVZhBYTvhcbLDqYDuzKGCjFQJ,50000000,1,2021-09-11T15:47:16.271Z,208.505493
1PvEgNxfVgUWPQ6u7d1xre6y1snbzpL35,50000000,1,2021-09-11T15:47:35.747Z,206.6535035
1PPkY9dEUzpe5cf86sHSW4HUC7sKWnEL28,100000000,1,2021-09-11T15:47:16.290Z,414.81601
1PpMwgDMWDPyha4U8TqmnifQtUVSCXFdkn,50000000,1,2021-09-11T15:47:16.311Z,204.774002
1PpnWJLPCMGgCwd5pSrxPWvrMrEjdqYFAU,250000000,1,2021-09-11T15:47:16.351Z,1426.182555
1PRhYGpAcqmiPp8DBAq6hos4xVVae2jzky,550000000,1,2021-09-11T15:47:35.778Z,3578.4046045
1PTW4A3sdxa7FMB2ywJqtDX5XYUtvPGtbD,100000000,1,2021-09-11T15:47:35.794Z,418.040985
1PumbJVHAHXmYKaopYuZYH4ohzcP1YwaTJ,500000000,2,2021-09-11T15:47:35.809Z,2058.119965
1PUzdhsfZekWctTFyAd8KBPe9v4GVc3QcW,50000000,1,2021-09-11T15:47:35.824Z,206.6535035
1PMa29U3ofEHyz9iT9GzN2Armsuipmf63i,400000000,1,2021-09-11T15:47:16.370Z,3024.90796
1PMESHJfiDuETJ24kadouTDLnGz11igyoU,510000000,1,2021-09-11T15:47:16.452Z,2132.0090235
1PUcq2qJhUkMD34ZAn9v5ZR5zcyQDkS8re,400100000,1,2021-09-11T15:47:35.881Z,1672.7740449890002
1PQnsy4jjvQpK7yNLTxxJRZi5EYL542U1C,410000000,1,2021-09-11T15:47:35.897Z,1884.3722877
1Ppv3i4V3vt8GLKD3HbRMuwH45sExPstpj,150000000,1,2021-09-11T15:47:16.548Z,676.3424835000001
1PVmy3J69fVPB7UfRkHZCh1aLmaEMmPnDb,100000000,1,2021-09-11T15:47:35.929Z,418.040985
1PLDApbWwDpfkpc2hcyk1Trh1desYLLSvT,100000000,1,2021-09-11T15:47:16.569Z,454.765991
1PNmtik5HHAsJEyaAu5QRicnsoPXkYCSct,300000000,1,2021-09-11T15:47:16.608Z,1819.770081
1PP68ksRGDcELPqiHjFaxtMgoEfT8FNE5W,100000000,1,2021-09-11T15:47:16.648Z,432.152008
1PqXDoWQerCSfj2ummFUV88sdFCnbzvV57,310000000,2,2021-09-11T15:47:35.960Z,1890.1784535000002
1PntmDEJgTn5S9L9NGxwHTZAxegrvkRyr1,100000000,1,2021-09-11T15:47:16.668Z,411.623993
1PQy8FUkg8P7n5EUPhiaE1xycnp6qCwn6B,14895011,2,2021-09-11T15:47:35.977Z,127.67735408372066
1PP3UkqmD9Aizp52znysSjq1jvTgnCvZCu,100000000,1,2021-09-11T15:47:16.747Z,426.765015
1PM6thsDzAM2dhRBQ3F4niGe3LMWWme6wW,100000890,1,2021-09-11T15:47:16.780Z,422.37674511957545
1PRCNC16yRP1qswV6sQjECv8efd6gKiHyg,400000000,1,2021-09-11T15:47:36.030Z,2661.196044
1Pr66opYXPMn5dsQnHYNLGcuJ7Bhpuqbze,500000000,1,2021-09-11T15:47:36.045Z,2367.319945
1PqmdmV2GgJ7VXuFjz2mLefcBKNCTM2Lkz,400000000,1,2021-09-11T15:47:36.063Z,2147.679932
1PpC8avzypraEgxE3gzjKEbEdw1TtPbEvL,100000000,1,2021-09-11T15:47:16.861Z,420.785004
1PRf3xx1EnPLz56wTJoDujhoLTakDYuRJk,410000000,1,2021-09-11T15:47:36.079Z,1827.5217
1Pqg6ZZwQJ44hXtGKHuCwxvCbwMmXR18qL,250000000,1,2021-09-11T15:47:16.873Z,1480.2575675
1PsKLDsKU34e5y4CKTW8q8gJj7kGWrK45Y,400000000,1,2021-09-11T15:47:36.115Z,1659.43994
1PQ7VFsiMhz26sJnxDrKmmS467axtywY1K,400000000,1,2021-09-11T15:47:16.889Z,2302.147948
1PRFYzKAwC7dpEGqnGCxNTVnZNz22jWzJY,200000000,1,2021-09-11T15:47:36.137Z,1326.51001
1PSPHYmMkCunBTQvDmSugQr4d9VbhVYCbw,510000000,1,2021-09-11T15:47:36.147Z,2127.6027102
1PqoP8119YMyqEwkS1qo3Q5xoRk9mGBksj,100000000,1,2021-09-11T15:47:36.162Z,418.088989
1PofhAeNk5wQLXPrfqjtq9a7JuPcbSuEzJ,400000000,1,2021-09-11T15:47:16.925Z,2120.159912
1PvfNzWJmkZGaWQPQrTv19gV6CPYNLSKGX,150980000,2,2021-09-11T15:47:36.175Z,629.1774502392
1pPkuJTjRLW7Frozbg4rzALz1nuL9eH1P,50000000,1,2021-09-11T15:47:16.960Z,206.6535035
1PS5h13Deqp99WY2csi3tQynqAJYuShSjj,150000000,1,2021-09-11T15:47:36.193Z,664.781982
1PoSHXTo2wdSu8smqEE45ezGRVotUHkJTq,550000000,1,2021-09-11T15:47:16.975Z,3158.7489615
1PpwTRe3WfHGTH64jzEeX47U1ztocbBXbQ,50000000,1,2021-09-11T15:47:17.005Z,210.845001
1Pqno8dBW7TE5aecDAsrn3WW5x9y8Dx8DZ,300000000,1,2021-09-11T15:47:36.238Z,1915.937988
1PumTajE9bBPuRdDibFNcoNc3W3F5Mych4,150000000,1,2021-09-11T15:47:36.326Z,690.724503
1PnXppsGPCr656hnuteZQfAa8UcG4GyhPr,50000000,1,2021-09-11T15:47:17.065Z,208.505493
1PR6YB6LcmiRPBDm9PdaDrSGxHEadJHuoi,50000000,1,2021-09-11T15:47:36.342Z,207.160507
1Psns4LtfdsjPTtgYBiGUFfL54f9BLHYPy,410000000,1,2021-09-11T15:47:36.355Z,1713.5745286999997
1Pomm4ibn36gze3Y9mhJ1prUYfCf4Gg4Ja,200000000,1,2021-09-11T15:47:17.095Z,1330.024048
1Pt6vZmejuFxqZYch9ht1j3n8kDSihXyFo,250000000,1,2021-09-11T15:47:36.372Z,1666.307525
1PQgicSdCc5yUh7DeWraWx539zSgkh52St,250000000,1,2021-09-11T15:47:36.415Z,1531.2774650000001
1PuUj5T2MqoqHL5ENEfTtU5ThqNQA54fKc,18870828,3,2021-09-11T15:47:36.430Z,347.04641327714063
1PtbAG3SwEp1jEq8q8fmYaB25AWNiwPcye,400000000,1,2021-09-11T15:47:36.448Z,2662.739992
1PUNQR9Jkk84eNgbhbHo6D8h99rFxVR2eX,300000000,1,2021-09-11T15:47:36.464Z,1251.5310060000002
1Pmjj5X64n5JJmAJqXYMxbnEXTqrHbmoLq,50050000,2,2021-09-11T15:47:17.110Z,208.46625349549998
1PnvrmZzKUQGfdicMUVsAQQniYBX3Uu9eq,200000000,1,2021-09-11T15:47:17.140Z,1245.722046
1PR8XJUPqRFBuUaV3otiwR3188nEUKzxdr,200000000,1,2021-09-11T15:47:36.533Z,1331.369996
1PTHoKGEVyGQDHfo9tnkCw6E3Nc7ePqAL,300000000,1,2021-09-11T15:47:36.563Z,1241.265015
1PW3Z8Aq3qi8UgoZA3WvoGbkxLqpSRGRc5,400000000,1,2021-09-11T15:47:36.578Z,1643.75598
1PSdRdxi2Zx2f72XaRzJWGnbJu8iXti1ZC,50000000,1,2021-09-11T15:47:36.594Z,211.186493
1PmkLJkThAhEyrELBKDrSsxW9NihKNY9DU,500000000,1,2021-09-11T15:47:17.188Z,2121.410065
1PLCJhpH8jP8qhfbqo8bAeKgmPTbfevmsh,50000000,2,2021-09-11T15:47:17.204Z,208.4149935
1PnsLbojRqtDbiZWWzFmbQrGrAkbSCg3cy,1000123,25,2021-09-11T15:47:17.237Z,103.72775319453878
1pUz4bDWbchBVFMHn8nxkgaUZz3q9tNSs,300000000,1,2021-09-11T15:47:36.627Z,1261.863006
1PUywqTv7HMrgsAau6bAW87iGW2byHYPsV,400000000,1,2021-09-11T15:47:36.656Z,2632.312012
1PPtiCKwDiTWYrjWh1UAyrUbySAkAutBqe,400000000,1,2021-09-11T15:47:17.307Z,1686.604004
1PLGPM5Z64NC5pXZ9jmgYeizrvWWRzDRwR,400000000,1,2021-09-11T15:47:17.326Z,1653.228028
1PMeiU3wP7wkTtY2CPWRFjQe1HCTwcfyai,200000000,1,2021-09-11T15:47:17.357Z,1345.728028
1PW6wA8dBwWaFbemN1tazCHUsE8nYwLMbb,150000000,1,2021-09-11T15:47:36.706Z,633.724503
1PpPewNfFpf1XLagrpuQcFV69J6mKuTF23,200000000,1,2021-09-11T15:47:17.402Z,1316.156006
1PPC2Eiivm62So3mqZ4iEv3dfz8PmAw2aa,400000000,1,2021-09-11T15:47:17.435Z,2438.93994
1Pnk27yEZX7RmuiBoQKgbmof5QvEc2dAC7,200000000,1,2021-09-11T15:47:17.465Z,917.072022
1PuTDKuQmYAA2fbqMaTf7rorvEWooNNVG,50000000,1,2021-09-11T15:47:36.751Z,210.310501
1PvxEHe44sZKt6gXc6k37gY6pX7SApBUyu,100000000,1,2021-09-11T15:47:36.768Z,444.669006
1Pn9PGrRpaaNXNX9MTF85h98Wx3bdsrqqo,50000000,1,2021-09-11T15:47:17.481Z,210.392502
1PRTLCU8TGeEu42KExFuYRkij597xmPPQX,250000000,1,2021-09-11T15:47:36.861Z,1664.2124949999998
1PYoRx3RijWkGCJjrzdfhfFVFD5tXq7ifU,50000000,1,2021-09-11T15:47:35.218Z,212.272003
1QA3udCcow9amTrrAkn32whsBRyLqGSW8C,100000000,1,2021-09-11T15:48:00.360Z,414.81601
1PwvLm2M41S9N7U8E6fJSmtQSK6ndkDHud,200000000,1,2021-09-11T15:47:35.278Z,875.495972
1PwwmPQEKFT7ECA25t7aNhe5SKaUJxFFTW,80980000,2,2021-09-11T15:47:35.296Z,360.1075423176
1PzKtef3mwBB5JkLXSPD5HG5GwiWYf78HF,300000000,1,2021-09-11T15:47:35.309Z,1228.644012
1Q8GiSMopiyqiENnfVMCQ1vEFb68qxPENi,300000000,1,2021-09-11T15:48:00.374Z,1760.258973
1Q3zzrPxts9PXLaTwnJohN8sg715aYbxkj,50000000,1,2021-09-11T15:48:00.401Z,216.259506
1PycDQVxawCHEJFDE3D6pAAeGYW4zPwX1F,200000000,1,2021-09-11T15:47:35.343Z,1062.771972
1Q87CRfPJTWdXbwnBi3huZgbCpu4whZ6o6,300000000,1,2021-09-11T15:48:00.419Z,1817.078979
1Q4CuftQ2xih1t5K42TbWXHLMdHYLq2egB,50000000,1,2021-09-11T15:48:00.452Z,210.722
1PWUpZjkK55Efa8ADD3Jnaai6XSBG1QP2p,300000000,1,2021-09-11T15:47:35.363Z,1808.52594
1QB26YFfyjj8x5CTX4Hpx13ZnWaQdti38y,100000000,1,2021-09-11T15:48:00.499Z,418.040985
1PymdRmopE2RE34tZUNpJq3L5mzJ6hrL4M,410000000,1,2021-09-11T15:47:35.376Z,1727.9204
1PWxRF5EpAuP88Dpu6fYPfv5rmaYPqpB7i,400000000,1,2021-09-11T15:47:35.411Z,2279.788084
1PZ9Nr6721rWnaEe5uiovw5KeAsY7jGJPP,100000000,1,2021-09-11T15:47:35.427Z,407.488007
1Q2rjnkGNxwhPGJWorPjGqEFFAiEq9X1fW,410000000,1,2021-09-11T15:48:00.529Z,1700.745641
1PYjiYUNYsGPkkgP1JLb9U2CETAkVmPRMr,50090000,2,2021-09-11T15:47:35.464Z,208.6328598919
1PWZKcRabLELNLvZVncdpeGycFyDtpfyPD,150000000,1,2021-09-11T15:47:35.478Z,682.1489865
1QAJFuxcv1tyj4HJDSqCJ9GYsFcKAFRicj,175000,1,2021-09-11T15:48:00.560Z,0.80243801925
1PzkgPdnR5ASia6MkUYQMRNx8HX6HWLoyZ,1058018,4,2021-09-11T15:47:35.498Z,25.905909126477123
1PY4ZZM8Vvs8SKT4RuwmeVPkfuPAdDT7pZ,150000000,1,2021-09-11T15:47:35.518Z,682.1489865
1PWZZyQsYNzimgmMiU17v2YDHz4N966tiS,250000000,1,2021-09-11T15:47:35.533Z,1636.170045
1PwZ5wu45TyoKrMAFr8CviUCtfnUAHRCFi,100000000,1,2021-09-11T15:47:35.612Z,458.548004
1Q7ZFTpMsTNkyPeuopY5ghVi2DSZsbEr6F,150000000,1,2021-09-11T15:48:00.576Z,674.3984985
1PWxGVmSyAVg28vMvDH5rKAY9ZriNmkRr1,150000000,1,2021-09-11T15:47:35.629Z,682.6454775
1Px8M36MwkBaDx3f46npu51FfBo41Tiy1U,50000000,1,2021-09-11T15:47:35.692Z,210.310501
1Q368c5GgR2engtNn9xWqZxp5bRPcWR6Ew,100000000,1,2021-09-11T15:48:00.620Z,454.765991
1Q7FVzNCynm5yiDLyLqq5BsRM9HL4xjwN2,50000000,1,2021-09-11T15:48:00.634Z,208.364502
1Q2LmCRJDDD99vVJD8M1knW3yET5cBMDLX,510000000,3,2021-09-11T15:48:00.680Z,2221.0959153
1Q66CkptdKoXhAGm5cZqsTCyq7n27xHFBz,50000000,1,2021-09-11T15:48:00.698Z,206.6535035
1PzwmD2DGAT194uiUbZxDdQWhuwMGVsr2T,250000000,1,2021-09-11T15:48:00.770Z,1635.2424625
1PxkxfwkAPWmRrVHh1AEaguHjvooEFXoJE,200000000,1,2021-09-11T15:47:35.764Z,1159.302002
1Q1bPWpLAkxNPjgHHmXrhAQrFyzQQ4mmkm,50000000,1,2021-09-11T15:48:00.795Z,210.310501
1Q8vfZ2dS9jHVZUXX8d3XeTZ5FYRc3HDYi,200000000,1,2021-09-11T15:48:00.815Z,1218.482056
1Q8otMiSJikc1DLAjPjoox59Vrzbq27qM1,400000000,1,2021-09-11T15:48:00.891Z,2617.872072
1Pzj8QF3SQXKyWNtGeWnxNbqcmVPGXrnDR,100000000,1,2021-09-11T15:47:35.839Z,449.424988
1Q9CAbWL3UDeBciVxPGyBfqjwtpn6KnL6C,400000000,1,2021-09-11T15:48:00.905Z,2455.931884
1Q4bizzMCj1qUYxxpjPm1psAEVkcFirm1T,550000000,1,2021-09-11T15:48:00.923Z,3232.7790824999997
1PXUjsfWs8QDYJYiQrdawTu51aZZwXVaD6,50000000,1,2021-09-11T15:47:35.860Z,210.392502
1Q6YXaBGKxxgYZuw47L4wXsobqyeoZzT1g,50000000,1,2021-09-11T15:48:00.955Z,206.6535035
1Q1A7c3wFCvGhEMHe9rJsst8eHJpkmiB3R,300000000,1,2021-09-11T15:48:00.970Z,1788.3480840000002
1Q7qKVPzaEkufK4tLNpaLqn3TxGTFwTbq8,400000000,1,2021-09-11T15:48:00.985Z,2364.216064
1Q8rVutEc2BTeBexsXTFr1WnD9rPUxEAkS,200000000,2,2021-09-11T15:48:01.003Z,1148.21399
1PXbhX8pC2C3e91VqB67BkuNHvWBojG7S7,50000000,1,2021-09-11T15:47:35.912Z,209.0444945
1PxnRY7rpwYJM9DLahZa3yfNJsZ1D5EYpk,200000000,1,2021-09-11T15:47:35.944Z,1062.771972
1Q2NpW78WzogpAo3SGV7bu9nDHSReBuhgm,250000000,1,2021-09-11T15:48:01.115Z,1690.7400525
1Q886hDm4ba4tUgEzWnDeLaGMHYefeb2V2,400000000,1,2021-09-11T15:48:01.133Z,1686.760008
1QAUfDCznxmaytrbaSneeFbBcS1ANLd9aV,300000000,1,2021-09-11T15:48:01.152Z,1261.046997
1Pw9mN2ACemrjLsB4eMH4fAAu5hn1zvyEU,50000000,1,2021-09-11T15:47:35.995Z,209.0204925
1Q8arYbih2bgkZFV9zKpri6Qeq8yZFiGCj,300000000,1,2021-09-11T15:48:01.171Z,1829.2049550000002
1PzdoWdMyTFo6tMtSzSSKUxSQxUnXTPxKa,200000000,1,2021-09-11T15:47:36.010Z,1182.108032
1Q59R9hCBdWpnj5ve4BTSi2scbmAdK3TyZ,409640000,1,2021-09-11T15:48:01.188Z,2507.5416048144
1Q8ER4Luvo6DEoMtXX6qYNCfXSsQiqsPJt,50770372,1,2021-09-11T15:48:01.203Z,208.38394565168
1Q7EkQPZ2UGnqwRa3yephs8yagqUrXoeH4,300000000,1,2021-09-11T15:48:01.220Z,1261.863006
1Q3DfHTEo8oANxbiFg7KgV3Xdm3ooW5Mx4,200000000,1,2021-09-11T15:48:01.255Z,1252.631958
1Q1ctqihCED3e7HHPurbMw97kqP48E9agG,200090000,1,2021-09-11T15:48:01.287Z,865.4272911108
1Q6bPaXvekG5V1etCyVdNFgMSGAk3FK8FY,50000000,1,2021-09-11T15:48:01.322Z,204.774002
1PZmH1QKyHvwdpeUnyKzRHnDkvuyKwoDF6,100000000,1,2021-09-11T15:47:36.091Z,424.954987
1Q2WT42J4qx1Bp49hrBsu9Wsv1SCzM91ap,1205584,1,2021-09-11T15:48:01.337Z,5.51636651272912
1Q8ow8tG7deKJp5hssxnW1TM2Y5MYkEvNC,700000000,1,2021-09-11T15:48:01.364Z,2968.209993
1Q6HR3SoMBUJpvQqMr6nKtp7S1Kw7LjWxB,400858155,1,2021-09-11T15:48:01.378Z,2356.2483438860886
1Q2mJrYaugcwZzr9LNZtFKimczy5DhcSoX,50000000,4,2021-09-11T15:48:01.393Z,305.900301019
1PyJ595HgFAiheCWKMTu4qAHhq6vXkisfp,50980000,2,2021-09-11T15:47:36.207Z,212.6533899176
1Q139UHFbvbHixeqQfMsbuj1SX8iZ6eHEi,510000000,1,2021-09-11T15:48:01.410Z,2115.561651
1Q8ZGPzLhbYG9XRMDT9rYKXTZn3ZEWuC9q,309964092,2,2021-09-11T15:48:01.489Z,1281.1033114199263
1PXwnQhU1MgiQRcdYfRDPsMWMh9GpLbhp5,250000000,1,2021-09-11T15:47:36.223Z,1445.7225025
1PZ26a63Zgt6u8GtKsV71V8soV9e3Kh5rt,150000000,1,2021-09-11T15:47:36.251Z,664.0139925
1PYEMcn5gWz7ZG1Ja93jnhaxwBTeb5Nvag,100000,1,2021-09-11T15:47:36.264Z,0.421651001
1PyPvKT4XQcLwoCUwi9FVNVjRWrJ86oQya,50045040,3,2021-09-11T15:47:36.278Z,210.58202356580162
1PZZsy7GD4GiuL3NDsn7a2GoazxG5PZTp7,400000000,1,2021-09-11T15:48:01.520Z,2693.3479
1PxAkbLEW6dj39rpTNhSYD2uJZkUrnGjsh,400000000,3,2021-09-11T15:47:36.292Z,2644.312104
1Pyk5V6CxRzWbCLC1CmWWcgrxcTpSyYbqN,109990001,1,2021-09-11T15:47:36.312Z,451.99180470988995
1Q3UvXe1eteUk9FqG7yXxS7fvKwzSs94VP,1020500,4,2021-09-11T15:48:01.534Z,24.987268896720003
1Q3M1kLnwfnWPrJNwQYHbgugRs5yBCoU69,1001404,28,2021-09-11T15:48:01.565Z,122.11372813925928
1Q24zAsfM7yLCktAfhUzB3UERRjvsNDH3v,200000000,1,2021-09-11T15:48:01.636Z,1150.08606
1Px8i7fiuDEw29xDNYZMHpuGLfPz3HHZ75,50000000,1,2021-09-11T15:47:36.390Z,210.392502
1Q3pzDPuQq9EXrH64kCFXQc7JV71JtLhPo,300000000,1,2021-09-11T15:48:01.742Z,1262.618958
1PxxRvWGMyQEWqiUpXX2jX1UCaEGEjsxRz,550000000,1,2021-09-11T15:47:36.477Z,3331.3114615
1PYradNnqemmz2ogZzhV1qRkUQDC32NTmF,1512128,1,2021-09-11T15:47:36.491Z,9.9128462853184
1Q113ntPtng3F3Zp9iU39PaE7LkpLypZuz,300000000,1,2021-09-11T15:48:01.813Z,1239.921021
1Q6UW69NnH7P5qdMkgUpLMS7hjNxiCCfZb,100000000,2,2021-09-11T15:48:01.838Z,416.7292501974
1PZRbVrbHb391ejHjmSeD8mn7LysjU9DV3,50000000,1,2021-09-11T15:47:36.504Z,209.0204925
1PZtQyrKMBfraTyBigK7Sk8PcsY28RZT21,250000000,1,2021-09-11T15:47:36.518Z,1601.40503
1PyAKMEpZxYF7WVKuRhgEEdZX6qti1qv6g,50000000,1,2021-09-11T15:47:36.549Z,206.9859925
1PzfuENwPSbdhr31JZiMAPFhEQhY28n69m,300000000,1,2021-09-11T15:47:36.609Z,1733.282958
1Q26NmseLKWuNbf6RaNwHWjNWQ7YeEAcX8,150000000,1,2021-09-11T15:48:01.883Z,634.1174925
1Q17i9K5cRdnpKJwMgHsxK7eBWeveJadBh,250000000,1,2021-09-11T15:48:01.895Z,1577.1424875
1PYNY8irFBH68praWpUAXwvVp8yba7EzAE,400000000,1,2021-09-11T15:47:36.642Z,2458.176024
1Q18c1eYcqy4gBQBtdWZmDiGKszDR7JP6F,300000000,1,2021-09-11T15:48:01.928Z,1254.266967
1Q8yCfqNrs2LSAxnvCnXz8dgSwY8YUeLSN,1093047,18,2021-09-11T15:48:01.944Z,130.49440082104226
1Q4WFPGsohzQ13XSjq7zC1tiLGQBFsNmQB,510010000,1,2021-09-11T15:48:01.963Z,2284.7224639013
1px2pnCAfc1si5Zs8Dj5y5wqQ7otiNcyL,300000000,1,2021-09-11T15:47:36.673Z,1738.9530029999999
1PzpZqzRJ4aaeNr5tuGzfWR1BZazQ8oAge,75000000,1,2021-09-11T15:47:36.691Z,478.4700165
1Q1xo6vkBXeoaq3Lv4cDa1sTbhNPBy7cTB,400000000,1,2021-09-11T15:48:01.978Z,1822.680052
1PYL55hgouLWRh3uhAx2DjeJ3kWwrXUWsA,1001169,27,2021-09-11T15:47:36.726Z,113.01598845759811
1PyXtaBBSyYSRVHkpJcApSjwmLe31FGGem,5000000000,21,2021-09-11T15:47:36.783Z,435602.9842499999
1PzVLgK93MUj6mLggMU54HxrKEgcH68Kt4,150000000,1,2021-09-11T15:47:36.808Z,682.6454775
1PW9KS8T1ySvfoiS7KnwPDjQCkDi8SQDbk,300000000,2,2021-09-11T15:47:36.826Z,1716.9089370000002
1PY4dY6qB3Uw4Sg4hMgNtyH95bGwV4rrkC,200000000,1,2021-09-11T15:47:36.845Z,1132.70996
1PyknGrUZxLByWUoUoZtABMXJibh254ZKW,250000000,1,2021-09-11T15:47:36.885Z,1627.400055
1QKWz6oxgdoFE2Xo7eKcvp6NpaVw3KFF9G,100000000,1,2021-09-11T15:48:19.651Z,416.321991
1qbiVT6Fe6rWmv7GVf3CvaBPgsboXYKUn,100000000,1,2021-09-11T15:48:00.336Z,423.412994
1QJrFP6nQ7n8aY98iueh2e7FYa5tJHcRBe,100000000,1,2021-09-11T15:48:00.388Z,454.618988
1QJZ3834v7eLGykEHuP5mzhnPfAnkGPKte,100000000,1,2021-09-11T15:48:19.711Z,418.040985
1QKU4GgE4BDXTdno1GKocywLctipHYEHvN,100000000,1,2021-09-11T15:48:19.726Z,537.971985
1TtWehh3nfJzoG955LpiJJ7inr3Kdcmwz,300000000,2,2021-09-11T15:48:19.742Z,1251.393036
1TPQwhRPd7AfmVhf2ZqnW62cDYZg5196J,1351405,18,2021-09-11T15:48:19.756Z,109.68151366971814
1QLU31KchEzAsjPNruEHGdThjwwyzWtabe,200000000,1,2021-09-11T15:48:19.778Z,1311.11206
1QBcHE532LENdAuXncqbXsubyPNZbj9ZVn,50000000,1,2021-09-11T15:48:00.433Z,211.994507
1QEPLgzqBWya8J3CBJQXeJ46MvmPpDw3Uu,200000000,1,2021-09-11T15:48:00.470Z,1301.238038
1QHV3L1dfKW3KDtm7iAs79RJZiFpWkC5wT,400000000,1,2021-09-11T15:48:00.486Z,2692.424072
1QQX1AnFa4sN61yXGZmMVjx5jcQjLgNeD,50000000,1,2021-09-11T15:48:19.798Z,206.6535035
1QEhETnNBJeQbWi2HW37Xu4Nh3fMSVXn9R,300000000,2,2021-09-11T15:48:00.513Z,1830.6119370000001
1TxHcgbt1rzYaFndukWo4tgFAMyjZqNiC,100000000,1,2021-09-11T15:48:19.814Z,416.394012
1QGRqgfp4gZknfGwt3b2cGPv7TGyWW43o6,400000000,2,2021-09-11T15:48:00.542Z,2384.464112
1SRkare3YSv1HWngGgzBidAbj1tyEmNqz,1052438,28,2021-09-11T15:48:19.833Z,174.65545449096524
1TZWHe4pfuMhctmnRp9sVqvDszq73onnu,400000000,1,2021-09-11T15:48:19.858Z,2995.635988
1SqbbD3SDfHBA1ZhG2MF6xJGUyHBWAh2m,400000000,1,2021-09-11T15:48:19.875Z,1672.355956
1QLH65j7zcZePNBHs5YyD5diG4kZVTXZre,300000000,3,2021-09-11T15:48:19.889Z,1249.5099635000001
1rUofjYNnzLyPjYwarettScf5AYfCJNHS,510000000,1,2021-09-11T15:48:19.909Z,2123.6094611999997
1QL2KhS6jVGFpqbgYHErHxkP4VMik7Pw3c,50000000,1,2021-09-11T15:48:19.925Z,209.0444945
1Rv39e1WZKBFjKVNJe529RLu9VYDp1ETk,250000000,1,2021-09-11T15:48:19.972Z,1433.0400075
1S8kdZxDN6No8XA65myynEYEkJQaminP8,50000000,1,2021-09-11T15:48:19.990Z,220.694504
1QKyuxvWwvBdxQvdH4uBRBc56Z2xTwwfT5,100000000,2,2021-09-11T15:48:20.022Z,437.164001
1QDkCN6kQ2v7q18JW72tVB3zYANKfsjV1R,50000000,1,2021-09-11T15:48:00.590Z,208.4149935
1QDxvdVZtBNfs1eY18teayjnhSsj35WTjy,100000000,1,2021-09-11T15:48:00.605Z,424.230988
1rxPzJJhDGft3iuYQB63FWwYQnUcUoR7i,410000000,1,2021-09-11T15:48:20.052Z,1700.745641
1th9mPTYumfdAzCevEV1dwhG8stVnRB5n,250000000,1,2021-09-11T15:48:20.097Z,1469.5025624999998
1rSRnibdpJ781gh6YySYeCK6WAwcET1DX,7476,1,2021-09-11T15:48:20.162Z,0.030721799266199997
1R9gMbvM2FnRmG1U9HJT1dupdK32kdfyd,300000000,1,2021-09-11T15:48:20.176Z,1722.3209849999998
1Rp36CRZjkpVTk8qxL6tP1SmAbhU34iR9,100000000,1,2021-09-11T15:48:20.191Z,458.536011
1QBNtfZ5nVobhdU6kFvv6XaL7Fq46CnwRf,200000000,1,2021-09-11T15:48:00.650Z,1150.08606
1QF27y2SsfAH5ek7sniYfukExsWwcE5izT,100000000,1,2021-09-11T15:48:00.665Z,437.164001
1QitZEoJvoz9E8e8ig4HJaXXaULN5ZKvi,300000000,6,2021-09-11T15:48:00.725Z,1755.679016
1QEF4yDuRZGgRLcn4R5oyZ5PuwgwRxSiyK,9882216,2,2021-09-11T15:48:00.750Z,40.9930141107816
1Rmv2gPLLc9hHewwRWJsZu5CBZtKtgZYu,400000000,1,2021-09-11T15:48:20.271Z,1666.916016
1SqAaawugfGjdN3BVVqTUAGntDPJgeY5W,300000000,1,2021-09-11T15:48:20.341Z,1249.182036
1QGWv2M6YrUFd4VqAfr57P2y8WcwgfE22e,250000000,1,2021-09-11T15:48:00.833Z,1617.5024425000001
1QhKRzH5MWy6GoEUieVFcHxJ4vkdWGCh2,50000000,1,2021-09-11T15:48:00.845Z,211.3724975
1QE6KGjbMxcWwjAAB6TLxBTLM8pAnso7gT,50000000,1,2021-09-11T15:48:00.861Z,206.9859925
1QJAC57yTKTSHRqWbm9ED4knyPtQuyJKqT,100000000,1,2021-09-11T15:48:00.876Z,421.444
1QEc8ZduvEx9AAZGHa6JCk9fCbVpdabeBY,110000000,1,2021-09-11T15:48:00.938Z,655.9277714
1rY1nLMycCinHAF3MymPq5ajry5zhCtiY,200000000,1,2021-09-11T15:48:20.379Z,875.495972
1QCSSjwSoEyVS4fNbVCcJLy6g4NfgeLTF5,300000000,1,2021-09-11T15:48:01.024Z,1824.728943
1qbPi3yK8DMzy6S5j6CCsPPVeDQ5jTe7V,300000000,1,2021-09-11T15:48:01.046Z,1827.68097
1QGFrsmHCzw8Vf7GWgBjNXSYYQ3cqFdHLF,400000000,1,2021-09-11T15:48:01.070Z,2491.444092
1SAFJ57Y4ht6qUyvRGGDUbSVKJBZDitpn,150000000,1,2021-09-11T15:48:20.446Z,800.796021
1QHdLJbUZEznhhtGwRoMbKGGkBAD3aSYMG,50000000,1,2021-09-11T15:48:01.097Z,219.399002
1QKWnGExyTJ4yRQjs8eh9motYX4tFrSs8m,410000000,1,2021-09-11T15:48:20.460Z,1713.5745286999997
1tqEfUp3hiqRnM4jDkNWD3xvdoZv3sMVn,400000000,1,2021-09-11T15:48:20.476Z,2660.048096
1TKX9r5u21mJiHju5d1FV4AhAk5FTBLa5,300000000,1,2021-09-11T15:48:20.539Z,1827.7230840000002
1QELGLEWPQnLPTUKSrjLFzXgywGcXBKP6s,300000000,1,2021-09-11T15:48:01.237Z,1843.6320179999998
1QHiyNWikqU7PELkKeeV4xB1QX4o8ChjdU,100000000,1,2021-09-11T15:48:01.271Z,455.096985
1QHyQvUsHQjkZGyvEraVcmCrvSRYm9cyFE,50000000,2,2021-09-11T15:48:01.306Z,218.58200050000002
1QLDMxngJGyA3Db9Tn6HuF8kUrysQhddzv,510000000,1,2021-09-11T15:48:20.637Z,2115.561651
1QEky9Wbxhf81poxUYwAV1TUV567dCXwB7,100000,1,2021-09-11T15:48:01.351Z,0.639890015
1QJYzdcJ3hQVR7JSA4HexDJNVYaPsWRRC1,410000000,1,2021-09-11T15:48:20.673Z,1710.4257082
1SjGbzU6oj1mEbb4rmCC5E3dBmeWKgcJE,300000000,1,2021-09-11T15:48:20.690Z,1716.9089370000002
1TvGxNJSk7rRZf7p1bb7hHs2ZDiJLiHLG,401000000,1,2021-09-11T15:48:20.708Z,2324.40051401
1rYWA7yJyEM5FtqGLHeGrANqRGoGkmNF7,200000000,1,2021-09-11T15:48:20.741Z,1153.19397
1QLU1GEof18Zejig9o4uN4jsmyk5MAnitD,200000000,1,2021-09-11T15:48:20.756Z,1326.51001
1QGcsems8YoCKYiY7QFrcEsxsGjgtEj47Z,250000000,1,2021-09-11T15:48:01.428Z,1480.2575675
1QFcKMVXWZTR4arA5GKppg8YNzpdCSzWc7,50000000,1,2021-09-11T15:48:01.442Z,206.6535035
1qgShpCjm4GqchAjpDuGDpQEBKgrE3uT2,50000000,1,2021-09-11T15:48:01.457Z,206.6535035
1QB89eZhsn5VGi5vvX4VDfL8mA1hxvr9xV,200000000,1,2021-09-11T15:48:01.474Z,1163.29004
1QJxryHNTnTkHntkeZ6f92Svysiyh7gADR,50000000,1,2021-09-11T15:48:20.773Z,204.774002
1rdmSHhnrqfr1HSxGUDmF5WxdvDuHiwQM,200000000,1,2021-09-11T15:48:20.788Z,829.71997
1QgTuQXf1ETiV1VJC9sh5A688ri2rT5hy,50000000,1,2021-09-11T15:48:01.506Z,211.186493
1sVZfGFwC7CSFwHKKgL6L32d6Ci9iYvyK,406115002,3,2021-09-11T15:48:20.830Z,1823.5009747741196
1t88ZsdG5kQ5pviUKrgNzZv56MZ2aZfzi,410000000,1,2021-09-11T15:48:20.844Z,1739.5562533
1QBv6HvunizHA3smbpRXoqePwNsgmkHy27,2348261,27,2021-09-11T15:48:01.608Z,378.0710847152676
1QDp42WBzRYmaUubxUbS57LdtwP53RiXEi,400000000,1,2021-09-11T15:48:01.665Z,2458.176024
1QJRGFwdRYDNKrzcQtp9uMQTc7z9ajmZay,50000000,1,2021-09-11T15:48:01.686Z,218.873993
1QGcEsHC4GDEufssC99Yz36N57D2X8TLK4,400000000,1,2021-09-11T15:48:01.700Z,1696.119996
1QXcY8NvjkGbyXdLg6LptT3SHadvYA2hX,300000000,1,2021-09-11T15:48:20.904Z,1827.68097
1QBC5ezVxAuA86WeUrpdPFUMLJxx7yj26c,200000000,1,2021-09-11T15:48:01.724Z,1310.550048
1RFDv6VuF1ix2d8g5nvqnA6YiMg2wexq2,300000000,1,2021-09-11T15:48:20.956Z,1817.078979
1QJGDFbFvKGTtemMK4ZLSmGEuoZxpfeJ9G,250000000,1,2021-09-11T15:48:01.757Z,1480.2575675
1QBY2Ktgaq2waVZdWqfb3mQj7yJ5J8djuV,300000000,1,2021-09-11T15:48:01.772Z,1262.711976
1QC5aNxkXcrVhLfjrcAk8J5essN8gwtnxW,403165339,4,2021-09-11T15:48:01.787Z,1668.9915566902791
1QHtrENAHGs7iiPYPc8tEiWmA8kDjamN3K,9997425,1,2021-09-11T15:48:01.800Z,45.4046047029045
1QBGqWgFRrFLvzxx3kojQYUczuEbUne6Xd,200000000,2,2021-09-11T15:48:01.857Z,1252.6272915022
1QLXBRjqpZtEkMVkv9jKJn1f11SUZk3st6,1004303,24,2021-09-11T15:48:21.040Z,163.25893182412366
1s45vUK7NzJPVDtfqFYy9CDpmdBs4BAv2,50000000,1,2021-09-11T15:48:21.069Z,207.408005
1QKGfeFBTAbKR81MjmebvYU7xC4ncvL6Br,150000000,1,2021-09-11T15:48:21.092Z,664.0139925
1QyygbsSKxTKuHE2mq3H74Y2a8TkZdFpE,50000000,1,2021-09-11T15:48:21.130Z,210.310501
1QG6EcroBiMdFX8MatBqhRT8w3MUrMoqmz,151000000,1,2021-09-11T15:48:01.871Z,945.73712829
1QJAtV78oqDwWqa7eQ8cPPExvdXW2ceKdh,200000000,1,2021-09-11T15:48:01.911Z,1132.70996
1SeWdvCBCE2noCk53q3VaJEiBEcvwMoEe,1001366,22,2021-09-11T15:48:21.161Z,95.8578200797527
1QpmvFaiEQinEdoH6yZ1UW2JedKpjKWyy,309990000,1,2021-09-11T15:48:21.193Z,1403.4115179003
1QFkrVgYHwiWexVnS1AW2MDCARkrzmoE9i,300000000,1,2021-09-11T15:48:01.994Z,1788.8939219999997
1QCFLdQEpjZLaTyqyeZex5eC5JBAuy5d23,300000000,1,2021-09-11T15:48:02.011Z,1837.532958
1QLaciJGnTDUfLAMk2pdrwmPooTvHDmftd,100000000,1,2021-09-11T15:48:21.263Z,417.959991
1rTRuCNcox3QpZF3XECU7ehmEAkTpafgW,300000000,1,2021-09-11T15:48:21.278Z,1264.332
1sQrvnms2z9XnrVBdwxPvRgs4tLrDo2kB,400000000,1,2021-09-11T15:48:21.291Z,2666.09204
1QBZtsK6ib1bTCGHrrqeopQbcFro618y5S,400000000,1,2021-09-11T15:48:02.044Z,2427.892088
1QDupSbzNQ6oiZmPHUujBNmmxnxN3VLt9t,50000000,1,2021-09-11T15:48:02.066Z,210.392502
1QKEKF3zXRfsFivTWfhx9BmLQz18DUvTjt,300000000,1,2021-09-11T15:48:21.319Z,1251.5310060000002
1QhmimFiKnUHK63pTKekJKnSYmW4sHR2x,10000,1,2021-09-11T15:48:02.080Z,0.061398297100000006
1sawGBP6ByVsqTua8imu5fkdbcFRYSuKB,100000000,1,2021-09-11T15:48:21.348Z,424.230988
1wyX6LJ4W5hUfbsF9ov4wQ3s7sAX47nvH,50000000,1,2021-09-11T15:48:19.695Z,210.392502
1ZJbgF85LshH6jEuwEb6oxpFFX4SmgRzJ,250000000,1,2021-09-11T15:50:06.988Z,1433.0400075
1ZxhGjNP6Sgy8TA4AmTLZ1KxGKUvZyJ7E,1267093,9,2021-09-11T15:50:07.101Z,68.00084898926238
1VxNqNJ5DEHzuhWjyNxZEtSKCv1sPkp4M,200000000,1,2021-09-11T15:48:19.940Z,875.495972
1w4wjCSmU5zSKLi4xV5xhNbCfUYeB6hPN,50000000,1,2021-09-11T15:48:19.955Z,218.8484955
1zqA5UzcHhQ6S82hF5Moaum3KgtP9yAxm,400000000,1,2021-09-11T15:50:07.186Z,2432.971924
1u28JbVEPw3UWbfak9VW9ZmZYiVjac3Ak,400000000,1,2021-09-11T15:48:20.006Z,2310.011964
1ZrpyPbPUTt9RRViW1yr46wWocipzZ4Nn,400000000,1,2021-09-11T15:50:07.289Z,2544.768068
1Uc5YAardxvMtDaR453W3deQnPTEE2bGG,400000000,1,2021-09-11T15:48:20.037Z,2311.043944
1vrCMrFuuHpip885sPYbTVZJzgdVJY2Yg,400000000,1,2021-09-11T15:48:20.069Z,1638.192016
1VDJaznt4FVJhp6Ef426dApgbTUbLEjr5,400000000,1,2021-09-11T15:48:20.082Z,2311.043944
1AamM2dhA7kaze2KEEjANVZNWU9ZoqJwc8,0,0,2021-09-11T15:50:07.322Z,0.0
1wvDNpuDdyixA8GyEKPASYJ9S4AcCGK6h,500000000,1,2021-09-11T15:48:20.111Z,2119.9450699999998
1uaCmab9tkPEHPoWu2V6PbbvSm2AK65BE,300000000,1,2021-09-11T15:48:20.127Z,1829.2049550000002
1UK2QWCYg3JohjFbimxPrLoEhrphiBvJ1,50000000,1,2021-09-11T15:48:20.146Z,204.774002
1WGdBrZk8tx9omGUpALSDGDBxjiNST7oX,50000000,1,2021-09-11T15:48:20.207Z,208.565506
1vgVYqSiQpPd8Q9oFwqF6qxXEBM1rKwUh,200000000,1,2021-09-11T15:48:20.223Z,1331.369996
1XndyUocE1YjC1RCXLiLDoDBwGWTw15dP,200000000,1,2021-09-11T15:48:20.241Z,1352.592042
1WM9k6cNgdrX2BFoX36uuJ13gcwds5MPN,50000000,1,2021-09-11T15:48:20.255Z,208.505493
1uoSH48FhHBfj37fiwzfbCZcENBGtCSkv,100000000,1,2021-09-11T15:48:20.284Z,416.394012
1VacjkD4s32WopN8k9CzTZHesTfNLeBp8,400000000,1,2021-09-11T15:48:20.297Z,2135.456056
1yZkWRa7pWdVGkQYJcUhwtX9VuMcekhra,300000000,1,2021-09-11T15:50:07.492Z,1239.921021
1yq1PNgfpuKQwpkbzkeLtBSvtu7dUT5eF,300000000,1,2021-09-11T15:48:20.311Z,1923.2160629999998
1x2sYaJYpJfDLd8FBSjeaVqMCZjRewaBz,41994559,1,2021-09-11T15:48:20.327Z,190.97697240242968
1u3a4GQt3ne2VmjcKY9wuvkjQZ6VB1XFA,150000000,1,2021-09-11T15:48:20.363Z,625.0935059999999
1ZZJDU36vDwiQB4YvtJR1pym7J5AwdqZi,300000000,1,2021-09-11T15:50:07.535Z,1851.362916
1yz5VY2XUsBAsvgFjNgAsN3ZUv3jRzLv6,410000000,1,2021-09-11T15:50:07.565Z,1713.9680384999997
1uja95isAxe8vtRPkz4hNqs79A9XjocDM,410000000,1,2021-09-11T15:48:20.392Z,1707.2154491999997
1uPwFwqYBPctdgXyL4ySJa4bFqDqGHFRx,50000000,1,2021-09-11T15:48:20.409Z,210.392502
1XGBBdB9PwJbUFambTiocrCV6fZAmuKkN,50000000,1,2021-09-11T15:48:20.423Z,206.6535035
1wUNBxuxCyW4AfcvescMHGrnxZN6Qs6TZ,410000000,1,2021-09-11T15:48:20.491Z,1840.9450425999999
1UuZvMo9crLHCiB7d7QnEPZcHL638NyDL,400000000,1,2021-09-11T15:48:20.507Z,2709.323976
1vjZyWurGeewjctgC5wjNt2vSKmaVtK5h,510000000,1,2021-09-11T15:48:20.520Z,2278.2821235
1yitW4wEpRGWqSiRHTeXh7McxZ2Q4G3Si,100000000,2,2021-09-11T15:48:20.555Z,424.544006
1XPL6PJsF87mkhuLhWpgmzK5jTR1juExj,300000000,1,2021-09-11T15:48:20.574Z,1851.362916
1X66fSZUsLidBtWyseez3sjESb2949ThM,550000000,1,2021-09-11T15:48:20.588Z,3191.0010385
1wChU8sLeYjexCx5Q3Mk9PevGixYjazvm,50000000,1,2021-09-11T15:48:20.605Z,208.1609955
1uetx2bAthivqTfRri7L2hwgC8ww9qLvJ,250000000,1,2021-09-11T15:48:20.620Z,1662.53006
1VrUhJEuaMP3GPWL3ZbSXx6a3TTRwchNY,1773592,6,2021-09-11T15:48:20.653Z,44.1428614084752
1ZRWVZCC5rP2MRcemsbsGRMMmhpPhT7qe,300000000,1,2021-09-11T15:50:07.818Z,1250.489961
1ZKUhBvBg5QHYYH23wQ7oPHJ2PcNrhPSo,50000000,1,2021-09-11T15:50:07.848Z,211.8670045
1xRMJsNRBkwCLNQBn4kWjUNfCfHQ4BnEy,400000000,1,2021-09-11T15:48:20.724Z,1698.176024
1xogTBoyk44ubNiMM2edCoCeN8E4ixwcB,50000000,1,2021-09-11T15:48:20.804Z,208.505493
1uE8Uk58khVCZGvMU1ZqrHEdrLYvLGkYv,410000000,2,2021-09-11T15:48:20.817Z,1738.5229958999998
1wGjkmyEg92affbco41DwNF3SifLveBJZ,410000000,1,2021-09-11T15:48:20.856Z,1713.5745286999997
1x9dNeUqmm1Au3gxu1jpbUZPdztgG3NFg,50000000,1,2021-09-11T15:48:20.871Z,218.5820005
1XhR1zrriL5gQd5KmcxLjNmCR3nGobFPs,100000000,1,2021-09-11T15:48:20.888Z,414.81601
1x1KSaH988HjL31riKk9RybfEaJfL8ntv,50000000,1,2021-09-11T15:48:20.922Z,208.4149935
1UbZ1m8vuWodJjHkmzk7GugrFodTTAVZ5,100000000,1,2021-09-11T15:48:20.939Z,416.729004
1xtCSx53VP69VuAUXMfFhY63GFbZ9JSkj,100000000,1,2021-09-11T15:48:20.972Z,424.230988
1xFvZ3jzWeJCwm4CTz524rLHD5BAM9bSS,300000000,1,2021-09-11T15:48:20.990Z,1791.446961
1uBSS8ExymQRahfyUqAVuxF7b43Xqd1B4,510000000,1,2021-09-11T15:48:21.006Z,2296.5503286
1Y7XLJvS8XFiZPrQLH8f5D9Nb3tdenEgj,50000000,1,2021-09-11T15:48:21.024Z,203.7440035
1vFidoWeLZ2AGFmNKkFkHvaYjpYu17m2g,50000000,1,2021-09-11T15:48:21.116Z,209.0204925
1xHu9ab3CREh9cLvm4LkQDh669ySTjkAu,100000000,1,2021-09-11T15:48:21.144Z,418.040985
1W7VETgeGkNobCygqUaqm2uPLjjn6Z4gN,50000000,1,2021-09-11T15:48:21.244Z,206.8775025
1ULyABgVwuzVAh2ZjcTpZZxBL1HQ8Uxt2,500000000,1,2021-09-11T15:48:21.304Z,2887.349855
1XNuRTtubPkF2AhuvYC9sV1dW5jkGbicV,150000000,1,2021-09-11T15:48:21.332Z,658.072494
1ZceALc8ZyZJXajbhPf8MG5arkzj75jyw,150000000,2,2021-09-11T15:50:08.462Z,631.355988
